Outlet_ID,Maximum_Monthly_Liters
OUT_00001,1941.4700014761208
OUT_00002,1668.4198072724294
OUT_00003,1790.8517259599382
OUT_00004,1682.090300234845
OUT_00005,1815.7207970660115
OUT_00006,1559.2046589518077
OUT_00007,2100.2055215172672
OUT_00008,1672.9984760328575
OUT_00009,1817.0550959079228
OUT_00010,1886.504494397222
OUT_00011,1779.0414077671294
OUT_00012,1332.6850139074409
OUT_00013,948.2439187517826
OUT_00014,928.0914173773192
OUT_00015,1067.3550112633227
OUT_00016,1542.6560141017449
OUT_00017,1261.021376604317
OUT_00018,903.5763763172224
OUT_00019,1734.8324565662645
OUT_00020,1951.8583779802937
OUT_00021,1513.3839725045946
OUT_00022,1523.353372860469
OUT_00023,1578.659998074239
OUT_00024,1857.5249828000656
OUT_00025,1579.6234000170823
OUT_00026,1698.866763124994
OUT_00027,1316.898581154138
OUT_00028,2087.7697735402207
OUT_00029,977.383971423572
OUT_00030,1759.3636958659677
OUT_00031,1327.4677080880886
OUT_00032,1754.481351922753
OUT_00033,1569.6797351534765
OUT_00034,1493.8661977680802
OUT_00035,1806.537406630221
OUT_00036,1459.0224279930587
OUT_00037,1497.652795860164
OUT_00038,1906.646369055156
OUT_00039,1774.4794243054268
OUT_00040,1845.004866029393
OUT_00041,1435.60382401337
OUT_00042,1635.4366326387926
OUT_00043,906.4956364567684
OUT_00044,1527.3496031417924
OUT_00045,1803.114830033824
OUT_00046,1013.5779398648762
OUT_00047,1769.7964790574665
OUT_00048,936.1854377102468
OUT_00049,1744.9047149011196
OUT_00050,907.8008374893165
OUT_00051,1941.9881238743708
OUT_00052,1717.430266286378
OUT_00053,1786.6565960677292
OUT_00054,1824.2278290257836
OUT_00055,1895.0050920684505
OUT_00056,1674.08876505664
OUT_00057,957.5137541702846
OUT_00058,1886.1079957543327
OUT_00059,970.3410334131314
OUT_00060,1165.3651373436371
OUT_00061,967.7045681807404
OUT_00062,907.0783035277436
OUT_00063,890.8405173383308
OUT_00064,995.5496699531432
OUT_00065,874.0125000330121
OUT_00066,941.8555594467437
OUT_00067,946.0990023595148
OUT_00068,1055.1362324460276
OUT_00069,954.5871834971196
OUT_00070,997.0904092630968
OUT_00071,987.0550305307128
OUT_00072,1007.6243316099772
OUT_00073,978.8597627324356
OUT_00074,1028.254852104739
OUT_00075,889.0116314697556
OUT_00076,1006.0088598350276
OUT_00077,982.9336506965092
OUT_00078,909.7110326984838
OUT_00079,939.5535702435938
OUT_00080,849.8499353344148
OUT_00081,937.2945292796998
OUT_00082,1003.0113542549748
OUT_00083,907.0457099633462
OUT_00084,835.6658276348173
OUT_00085,960.9049375851138
OUT_00086,895.3955573494175
OUT_00087,1021.912066774439
OUT_00088,965.0973847992962
OUT_00089,852.8378107380541
OUT_00090,797.4815756683032
OUT_00091,834.666326079442
OUT_00092,975.9213579378523
OUT_00093,915.8261623318328
OUT_00094,891.4273877941157
OUT_00095,982.5656798081376
OUT_00096,976.0533997127852
OUT_00097,912.414292724515
OUT_00098,907.8696233215584
OUT_00099,919.0620582554355
OUT_00100,947.808071149896
OUT_00101,909.4936071371768
OUT_00102,926.552620341126
OUT_00103,793.5939937331364
OUT_00104,936.3038565036192
OUT_00105,993.5083611696216
OUT_00106,845.6189552320307
OUT_00107,928.019081361005
OUT_00108,951.6517628980752
OUT_00109,951.755139865072
OUT_00110,968.9191746952812
OUT_00111,931.613990314102
OUT_00112,973.1512690962418
OUT_00113,1000.5775643480072
OUT_00114,905.8820951466582
OUT_00115,957.623793965304
OUT_00116,967.4350885993184
OUT_00117,988.1129326632404
OUT_00118,919.6144395824796
OUT_00119,910.1875867693468
OUT_00120,946.7829981615788
OUT_00121,997.9719177322733
OUT_00122,909.3554612820308
OUT_00123,910.3302478624984
OUT_00124,947.5841068243968
OUT_00125,1184.6773705269795
OUT_00126,770.7156583813269
OUT_00127,976.466917721919
OUT_00128,939.2791314002473
OUT_00129,904.088426401388
OUT_00130,934.7334374942592
OUT_00131,980.1165795723824
OUT_00132,879.1745838717741
OUT_00133,792.444176759511
OUT_00134,946.2322737368178
OUT_00135,890.0703409517863
OUT_00136,862.8132307003365
OUT_00137,934.4014989414233
OUT_00138,911.8799607117488
OUT_00139,910.45634479014
OUT_00140,789.8807642830591
OUT_00141,903.8662376799438
OUT_00142,1004.1731716615726
OUT_00143,974.735323068647
OUT_00144,863.0172205048809
OUT_00145,942.5068248468972
OUT_00146,1320.3799202388486
OUT_00147,943.2258306822032
OUT_00148,874.7819224339959
OUT_00149,914.1850024984116
OUT_00150,914.0168963297244
OUT_00151,882.54497424527
OUT_00152,989.9985329033882
OUT_00153,915.4289598707684
OUT_00154,888.6918506793045
OUT_00155,990.5922270372556
OUT_00156,929.9982179056448
OUT_00157,994.3187946524492
OUT_00158,981.9173122669451
OUT_00159,835.4668469698962
OUT_00160,982.1976081220764
OUT_00161,870.4369552496173
OUT_00162,887.1165304317353
OUT_00163,854.9351034115355
OUT_00164,957.1893008967076
OUT_00165,1074.5543601609777
OUT_00166,876.5787768506143
OUT_00167,976.5855138991128
OUT_00168,979.3796858391436
OUT_00169,964.2815637094942
OUT_00170,869.0080779581597
OUT_00171,964.5896510359138
OUT_00172,862.9454019502001
OUT_00173,852.5852755828599
OUT_00174,934.4168100605608
OUT_00175,949.4022838636332
OUT_00176,942.2110243850296
OUT_00177,892.9866893251545
OUT_00178,1267.7153169762564
OUT_00179,999.791276011995
OUT_00180,939.3639572883834
OUT_00181,1329.7044210404542
OUT_00182,958.7088362084872
OUT_00183,920.029062211916
OUT_00184,964.3550442047392
OUT_00185,897.8099963783634
OUT_00186,918.9176327930938
OUT_00187,955.2224665549412
OUT_00188,937.6531254464288
OUT_00189,949.6381229070493
OUT_00190,961.205929154744
OUT_00191,917.8120275301208
OUT_00192,915.9071347159232
OUT_00193,906.4505085087524
OUT_00194,950.1080915144968
OUT_00195,954.3363201451068
OUT_00196,969.1515635197864
OUT_00197,816.3525038994284
OUT_00198,941.5949108556346
OUT_00199,883.5466107963427
OUT_00200,845.3069869520724
OUT_00201,696.3861030863238
OUT_00202,894.3548123850096
OUT_00203,921.3135308403956
OUT_00204,904.895453639042
OUT_00205,945.0498735823116
OUT_00206,844.8943616068909
OUT_00207,964.8434225153784
OUT_00208,959.2017493188094
OUT_00209,999.21746900703
OUT_00210,903.94425372514
OUT_00211,939.903982624922
OUT_00212,936.7386468438552
OUT_00213,981.5344821959716
OUT_00214,896.4191616194023
OUT_00215,973.5739705154464
OUT_00216,956.5855572914955
OUT_00217,1004.8979228956032
OUT_00218,810.7842190837221
OUT_00219,922.1611407641273
OUT_00220,851.9775845687849
OUT_00221,945.2697589584602
OUT_00222,989.2326824979132
OUT_00223,936.912516133856
OUT_00224,871.9027508596707
OUT_00225,962.7463590748476
OUT_00226,815.5761944018861
OUT_00227,966.9000415647072
OUT_00228,884.9322526890868
OUT_00229,868.7827566527765
OUT_00230,838.1835212832951
OUT_00231,927.5347864916796
OUT_00232,907.6354366842244
OUT_00233,891.7689417563232
OUT_00234,930.5586486356184
OUT_00235,904.0970442307618
OUT_00236,853.8268979070157
OUT_00237,893.9593259863664
OUT_00238,916.471431055505
OUT_00239,912.7395822674482
OUT_00240,702.8682982500701
OUT_00241,1003.8005848770176
OUT_00242,949.4071972430992
OUT_00243,989.8814106370266
OUT_00244,824.8008608894211
OUT_00245,872.8113636850287
OUT_00246,919.494107784787
OUT_00247,1307.6080862098888
OUT_00248,846.0985509742738
OUT_00249,906.763045290932
OUT_00250,919.2417016048724
OUT_00251,877.226548431818
OUT_00252,889.9084316725896
OUT_00253,895.7833991011563
OUT_00254,854.9830403629549
OUT_00255,922.416323597392
OUT_00256,841.1514216065626
OUT_00257,935.359777043687
OUT_00258,947.0688291159036
OUT_00259,943.8593517718624
OUT_00260,895.5433300101038
OUT_00261,953.3400138747068
OUT_00262,944.7558319344134
OUT_00263,961.618630399639
OUT_00264,899.8145904167643
OUT_00265,983.1328084949034
OUT_00266,951.0235194794078
OUT_00267,958.0245805248376
OUT_00268,943.3623615936356
OUT_00269,899.3878847720655
OUT_00270,895.6942493076265
OUT_00271,839.898054787657
OUT_00272,911.6909801936184
OUT_00273,981.2281653730812
OUT_00274,898.0862589182165
OUT_00275,989.3416515360964
OUT_00276,826.0386257161747
OUT_00277,894.1168472982878
OUT_00278,995.6111735044808
OUT_00279,858.0483903655385
OUT_00280,794.2354201999102
OUT_00281,848.0343118826833
OUT_00282,947.492743668683
OUT_00283,882.0437670922544
OUT_00284,875.6545377590193
OUT_00285,933.4370022268772
OUT_00286,921.460592729419
OUT_00287,921.4957803982312
OUT_00288,946.841857649036
OUT_00289,886.5308114584625
OUT_00290,923.9599205994404
OUT_00291,984.6417453602016
OUT_00292,924.4340002577848
OUT_00293,908.8552875814814
OUT_00294,901.0189535658712
OUT_00295,871.1160254695716
OUT_00296,1008.0707369224648
OUT_00297,923.8914341492188
OUT_00298,899.1593654384876
OUT_00299,952.9924491998764
OUT_00300,1007.4920696606698
OUT_00301,965.4840490844864
OUT_00302,865.8718072279715
OUT_00303,1125.5429924667417
OUT_00304,847.0542666368219
OUT_00305,830.3074445333293
OUT_00306,951.7226370536996
OUT_00307,832.4489804276079
OUT_00308,885.5470363506037
OUT_00309,969.921704490125
OUT_00310,944.8666417787896
OUT_00311,958.6191025792428
OUT_00312,989.474083768096
OUT_00313,1018.36631834444
OUT_00314,854.8153994814999
OUT_00315,916.0417191100248
OUT_00316,908.0475534283108
OUT_00317,999.5115714233264
OUT_00318,976.8242797258376
OUT_00319,900.2612861943543
OUT_00320,889.3024758444594
OUT_00321,963.0650715682748
OUT_00322,1075.540894829848
OUT_00323,927.8767140401164
OUT_00324,853.7717497992899
OUT_00325,955.6559115335484
OUT_00326,1003.2350715560924
OUT_00327,898.4030166714944
OUT_00328,915.7346564702568
OUT_00329,940.8230890190904
OUT_00330,949.4548431468132
OUT_00331,937.9326567108104
OUT_00332,835.1181176016313
OUT_00333,956.8843728393324
OUT_00334,979.8386115346136
OUT_00335,924.6335538451856
OUT_00336,920.8561340370884
OUT_00337,928.2547658067796
OUT_00338,970.077616811542
OUT_00339,975.738214088478
OUT_00340,994.1735507054216
OUT_00341,918.8944922366728
OUT_00342,853.2312513421817
OUT_00343,958.853647049882
OUT_00344,915.5926576500988
OUT_00345,985.2090233031672
OUT_00346,991.2422338830308
OUT_00347,944.8634520726026
OUT_00348,877.4551292055858
OUT_00349,969.0174747750592
OUT_00350,968.3292189821034
OUT_00351,965.289185416106
OUT_00352,852.5695094190767
OUT_00353,1027.155410593283
OUT_00354,947.7351214876315
OUT_00355,918.5112068832668
OUT_00356,889.8648765491466
OUT_00357,884.501308373583
OUT_00358,892.10221094468
OUT_00359,941.4171420375384
OUT_00360,915.1425036791206
OUT_00361,956.6570308217938
OUT_00362,929.494301743678
OUT_00363,953.14337703897
OUT_00364,911.6080087336352
OUT_00365,886.0469344561252
OUT_00366,860.9450763851961
OUT_00367,952.0239203430835
OUT_00368,916.5202482169902
OUT_00369,964.1003512636938
OUT_00370,928.0513873380788
OUT_00371,924.0040891418442
OUT_00372,1014.9945472967388
OUT_00373,958.647090162059
OUT_00374,918.4784879381234
OUT_00375,897.6039650215813
OUT_00376,1020.4595276147104
OUT_00377,975.6504547896842
OUT_00378,986.1388204039108
OUT_00379,926.4499683632376
OUT_00380,979.878317114936
OUT_00381,971.1137716965468
OUT_00382,896.2513207419917
OUT_00383,869.1598468348441
OUT_00384,942.8371814174463
OUT_00385,980.8926070202056
OUT_00386,939.7426674097296
OUT_00387,1001.079323212676
OUT_00388,966.096015845916
OUT_00389,925.8397657660606
OUT_00390,938.1021166780992
OUT_00391,884.2886178804162
OUT_00392,948.17122536757
OUT_00393,986.4371255792294
OUT_00394,940.8670997545888
OUT_00395,958.1723295338206
OUT_00396,946.8239945130312
OUT_00397,935.3068987086468
OUT_00398,997.4593310969598
OUT_00399,898.3152530890723
OUT_00400,959.7976013920246
OUT_00401,157.00808689925455
OUT_00402,885.7359118551437
OUT_00403,359.26036657309885
OUT_00404,432.24297809547886
OUT_00405,464.87753621508216
OUT_00406,329.77476132341525
OUT_00407,278.64821103777575
OUT_00408,103.86912879922544
OUT_00409,380.81793506718026
OUT_00410,313.60301277437725
OUT_00411,106.1772051356695
OUT_00412,98.7059548900788
OUT_00413,997.5857298986248
OUT_00414,276.9218205402989
OUT_00415,145.59223811433304
OUT_00416,360.76184352636346
OUT_00417,799.1042109111361
OUT_00418,299.3679072272764
OUT_00419,112.90852766714829
OUT_00420,76.36870642607553
OUT_00421,323.32520503492924
OUT_00422,327.11191476231886
OUT_00423,821.5923800545015
OUT_00424,803.1082755743347
OUT_00425,151.17216331888864
OUT_00426,410.1327413157817
OUT_00427,316.170592549405
OUT_00428,1185.6110008455912
OUT_00429,293.311792212062
OUT_00430,415.4629744488468
OUT_00431,126.54550551909958
OUT_00432,1104.4931787709318
OUT_00433,388.9854255238631
OUT_00434,1121.7589590338291
OUT_00435,345.3286179384696
OUT_00436,210.57440604220187
OUT_00437,262.7272296199879
OUT_00438,320.5009282516758
OUT_00439,391.54766233559394
OUT_00440,165.86775351905402
OUT_00441,420.1014124129249
OUT_00442,136.51213243043154
OUT_00443,398.18379545072423
OUT_00444,316.59889771067714
OUT_00445,898.74108308395
OUT_00446,128.55513179193545
OUT_00447,275.7994533924512
OUT_00448,138.97925034120237
OUT_00449,1094.0567494377183
OUT_00450,956.337722017032
OUT_00451,115.25355675900111
OUT_00452,347.71297819047624
OUT_00453,296.4731981949557
OUT_00454,426.5947843997104
OUT_00455,1117.5101760929476
OUT_00456,401.6032440237558
OUT_00457,961.4427104299716
OUT_00458,113.1078918894865
OUT_00459,330.147821301297
OUT_00460,311.1053441290068
OUT_00461,143.86228889398953
OUT_00462,135.4671336035663
OUT_00463,890.5066130947623
OUT_00464,144.22727610665822
OUT_00465,397.3037416592673
OUT_00466,865.8792219393018
OUT_00467,192.71120898008493
OUT_00468,830.3231584080845
OUT_00469,348.2374107818817
OUT_00470,239.58269298393077
OUT_00471,303.39990307581866
OUT_00472,290.815260555849
OUT_00473,178.58792002948286
OUT_00474,74.66580423938636
OUT_00475,178.648411270257
OUT_00476,327.26040800519047
OUT_00477,142.3309929153726
OUT_00478,311.74960083367245
OUT_00479,123.1472535601075
OUT_00480,129.79418007425855
OUT_00481,152.33853433948406
OUT_00482,381.34893190139553
OUT_00483,267.0023972317391
OUT_00484,106.04090767548807
OUT_00485,318.88924639195835
OUT_00486,362.58223505658646
OUT_00487,102.24217544586406
OUT_00488,126.6238996296834
OUT_00489,440.5420965535568
OUT_00490,157.47519895384966
OUT_00491,136.0193845075483
OUT_00492,891.1819450891569
OUT_00493,344.2471592598537
OUT_00494,137.19054439578906
OUT_00495,195.91217756449282
OUT_00496,152.8919626197954
OUT_00497,262.0187480044688
OUT_00498,330.70733765741466
OUT_00499,364.4960237071368
OUT_00500,255.32254984088965
OUT_00501,300.95423320484184
OUT_00502,240.6526498390241
OUT_00503,884.0762407821031
OUT_00504,239.50609383672648
OUT_00505,234.6633275390929
OUT_00506,1089.7410851825339
OUT_00507,1086.9019261304488
OUT_00508,314.02545809346486
OUT_00509,341.5263004348469
OUT_00510,305.03610294902745
OUT_00511,393.95867566442405
OUT_00512,103.42324130309056
OUT_00513,105.8801379031104
OUT_00514,245.3778389811995
OUT_00515,855.9085197403422
OUT_00516,255.81513016816658
OUT_00517,336.25925971056574
OUT_00518,235.6789786665813
OUT_00519,381.4142433812525
OUT_00520,216.28918322530956
OUT_00521,335.74333631386105
OUT_00522,134.08958210251356
OUT_00523,95.76034935127268
OUT_00524,183.81867382457924
OUT_00525,860.0581549391283
OUT_00526,378.52671637856633
OUT_00527,396.26105604081977
OUT_00528,299.9437328036361
OUT_00529,407.8985019872896
OUT_00530,972.0775091577268
OUT_00531,250.18801132419074
OUT_00532,391.52219530234174
OUT_00533,160.3225144060881
OUT_00534,982.160443882779
OUT_00535,70.94438113430323
OUT_00536,105.8145451848326
OUT_00537,92.56217707985982
OUT_00538,162.5853570223573
OUT_00539,968.0972845099192
OUT_00540,198.61006525261087
OUT_00541,353.3066621386638
OUT_00542,339.41572423181253
OUT_00543,320.0841241122439
OUT_00544,201.8879050471666
OUT_00545,333.34691511176027
OUT_00546,318.68498198183556
OUT_00547,313.31896141065374
OUT_00548,97.02634648936154
OUT_00549,275.3080941073555
OUT_00550,273.1544981226118
OUT_00551,952.7129272570136
OUT_00552,89.05099403852851
OUT_00553,232.20679528159573
OUT_00554,102.76455650177144
OUT_00555,127.90945720730934
OUT_00556,298.68339407125274
OUT_00557,75.9451057934079
OUT_00558,342.5810560375522
OUT_00559,121.77261349987224
OUT_00560,418.3965940379312
OUT_00561,451.97573285503404
OUT_00562,236.72034543405147
OUT_00563,181.15173399023274
OUT_00564,119.91385861340954
OUT_00565,336.9375817347175
OUT_00566,249.73147618681287
OUT_00567,910.2580249291682
OUT_00568,1239.1926171827242
OUT_00569,350.724951103572
OUT_00570,924.9255848248056
OUT_00571,140.42348473774365
OUT_00572,194.90590795270506
OUT_00573,839.0015604234019
OUT_00574,414.7611988818114
OUT_00575,108.7013331153497
OUT_00576,346.07652706326724
OUT_00577,977.4089813648288
OUT_00578,125.16453946999002
OUT_00579,1124.538096261058
OUT_00580,935.3160115121424
OUT_00581,946.0010937014852
OUT_00582,368.7848023468182
OUT_00583,196.93202467749413
OUT_00584,377.3233865636953
OUT_00585,333.02075791950455
OUT_00586,291.3021260659217
OUT_00587,213.4358816556309
OUT_00588,394.535326640781
OUT_00589,979.6207099121784
OUT_00590,341.9941490162721
OUT_00591,921.627325827055
OUT_00592,124.67348583496586
OUT_00593,117.7918976370401
OUT_00594,304.584355409056
OUT_00595,265.5506275543356
OUT_00596,127.03689226946926
OUT_00597,120.21561126500244
OUT_00598,94.84552606324095
OUT_00599,224.54485719192377
OUT_00600,981.1301038741811
OUT_00601,413.5386040419686
OUT_00602,354.490599620093
OUT_00603,937.4071379399649
OUT_00604,380.2783376352753
OUT_00605,134.66776204640965
OUT_00606,891.2935581754497
OUT_00607,839.1372756492217
OUT_00608,427.9613442159823
OUT_00609,290.4127134528518
OUT_00610,848.3155361580789
OUT_00611,393.30094534387433
OUT_00612,143.328998897828
OUT_00613,288.71732505573294
OUT_00614,962.5509236404832
OUT_00615,89.01087588193184
OUT_00616,338.3858035228815
OUT_00617,295.1397933707899
OUT_00618,440.83226907896335
OUT_00619,1155.3505060571597
OUT_00620,412.0498499403368
OUT_00621,465.09849954494484
OUT_00622,312.1547147616982
OUT_00623,115.87974317518643
OUT_00624,402.63418542346017
OUT_00625,288.5274361316357
OUT_00626,882.7345284086323
OUT_00627,204.47732973342235
OUT_00628,130.92853465004023
OUT_00629,412.92297817502174
OUT_00630,442.7478319164393
OUT_00631,140.96458958413717
OUT_00632,120.20294484034808
OUT_00633,1179.9759609236098
OUT_00634,333.75470123909605
OUT_00635,299.1057321070147
OUT_00636,257.36120711100097
OUT_00637,318.3885201103761
OUT_00638,387.88060908294585
OUT_00639,949.5227156208556
OUT_00640,317.801064959026
OUT_00641,233.47567217436662
OUT_00642,298.96270418811355
OUT_00643,335.2691648056207
OUT_00644,345.9304167926596
OUT_00645,355.45418359932614
OUT_00646,129.30080962170837
OUT_00647,125.5509481356502
OUT_00648,386.0389683922485
OUT_00649,967.2043280959144
OUT_00650,284.33233924093616
OUT_00651,89.69711623615193
OUT_00652,443.4544787221074
OUT_00653,215.08955625377274
OUT_00654,128.94348333683695
OUT_00655,105.37651716720494
OUT_00656,410.80474892745417
OUT_00657,106.47230904565352
OUT_00658,379.8448235244779
OUT_00659,140.88768968833182
OUT_00660,853.1767302457301
OUT_00661,252.8794125279789
OUT_00662,424.3168156154006
OUT_00663,350.76512909484137
OUT_00664,98.22000749739942
OUT_00665,128.1334107243351
OUT_00666,870.2848318533473
OUT_00667,283.37471173198986
OUT_00668,559.9173616511857
OUT_00669,381.886414297079
OUT_00670,343.67935089554226
OUT_00671,428.64141482645664
OUT_00672,167.81047751015433
OUT_00673,321.04285894343036
OUT_00674,798.3029580170089
OUT_00675,277.5287548991338
OUT_00676,237.29048019182784
OUT_00677,330.9621782993864
OUT_00678,114.53046481610616
OUT_00679,151.23889412081508
OUT_00680,226.24525558739458
OUT_00681,105.23682027576208
OUT_00682,232.74834335951914
OUT_00683,365.2330692394488
OUT_00684,1192.9752943437873
OUT_00685,82.71766458458958
OUT_00686,961.6301937532862
OUT_00687,898.8264491006433
OUT_00688,381.0574911771795
OUT_00689,1191.178781304627
OUT_00690,237.98348052739246
OUT_00691,1103.6475329770951
OUT_00692,190.68854642414095
OUT_00693,341.6246785567944
OUT_00694,967.1529988915923
OUT_00695,191.50860614275422
OUT_00696,103.35879292766246
OUT_00697,390.4829962268483
OUT_00698,904.8424662122322
OUT_00699,946.1470230086396
OUT_00700,136.2619119505052
OUT_00701,211.59467586448108
OUT_00702,103.38671270169387
OUT_00703,260.3582166391844
OUT_00704,437.38359557395825
OUT_00705,124.54184967371587
OUT_00706,324.6127224164952
OUT_00707,111.1254620277337
OUT_00708,86.58917466837661
OUT_00709,254.54221860784082
OUT_00710,245.08649055082844
OUT_00711,375.3168614970292
OUT_00712,910.7140013237428
OUT_00713,123.8390383020472
OUT_00714,155.2761198699829
OUT_00715,335.7327165120483
OUT_00716,107.41474735932482
OUT_00717,880.5370830355992
OUT_00718,329.01198121480365
OUT_00719,151.4668472386549
OUT_00720,961.7127922976264
OUT_00721,119.82865993705447
OUT_00722,267.2464954892139
OUT_00723,292.03551784211265
OUT_00724,146.85568809195163
OUT_00725,82.38314540051971
OUT_00726,985.3677325509474
OUT_00727,440.23958141863795
OUT_00728,837.7504002110302
OUT_00729,328.1558768336711
OUT_00730,229.3881508116478
OUT_00731,966.5908672992636
OUT_00732,310.9473781254927
OUT_00733,325.5471668284032
OUT_00734,861.9761577245242
OUT_00735,232.81770780280556
OUT_00736,896.8180502682548
OUT_00737,919.9582415208838
OUT_00738,103.89478395338386
OUT_00739,374.8721302578349
OUT_00740,287.1945231396608
OUT_00741,258.5662549898153
OUT_00742,1098.7454341121968
OUT_00743,321.91235051375025
OUT_00744,208.3177097419568
OUT_00745,305.9657185839493
OUT_00746,804.1548824277345
OUT_00747,305.21117916162893
OUT_00748,400.03587138579815
OUT_00749,297.8772033932254
OUT_00750,334.69126288955124
OUT_00751,489.9804952588165
OUT_00752,118.70516915629415
OUT_00753,945.4105004152856
OUT_00754,169.52767654190666
OUT_00755,914.0575224186808
OUT_00756,200.22919130838267
OUT_00757,274.2154936788937
OUT_00758,162.71854670842436
OUT_00759,220.65365195681082
OUT_00760,97.21671940341258
OUT_00761,343.2698886839837
OUT_00762,303.4243105695758
OUT_00763,126.78119801252784
OUT_00764,362.02030459766456
OUT_00765,91.96502212949702
OUT_00766,366.7356340195521
OUT_00767,328.421299354288
OUT_00768,260.880407619704
OUT_00769,363.3338945480648
OUT_00770,131.12741657668627
OUT_00771,321.07397884889656
OUT_00772,328.3259186232876
OUT_00773,862.4512307482927
OUT_00774,126.39937426762887
OUT_00775,358.367315207678
OUT_00776,112.32717478479456
OUT_00777,147.3998793510022
OUT_00778,1108.6083413609938
OUT_00779,230.8534143438967
OUT_00780,103.89885511072696
OUT_00781,145.4769555651525
OUT_00782,101.52436234131788
OUT_00783,102.58722406389948
OUT_00784,126.52453218529656
OUT_00785,333.4243593473289
OUT_00786,128.12920631714402
OUT_00787,294.7917608036958
OUT_00788,273.58322182207905
OUT_00789,901.409064826162
OUT_00790,117.16892925364283
OUT_00791,1152.15157509742
OUT_00792,942.9025706804032
OUT_00793,201.3243490665156
OUT_00794,95.93327651056212
OUT_00795,950.6805239024528
OUT_00796,134.36510498952498
OUT_00797,293.1589835228147
OUT_00798,265.3273473094145
OUT_00799,870.7580593225136
OUT_00800,949.0189491971364
OUT_00801,190.22179404553185
OUT_00802,113.49014156404047
OUT_00803,408.3108223072228
OUT_00804,110.17234849041903
OUT_00805,106.6259871174733
OUT_00806,94.6514843907298
OUT_00807,259.3056496371979
OUT_00808,256.0846799195685
OUT_00809,336.23033318593065
OUT_00810,154.83676455921517
OUT_00811,182.0021291772914
OUT_00812,103.16543682948124
OUT_00813,116.21088310752334
OUT_00814,123.37380745404172
OUT_00815,1157.77312777136
OUT_00816,183.36114428243644
OUT_00817,142.99549445902682
OUT_00818,152.28919086587615
OUT_00819,131.1088558895861
OUT_00820,156.19513663743507
OUT_00821,153.1353977211471
OUT_00822,215.2405823078793
OUT_00823,915.7710489222763
OUT_00824,146.0771302403735
OUT_00825,307.3114205238491
OUT_00826,298.07454269912574
OUT_00827,127.17083381286672
OUT_00828,278.9151719809028
OUT_00829,109.08461125897789
OUT_00830,154.16898016011984
OUT_00831,419.30736328355147
OUT_00832,111.27262185780764
OUT_00833,317.1197444919645
OUT_00834,330.1323314731372
OUT_00835,427.0078662095268
OUT_00836,306.64444162802727
OUT_00837,932.8038162241996
OUT_00838,350.8773041675579
OUT_00839,484.5078925005281
OUT_00840,1091.479158100744
OUT_00841,168.84812918377224
OUT_00842,274.11327267471256
OUT_00843,397.8401598969408
OUT_00844,129.79966680818362
OUT_00845,378.99864387107755
OUT_00846,208.54901299241288
OUT_00847,204.56078220830605
OUT_00848,338.50729316878784
OUT_00849,303.3724960354433
OUT_00850,245.82315343199213
OUT_00851,381.3340179249068
OUT_00852,329.9463976810455
OUT_00853,1179.2153644758105
OUT_00854,341.1964165164044
OUT_00855,359.96159722595394
OUT_00856,1062.2127368708652
OUT_00857,953.6925777147252
OUT_00858,158.4811226160878
OUT_00859,128.14596877432675
OUT_00860,123.47450705564572
OUT_00861,111.46193992244967
OUT_00862,102.59315583943744
OUT_00863,153.74324999026246
OUT_00864,86.0829692818722
OUT_00865,407.7849009378276
OUT_00866,382.82874321506506
OUT_00867,341.71030380019556
OUT_00868,155.80379557988994
OUT_00869,129.79251062025986
OUT_00870,340.0367556132444
OUT_00871,969.4123882476596
OUT_00872,181.39666726893046
OUT_00873,971.6677814077628
OUT_00874,418.1445062976202
OUT_00875,302.9894057478655
OUT_00876,287.06655654801955
OUT_00877,885.5535721067632
OUT_00878,284.9243918628049
OUT_00879,259.5349852492085
OUT_00880,89.1368785593083
OUT_00881,919.9195118471132
OUT_00882,372.0018229557787
OUT_00883,252.08085786363702
OUT_00884,328.7586907777094
OUT_00885,359.99289803734894
OUT_00886,1206.624026611453
OUT_00887,196.84743471645356
OUT_00888,107.79160304817306
OUT_00889,390.23291012923823
OUT_00890,329.674809856407
OUT_00891,368.6749114594886
OUT_00892,164.70468819284682
OUT_00893,186.03590721131033
OUT_00894,235.1743903735043
OUT_00895,228.58059585273327
OUT_00896,202.76916074892696
OUT_00897,355.7481273231356
OUT_00898,154.55055437968178
OUT_00899,147.0822923616506
OUT_00900,235.83506463529554
OUT_00901,130.69876149418624
OUT_00902,102.5533374948549
OUT_00903,949.5368750671678
OUT_00904,128.81683519930067
OUT_00905,195.96990303458597
OUT_00906,965.289552708637
OUT_00907,112.18328323317202
OUT_00908,289.45621252994397
OUT_00909,114.29035763521122
OUT_00910,185.35619034314664
OUT_00911,126.37694138765414
OUT_00912,749.9931978670008
OUT_00913,294.6232408815324
OUT_00914,408.5339772368907
OUT_00915,90.94639365065092
OUT_00916,288.70527448355784
OUT_00917,223.8763399244431
OUT_00918,980.150719588564
OUT_00919,148.55222354471354
OUT_00920,322.11087710742345
OUT_00921,342.6005806707096
OUT_00922,116.4752012944419
OUT_00923,936.3577607629652
OUT_00924,341.2292145956162
OUT_00925,134.10842988383763
OUT_00926,207.22632877521312
OUT_00927,371.05986801776373
OUT_00928,303.8060804531808
OUT_00929,405.56119179321547
OUT_00930,342.4024740367118
OUT_00931,183.65092222600668
OUT_00932,429.6896273827123
OUT_00933,988.408546837213
OUT_00934,913.4146034541972
OUT_00935,320.0541831084535
OUT_00936,127.55201431985694
OUT_00937,833.8323022966197
OUT_00938,304.17698337956995
OUT_00939,271.0846971146526
OUT_00940,256.5996900102746
OUT_00941,250.3312580151216
OUT_00942,267.97433711014526
OUT_00943,927.9141471896662
OUT_00944,118.19576020752538
OUT_00945,363.26527168191535
OUT_00946,138.99589201268736
OUT_00947,137.21736418043253
OUT_00948,179.4990897681453
OUT_00949,90.7069657151014
OUT_00950,422.2125301528557
OUT_00951,269.9667356889343
OUT_00952,831.3207255183515
OUT_00953,111.59834029312296
OUT_00954,928.838704378647
OUT_00955,309.1661496551851
OUT_00956,312.22328607515243
OUT_00957,367.5742822158443
OUT_00958,121.47277996223583
OUT_00959,306.1661419655288
OUT_00960,905.6161834603032
OUT_00961,99.350249773988
OUT_00962,348.3891798746579
OUT_00963,382.5878745329536
OUT_00964,234.8256268836277
OUT_00965,1251.3528311575312
OUT_00966,109.76694418592928
OUT_00967,143.35151945161735
OUT_00968,116.5747888769046
OUT_00969,297.16870832812106
OUT_00970,111.5928036586528
OUT_00971,115.25260623318219
OUT_00972,347.5622357346712
OUT_00973,915.0479167690788
OUT_00974,266.5070695196722
OUT_00975,158.5824736529994
OUT_00976,285.25475671041784
OUT_00977,276.57815449496815
OUT_00978,121.64312751508268
OUT_00979,391.88502681623277
OUT_00980,123.40946970486594
OUT_00981,341.12410615404633
OUT_00982,237.81083998467793
OUT_00983,97.31731875836871
OUT_00984,128.10774359978623
OUT_00985,390.0514976730036
OUT_00986,888.007075689213
OUT_00987,128.72851163567853
OUT_00988,262.71368003684086
OUT_00989,391.7015467290364
OUT_00990,878.5064645450344
OUT_00991,173.9707378862902
OUT_00992,255.1202064240356
OUT_00993,178.63755202416718
OUT_00994,911.6420346953414
OUT_00995,960.162281239824
OUT_00996,1234.0806388878484
OUT_00997,316.97577113120644
OUT_00998,467.07504605929
OUT_00999,448.3798783622875
OUT_01000,163.79391594872516
OUT_01001,114.34167583031233
OUT_01002,130.12430466321288
OUT_01003,139.2130433550429
OUT_01004,103.75797773879576
OUT_01005,250.59520097147947
OUT_01006,1156.557094109045
OUT_01007,125.61697732586596
OUT_01008,299.3136937468331
OUT_01009,228.77465225751536
OUT_01010,251.03632461705968
OUT_01011,348.9507452422181
OUT_01012,340.76549737934914
OUT_01013,237.4656202444862
OUT_01014,322.1536594840245
OUT_01015,340.2985484681479
OUT_01016,369.9001795256769
OUT_01017,141.22172238726526
OUT_01018,968.6946579636508
OUT_01019,121.19313924172818
OUT_01020,353.2341341395577
OUT_01021,197.00479027578012
OUT_01022,408.7614101359345
OUT_01023,834.4428502551368
OUT_01024,307.0154733509977
OUT_01025,457.2926852309329
OUT_01026,219.9562219820513
OUT_01027,328.76738096810806
OUT_01028,166.57092041269044
OUT_01029,148.67459060474698
OUT_01030,98.57298853382582
OUT_01031,175.76159801189402
OUT_01032,1239.297477905814
OUT_01033,132.17415435509878
OUT_01034,242.86412985327405
OUT_01035,273.61737660798934
OUT_01036,852.7325980734164
OUT_01037,394.5356407162893
OUT_01038,352.3230922141591
OUT_01039,321.61211336336874
OUT_01040,337.6044342594344
OUT_01041,291.38707587672025
OUT_01042,126.1322792705184
OUT_01043,372.40587889786923
OUT_01044,1275.617701851299
OUT_01045,362.28507129681265
OUT_01046,251.01736592326787
OUT_01047,95.3622781093296
OUT_01048,151.1704178282534
OUT_01049,371.3578445975876
OUT_01050,130.46526155537873
OUT_01051,331.099939961361
OUT_01052,96.97913460473144
OUT_01053,213.2990763425353
OUT_01054,374.21761026755394
OUT_01055,96.15123426010636
OUT_01056,342.9059635576951
OUT_01057,113.67866344419113
OUT_01058,288.48252683483065
OUT_01059,386.3616686912392
OUT_01060,450.12370836570426
OUT_01061,1086.9112092185812
OUT_01062,247.6120817169677
OUT_01063,88.44379953408193
OUT_01064,116.52905992426564
OUT_01065,212.81606673559259
OUT_01066,99.32238357056312
OUT_01067,176.402464815364
OUT_01068,278.8472151971014
OUT_01069,255.7691581058607
OUT_01070,133.53200920611317
OUT_01071,605.6606439769316
OUT_01072,291.75890464388976
OUT_01073,949.5491470450391
OUT_01074,307.4956041439592
OUT_01075,343.787282383681
OUT_01076,316.64813562066223
OUT_01077,100.26749042151877
OUT_01078,332.5635554961797
OUT_01079,931.6932833860142
OUT_01080,419.81638588955934
OUT_01081,175.36502694215432
OUT_01082,306.6281208075478
OUT_01083,100.8454605782694
OUT_01084,92.6976758519271
OUT_01085,916.350426744024
OUT_01086,283.85286849122616
OUT_01087,132.6692804125387
OUT_01088,109.04014484138747
OUT_01089,154.91201535763176
OUT_01090,951.1665819155322
OUT_01091,106.52516379793141
OUT_01092,117.3458911951901
OUT_01093,260.67848447884217
OUT_01094,171.65603366265265
OUT_01095,301.85100157640335
OUT_01096,429.01089460303945
OUT_01097,328.0999103396412
OUT_01098,230.1707945744892
OUT_01099,957.5091855779146
OUT_01100,1212.8307209315735
OUT_01101,195.74511192562971
OUT_01102,350.46038686947395
OUT_01103,215.8534700924697
OUT_01104,113.44893347662016
OUT_01105,920.2211780043182
OUT_01106,372.6461803385695
OUT_01107,932.5906069150236
OUT_01108,1103.5436567168224
OUT_01109,381.6066707004685
OUT_01110,381.24206494261966
OUT_01111,320.2914968209953
OUT_01112,162.54833288566482
OUT_01113,136.32000113811372
OUT_01114,247.62480903033028
OUT_01115,305.12468289026236
OUT_01116,360.5241187633065
OUT_01117,175.4637772615489
OUT_01118,95.59940992938442
OUT_01119,492.42410221975376
OUT_01120,113.69697826686654
OUT_01121,404.63072656370696
OUT_01122,210.9382037219408
OUT_01123,263.9075639925534
OUT_01124,1180.0665968616977
OUT_01125,614.2325903954232
OUT_01126,122.95031251786916
OUT_01127,283.88334377897286
OUT_01128,108.02402681991175
OUT_01129,355.2004548153935
OUT_01130,828.3938168638963
OUT_01131,469.40829385975576
OUT_01132,120.76898484482736
OUT_01133,931.6050038906212
OUT_01134,913.8296218023266
OUT_01135,858.9197920562564
OUT_01136,274.79591437458737
OUT_01137,302.67074353155135
OUT_01138,350.38249879135003
OUT_01139,107.76171428567368
OUT_01140,80.8656572441184
OUT_01141,134.21697216235307
OUT_01142,287.6951819278748
OUT_01143,72.39348050342272
OUT_01144,119.26805649649124
OUT_01145,311.052243162424
OUT_01146,1182.1278792279772
OUT_01147,198.30552670109796
OUT_01148,299.97941782364387
OUT_01149,304.4197665917778
OUT_01150,82.42248303643558
OUT_01151,118.7687976151328
OUT_01152,1093.8224702576679
OUT_01153,973.4385502213264
OUT_01154,118.00460076241308
OUT_01155,160.37692044036154
OUT_01156,255.7712456830097
OUT_01157,328.59591222451684
OUT_01158,173.26524308141725
OUT_01159,76.89327398580022
OUT_01160,76.69207380687303
OUT_01161,104.5139059437005
OUT_01162,119.63994665423718
OUT_01163,121.31086416316177
OUT_01164,964.5478994020458
OUT_01165,114.4809734058643
OUT_01166,296.7203201132796
OUT_01167,238.38078641913359
OUT_01168,143.1166331497845
OUT_01169,142.4127941633675
OUT_01170,99.49881456727503
OUT_01171,102.79414092858362
OUT_01172,181.84668613509444
OUT_01173,303.20669295211513
OUT_01174,166.12582054176514
OUT_01175,890.0499041812748
OUT_01176,367.74993222863554
OUT_01177,242.7714939636645
OUT_01178,924.1344351021992
OUT_01179,230.0542695661108
OUT_01180,277.9481799186426
OUT_01181,114.72491645037852
OUT_01182,447.81690474348545
OUT_01183,525.1141984732564
OUT_01184,260.27345403356196
OUT_01185,115.7358120473767
OUT_01186,149.02596337242846
OUT_01187,144.660924526529
OUT_01188,222.70760442060316
OUT_01189,145.69393016321794
OUT_01190,255.72039506974065
OUT_01191,316.5273206869819
OUT_01192,102.63575957697036
OUT_01193,129.12171957361744
OUT_01194,121.11737763642746
OUT_01195,341.4791508582362
OUT_01196,245.63389946524688
OUT_01197,924.8220293864828
OUT_01198,244.92766669791348
OUT_01199,417.6365592524096
OUT_01200,89.06390493939611
OUT_01201,182.15047190488568
OUT_01202,130.66186375839024
OUT_01203,908.3664652347186
OUT_01204,292.33572017255847
OUT_01205,126.0317281386838
OUT_01206,112.53929130641352
OUT_01207,1174.1314037830782
OUT_01208,142.8015145617402
OUT_01209,127.78980962775482
OUT_01210,354.6586376568449
OUT_01211,321.7743874408003
OUT_01212,1208.5575066171004
OUT_01213,143.47968960751166
OUT_01214,879.8716125150078
OUT_01215,956.9047152555432
OUT_01216,110.72585716299922
OUT_01217,987.355948987784
OUT_01218,357.88956871218437
OUT_01219,300.4548489421154
OUT_01220,402.0129216399232
OUT_01221,1189.4926973943975
OUT_01222,143.3113977501644
OUT_01223,323.6719192844313
OUT_01224,278.3385118570967
OUT_01225,426.81260278546563
OUT_01226,272.6550599498082
OUT_01227,103.13395583528764
OUT_01228,398.7909795708947
OUT_01229,120.05289738850252
OUT_01230,339.64280156265124
OUT_01231,169.1585615384618
OUT_01232,124.49699441593664
OUT_01233,457.86929230441785
OUT_01234,317.4055407155
OUT_01235,216.12687527864875
OUT_01236,992.4790085580642
OUT_01237,104.3114041071998
OUT_01238,363.09097580019
OUT_01239,1008.0046814572852
OUT_01240,186.76621959655063
OUT_01241,1296.215602312085
OUT_01242,365.8322117284081
OUT_01243,158.52993187949832
OUT_01244,284.68850315925374
OUT_01245,103.69543861994848
OUT_01246,949.3287003944856
OUT_01247,125.06340967030884
OUT_01248,155.80957107694945
OUT_01249,125.02389561421228
OUT_01250,303.3444089635715
OUT_01251,144.39694553020252
OUT_01252,188.12798238265134
OUT_01253,787.0002803060659
OUT_01254,270.8846888915202
OUT_01255,103.69926457784628
OUT_01256,182.9135496562908
OUT_01257,266.79550537984244
OUT_01258,331.80569352898874
OUT_01259,96.13264337485127
OUT_01260,370.713809327808
OUT_01261,103.1155090920324
OUT_01262,932.93345981662
OUT_01263,915.164948683034
OUT_01264,118.4940441086626
OUT_01265,244.27063149848962
OUT_01266,438.1921873745383
OUT_01267,875.2856010586098
OUT_01268,258.90785176015913
OUT_01269,107.22165995953704
OUT_01270,950.924374721756
OUT_01271,102.50068079313304
OUT_01272,393.18793921091617
OUT_01273,1008.0440752377168
OUT_01274,445.2203213872234
OUT_01275,149.01500838470926
OUT_01276,286.2489651355079
OUT_01277,126.10920505330051
OUT_01278,304.5480716718124
OUT_01279,278.08159680065233
OUT_01280,133.45871739704194
OUT_01281,311.8961789664601
OUT_01282,101.42719775491061
OUT_01283,137.62603319251366
OUT_01284,410.2799453523909
OUT_01285,123.41490899532826
OUT_01286,124.53230413653594
OUT_01287,861.4903130344338
OUT_01288,851.2816083429126
OUT_01289,102.8959873306085
OUT_01290,396.0648063034969
OUT_01291,934.7195938362167
OUT_01292,974.9892056453986
OUT_01293,309.89224950967747
OUT_01294,142.47506707437128
OUT_01295,456.4855349690837
OUT_01296,152.01029236363172
OUT_01297,374.58859711193656
OUT_01298,309.1039140201822
OUT_01299,1240.1489770254436
OUT_01300,321.37695425427
OUT_01301,216.35030329005843
OUT_01302,174.35399205821585
OUT_01303,131.0878714993873
OUT_01304,889.4978894082712
OUT_01305,337.49151441527124
OUT_01306,384.34870834864023
OUT_01307,398.33296175054454
OUT_01308,80.5399139382858
OUT_01309,379.4154158851709
OUT_01310,100.46148835899216
OUT_01311,364.26095792413935
OUT_01312,342.85596269592173
OUT_01313,329.78731376695714
OUT_01314,319.17455238445046
OUT_01315,86.01170645128504
OUT_01316,1226.3981630840017
OUT_01317,201.06737627868193
OUT_01318,201.88281826130566
OUT_01319,90.1678781442187
OUT_01320,104.00286629299325
OUT_01321,106.36415184228576
OUT_01322,97.6748571037778
OUT_01323,354.7543342903058
OUT_01324,135.39169889003193
OUT_01325,218.79491190185996
OUT_01326,177.96814012713335
OUT_01327,154.35423091358516
OUT_01328,102.8993021139166
OUT_01329,119.68617330386968
OUT_01330,85.42792194083293
OUT_01331,961.8344006268784
OUT_01332,350.18650633721546
OUT_01333,344.231875974933
OUT_01334,279.69066936634107
OUT_01335,85.89974074832355
OUT_01336,111.65383638505607
OUT_01337,353.6600756497986
OUT_01338,933.38212369028
OUT_01339,110.47895291594848
OUT_01340,127.81606666949816
OUT_01341,354.47064586430906
OUT_01342,344.7869437968182
OUT_01343,101.02866983459516
OUT_01344,273.82510258292
OUT_01345,101.74138349110694
OUT_01346,338.3375676844224
OUT_01347,291.6081901086659
OUT_01348,380.49179361535926
OUT_01349,257.0655601764356
OUT_01350,256.0277941672764
OUT_01351,125.56830347406571
OUT_01352,955.6766602101312
OUT_01353,130.223575070231
OUT_01354,225.79300752700465
OUT_01355,868.7671695492822
OUT_01356,337.118593467416
OUT_01357,150.32019455663908
OUT_01358,277.376246465672
OUT_01359,211.18995820426022
OUT_01360,310.6640451854938
OUT_01361,147.72373322760944
OUT_01362,1183.3153688083282
OUT_01363,203.9071156534855
OUT_01364,293.2575862371476
OUT_01365,133.64094737706455
OUT_01366,431.8574067710033
OUT_01367,335.9712598288825
OUT_01368,279.7944996247329
OUT_01369,922.083364981988
OUT_01370,200.6575952740068
OUT_01371,224.33405213271914
OUT_01372,226.87432174373708
OUT_01373,388.44117197862806
OUT_01374,379.38920095773665
OUT_01375,905.2478877163702
OUT_01376,1196.048275924146
OUT_01377,254.38100714257885
OUT_01378,349.3147997541505
OUT_01379,164.54929999359103
OUT_01380,307.22438116059806
OUT_01381,113.5237839091834
OUT_01382,932.5436897218042
OUT_01383,362.98082716837996
OUT_01384,284.61705442790515
OUT_01385,361.11843545598936
OUT_01386,300.81926196953754
OUT_01387,105.0057892546228
OUT_01388,425.09191074408034
OUT_01389,983.64126875236
OUT_01390,407.12841900346405
OUT_01391,990.3639870652772
OUT_01392,536.3917581645948
OUT_01393,113.52854958435024
OUT_01394,135.56756009366563
OUT_01395,277.3921398794702
OUT_01396,908.282659393731
OUT_01397,120.73713496625128
OUT_01398,171.69907635845402
OUT_01399,251.0178365386059
OUT_01400,988.2722002469568
OUT_01401,273.95958510735943
OUT_01402,134.6705964490175
OUT_01403,324.6299750125961
OUT_01404,273.103852910613
OUT_01405,202.0851058550012
OUT_01406,361.5188933853932
OUT_01407,211.77129856757682
OUT_01408,325.8188935359569
OUT_01409,948.8337056502
OUT_01410,920.4049442374647
OUT_01411,916.4312260728948
OUT_01412,349.98927280440705
OUT_01413,307.4247207337149
OUT_01414,165.93668639584718
OUT_01415,90.70940878582331
OUT_01416,145.08171375970892
OUT_01417,290.25133175583323
OUT_01418,267.23139175860604
OUT_01419,303.4716527869177
OUT_01420,902.1588110980068
OUT_01421,93.5199944940259
OUT_01422,253.7686485822627
OUT_01423,282.72076797873666
OUT_01424,122.3186757822567
OUT_01425,270.9613162148373
OUT_01426,265.0565448734259
OUT_01427,217.9810685778504
OUT_01428,257.9793577628525
OUT_01429,95.68202877121978
OUT_01430,176.4187971034931
OUT_01431,248.47506397141203
OUT_01432,105.05246179922752
OUT_01433,148.76865445827076
OUT_01434,312.15215117970274
OUT_01435,412.45355941812295
OUT_01436,321.8449699713394
OUT_01437,960.7787262275532
OUT_01438,178.39372892034726
OUT_01439,315.85479220821554
OUT_01440,1119.0445116313522
OUT_01441,293.4219832201968
OUT_01442,318.39377402421366
OUT_01443,377.32013171703625
OUT_01444,311.55442895745387
OUT_01445,422.13622867363244
OUT_01446,111.79381820333636
OUT_01447,857.5003691372611
OUT_01448,308.1106447372276
OUT_01449,398.6414077262907
OUT_01450,102.51902596446612
OUT_01451,346.93493169317134
OUT_01452,188.35377847329798
OUT_01453,925.444889721826
OUT_01454,248.5637934259511
OUT_01455,126.16994313194849
OUT_01456,119.55953291933302
OUT_01457,232.9567017404715
OUT_01458,318.5895233336617
OUT_01459,115.63574598082552
OUT_01460,340.8469808061969
OUT_01461,747.3720868331459
OUT_01462,273.4777126802717
OUT_01463,47.71440947474327
OUT_01464,107.49472194282744
OUT_01465,418.081702375893
OUT_01466,374.3977935505858
OUT_01467,151.4673993953695
OUT_01468,89.8601487046242
OUT_01469,168.20748598789461
OUT_01470,363.78278965279844
OUT_01471,1220.6649719910804
OUT_01472,1206.491710205861
OUT_01473,994.52734905212
OUT_01474,154.60363366125648
OUT_01475,100.11517111634713
OUT_01476,272.129005475466
OUT_01477,254.98552554337792
OUT_01478,234.52245302162117
OUT_01479,132.77917539060053
OUT_01480,99.515226751688
OUT_01481,841.991751197588
OUT_01482,113.00462275601583
OUT_01483,271.41475115786966
OUT_01484,115.3485481190738
OUT_01485,893.8170205754133
OUT_01486,134.9640774969351
OUT_01487,151.7115176481182
OUT_01488,346.92240706201346
OUT_01489,126.2729650632172
OUT_01490,340.09920383458143
OUT_01491,300.65471424878376
OUT_01492,124.91811858838452
OUT_01493,264.52509840728646
OUT_01494,115.003493500098
OUT_01495,238.91813526853775
OUT_01496,121.67287141527412
OUT_01497,284.1539990461342
OUT_01498,272.0270568683797
OUT_01499,337.0932893559907
OUT_01500,941.9821575792948
OUT_01501,260.44208713251606
OUT_01502,353.83649921272576
OUT_01503,954.790900025724
OUT_01504,310.67846897839024
OUT_01505,1113.1732544777274
OUT_01506,886.1591227022471
OUT_01507,956.2472794713927
OUT_01508,98.01080122586932
OUT_01509,128.91668780574807
OUT_01510,424.0269011418976
OUT_01511,96.140677285109
OUT_01512,98.6253079299544
OUT_01513,127.48269754862085
OUT_01514,1227.348448432885
OUT_01515,83.66016282596038
OUT_01516,424.37712291488833
OUT_01517,111.52843148162466
OUT_01518,299.8370115100142
OUT_01519,304.3835617318431
OUT_01520,950.9245775799602
OUT_01521,432.52498415320474
OUT_01522,262.7135942552063
OUT_01523,309.568860907058
OUT_01524,298.9268859041875
OUT_01525,371.3627071541075
OUT_01526,297.9223710697526
OUT_01527,965.765656147007
OUT_01528,1200.2892538682345
OUT_01529,134.55940756072258
OUT_01530,432.27112090788205
OUT_01531,94.92788390849222
OUT_01532,892.1500537783804
OUT_01533,123.76658984144444
OUT_01534,118.5990227408729
OUT_01535,78.22394554528607
OUT_01536,120.1100808005198
OUT_01537,131.2388390915025
OUT_01538,148.29964007746784
OUT_01539,121.20487432894068
OUT_01540,1018.270441234645
OUT_01541,440.20636552490214
OUT_01542,369.83349111885184
OUT_01543,234.33161056602472
OUT_01544,146.13763449527954
OUT_01545,463.9231056690975
OUT_01546,332.7573851487607
OUT_01547,340.80613213839223
OUT_01548,99.870390115344
OUT_01549,422.30936386079907
OUT_01550,320.6196615188196
OUT_01551,290.0170073893271
OUT_01552,458.72094608186717
OUT_01553,378.5344720137017
OUT_01554,1112.069272162322
OUT_01555,148.35405741944697
OUT_01556,333.14580233652447
OUT_01557,1227.6083963226486
OUT_01558,423.07243763286976
OUT_01559,996.1096628111536
OUT_01560,931.6676248931026
OUT_01561,372.47237802454595
OUT_01562,171.34119233628402
OUT_01563,314.22261969351734
OUT_01564,141.6290532911215
OUT_01565,235.87080313726847
OUT_01566,133.1620287825584
OUT_01567,1232.3322555598377
OUT_01568,104.6164735629404
OUT_01569,139.24909815858337
OUT_01570,890.8792715862936
OUT_01571,126.01344227345048
OUT_01572,389.2781890632032
OUT_01573,122.39744691372265
OUT_01574,115.47474269625204
OUT_01575,114.52264259323
OUT_01576,102.4652524690506
OUT_01577,330.9326929568215
OUT_01578,241.78537563344807
OUT_01579,103.89112189095523
OUT_01580,251.14382581811947
OUT_01581,234.9464159024763
OUT_01582,892.1554070115309
OUT_01583,319.7488974648196
OUT_01584,104.1604662168989
OUT_01585,117.4034747931681
OUT_01586,132.42065458513474
OUT_01587,160.77317012422614
OUT_01588,300.87434497088924
OUT_01589,332.2103187035924
OUT_01590,104.48983824998666
OUT_01591,381.58312656649673
OUT_01592,108.5365979824721
OUT_01593,884.007780161345
OUT_01594,349.8866203811098
OUT_01595,1110.9749712571383
OUT_01596,304.7848634439456
OUT_01597,168.74874482645478
OUT_01598,409.14373793142784
OUT_01599,111.89139995333916
OUT_01600,132.1816962023009
OUT_01601,163.76744774103344
OUT_01602,412.4705725540847
OUT_01603,121.42564316981591
OUT_01604,252.97799279486773
OUT_01605,924.7941167135472
OUT_01606,210.87372510672637
OUT_01607,126.37774239303876
OUT_01608,278.6997006503142
OUT_01609,234.2757658427148
OUT_01610,252.19517972093527
OUT_01611,91.58363965916854
OUT_01612,379.04777430464105
OUT_01613,129.20099073690886
OUT_01614,82.46569902156413
OUT_01615,89.6924906476816
OUT_01616,203.15453629619574
OUT_01617,181.54439744079514
OUT_01618,129.88441911811
OUT_01619,381.0704067642676
OUT_01620,422.957555580844
OUT_01621,965.597098228757
OUT_01622,131.5369274794123
OUT_01623,93.17347040745292
OUT_01624,1103.5304236105835
OUT_01625,117.98680671583853
OUT_01626,340.02875115626955
OUT_01627,172.46399463876207
OUT_01628,113.63714839467062
OUT_01629,852.2877189227044
OUT_01630,172.45789926213035
OUT_01631,224.31443333877343
OUT_01632,106.24497892363534
OUT_01633,237.40132600119819
OUT_01634,928.843661807736
OUT_01635,278.40972048876256
OUT_01636,315.90922631719195
OUT_01637,297.6769028776689
OUT_01638,289.08227741
OUT_01639,1388.206301070045
OUT_01640,1286.1287284152088
OUT_01641,1218.5869980846453
OUT_01642,114.7002104651085
OUT_01643,190.9670110206859
OUT_01644,104.21379349258548
OUT_01645,279.5485922355233
OUT_01646,121.69430458208846
OUT_01647,113.26292887342984
OUT_01648,348.8015558021169
OUT_01649,170.60560748802084
OUT_01650,1102.062939078621
OUT_01651,175.62619791086024
OUT_01652,253.2006005417155
OUT_01653,296.05346725941826
OUT_01654,841.3221058610943
OUT_01655,87.08152658375535
OUT_01656,941.5215025092444
OUT_01657,122.66435610599233
OUT_01658,358.8429679592623
OUT_01659,307.65576737819936
OUT_01660,367.6685967670538
OUT_01661,316.97714143714273
OUT_01662,406.1463768219123
OUT_01663,108.70549836316076
OUT_01664,307.6197126984773
OUT_01665,1094.842392457822
OUT_01666,805.1894000446473
OUT_01667,254.9715091746004
OUT_01668,126.18655932728544
OUT_01669,100.31100322760331
OUT_01670,208.29333313880295
OUT_01671,302.0266161158904
OUT_01672,206.8058060729848
OUT_01673,113.19816236673536
OUT_01674,84.51026468429862
OUT_01675,265.38745541593835
OUT_01676,386.7853760524348
OUT_01677,76.13155012351575
OUT_01678,135.12793347547245
OUT_01679,813.3020323452866
OUT_01680,262.08910220964515
OUT_01681,102.62328209787492
OUT_01682,161.586339621716
OUT_01683,134.32418464691108
OUT_01684,228.77147344156728
OUT_01685,112.96307224121334
OUT_01686,275.3570453659973
OUT_01687,267.7488003559521
OUT_01688,321.4502015351538
OUT_01689,144.2305446621094
OUT_01690,262.39177916440894
OUT_01691,1182.5825529846747
OUT_01692,451.4963891503545
OUT_01693,365.81496334466704
OUT_01694,924.6510465809424
OUT_01695,391.1204953677469
OUT_01696,92.97676379223324
OUT_01697,515.8455441121883
OUT_01698,213.8132251357858
OUT_01699,369.6314702501811
OUT_01700,98.82940841292164
OUT_01701,288.7531507663897
OUT_01702,120.43942282866384
OUT_01703,160.32151780247938
OUT_01704,300.8283170491096
OUT_01705,924.9307664298334
OUT_01706,114.35360989839944
OUT_01707,130.02857230494115
OUT_01708,421.30360788524445
OUT_01709,352.36811063049703
OUT_01710,429.1999635286512
OUT_01711,139.79399748295708
OUT_01712,1162.779869309788
OUT_01713,96.91247268244896
OUT_01714,115.03017122428318
OUT_01715,404.89896536901176
OUT_01716,1080.0690880923592
OUT_01717,246.21980908000302
OUT_01718,285.3380938235373
OUT_01719,143.115189382667
OUT_01720,126.70576295150326
OUT_01721,277.5352548805878
OUT_01722,308.6165774785667
OUT_01723,268.48288198400957
OUT_01724,113.1204628121536
OUT_01725,1262.999228596537
OUT_01726,173.65887650931884
OUT_01727,105.9460699493178
OUT_01728,93.96110319571936
OUT_01729,151.59745033555424
OUT_01730,324.7739653689265
OUT_01731,434.29762277305383
OUT_01732,354.4126667653483
OUT_01733,113.95751855870742
OUT_01734,292.6460037301928
OUT_01735,693.2223275880351
OUT_01736,1130.769565559237
OUT_01737,915.0661399283326
OUT_01738,414.5189229268376
OUT_01739,303.92277145804667
OUT_01740,957.9619064972452
OUT_01741,277.44862582198635
OUT_01742,406.89417692154984
OUT_01743,99.23192155385772
OUT_01744,120.46016400136875
OUT_01745,263.05392411935406
OUT_01746,449.7901315431336
OUT_01747,239.87005450849716
OUT_01748,129.53608353540162
OUT_01749,929.590998388032
OUT_01750,105.82014630894136
OUT_01751,142.43371289170997
OUT_01752,106.02590233041512
OUT_01753,225.29519527330464
OUT_01754,413.9805580209296
OUT_01755,442.04422122561414
OUT_01756,322.734071063763
OUT_01757,955.6932816621368
OUT_01758,941.8530381763592
OUT_01759,148.45227625916567
OUT_01760,1153.9789602390251
OUT_01761,329.37024501493636
OUT_01762,104.18997369574367
OUT_01763,283.3132711319521
OUT_01764,260.705992580513
OUT_01765,322.32161175899677
OUT_01766,869.2044089452825
OUT_01767,913.597996921446
OUT_01768,311.7002540765822
OUT_01769,121.63489720187962
OUT_01770,357.99880897864915
OUT_01771,361.552595090774
OUT_01772,307.4486293995208
OUT_01773,109.5033849646944
OUT_01774,356.8503093275129
OUT_01775,905.0483978476498
OUT_01776,273.26755078687563
OUT_01777,153.59627492134436
OUT_01778,440.43146201927937
OUT_01779,112.99703383132257
OUT_01780,325.61961109244635
OUT_01781,306.4775498766094
OUT_01782,1211.2619177284134
OUT_01783,344.264462832186
OUT_01784,321.13091817427505
OUT_01785,1076.7440759563394
OUT_01786,135.1434024329031
OUT_01787,612.9386375326271
OUT_01788,338.84412021849516
OUT_01789,109.44993379054482
OUT_01790,133.29828909010502
OUT_01791,94.39662311055352
OUT_01792,373.5437440797873
OUT_01793,328.51360263284164
OUT_01794,322.4017851740148
OUT_01795,298.88453261311
OUT_01796,144.95393014530367
OUT_01797,266.6991816190987
OUT_01798,243.9544745293114
OUT_01799,295.8860337350553
OUT_01800,230.7731981089536
OUT_01801,902.4324365560154
OUT_01802,963.9147975304506
OUT_01803,933.2480851163544
OUT_01804,420.86472158404285
OUT_01805,294.3074330581088
OUT_01806,1024.4324378688805
OUT_01807,329.2008874526938
OUT_01808,268.0756938632899
OUT_01809,342.56377622167116
OUT_01810,210.47013706173118
OUT_01811,161.80765247486437
OUT_01812,143.613487873293
OUT_01813,359.38622929770474
OUT_01814,330.9464130776772
OUT_01815,99.13738637719965
OUT_01816,330.9864036141405
OUT_01817,155.82248989408424
OUT_01818,262.91068015496796
OUT_01819,137.71845895623687
OUT_01820,451.1498105773445
OUT_01821,1184.7379865613489
OUT_01822,163.67583427341566
OUT_01823,129.48780556126724
OUT_01824,217.2650590739546
OUT_01825,961.9161699497644
OUT_01826,1000.2975841346408
OUT_01827,971.5041212091857
OUT_01828,344.98804700310905
OUT_01829,120.57024218648593
OUT_01830,154.47752978983684
OUT_01831,187.7343183522681
OUT_01832,138.82744473597086
OUT_01833,114.12210380778504
OUT_01834,1014.3568159468928
OUT_01835,929.439903785903
OUT_01836,169.24048979870113
OUT_01837,112.05017229078948
OUT_01838,365.4128170270036
OUT_01839,398.06511772794886
OUT_01840,133.69976137685296
OUT_01841,1144.368146324149
OUT_01842,247.16329084932943
OUT_01843,206.139302973774
OUT_01844,905.0348702170336
OUT_01845,389.9609464181474
OUT_01846,352.7199351659332
OUT_01847,971.8997569264336
OUT_01848,309.71949074546194
OUT_01849,123.98674151258588
OUT_01850,255.77828539358427
OUT_01851,921.8620171607804
OUT_01852,866.2762774141469
OUT_01853,345.3919211703764
OUT_01854,942.8563952072336
OUT_01855,146.86869247460373
OUT_01856,307.9950460431572
OUT_01857,100.8501981328643
OUT_01858,441.1354013228279
OUT_01859,352.97029657582937
OUT_01860,376.68606796574534
OUT_01861,280.5650151379592
OUT_01862,264.18106158146577
OUT_01863,346.45082393153245
OUT_01864,272.3195349037471
OUT_01865,251.87483742475752
OUT_01866,118.7204511773
OUT_01867,119.10668130433297
OUT_01868,258.3275117684178
OUT_01869,1198.7606447865096
OUT_01870,354.10469779393065
OUT_01871,268.7101175445888
OUT_01872,265.6884683542092
OUT_01873,336.5543305586916
OUT_01874,147.0986193322188
OUT_01875,289.0552544459325
OUT_01876,433.1532704154155
OUT_01877,989.7673307611008
OUT_01878,974.1437165828722
OUT_01879,1170.7783631057505
OUT_01880,238.13254229797164
OUT_01881,98.60650654845767
OUT_01882,152.03750761637272
OUT_01883,95.99961323093903
OUT_01884,115.42201216953934
OUT_01885,467.0891004284683
OUT_01886,98.1809605642428
OUT_01887,964.4994436089768
OUT_01888,132.0551191217005
OUT_01889,225.37057047112336
OUT_01890,148.1269448192051
OUT_01891,950.2689225542088
OUT_01892,262.62105275407043
OUT_01893,126.12669700271968
OUT_01894,402.4814374332567
OUT_01895,215.98303213169388
OUT_01896,329.7581519422654
OUT_01897,974.3537194412642
OUT_01898,372.0817045849593
OUT_01899,933.5776260705768
OUT_01900,146.06659375602524
OUT_01901,1099.7147102452677
OUT_01902,319.2413691275856
OUT_01903,1164.2703225963642
OUT_01904,155.62897035503872
OUT_01905,102.03083629491708
OUT_01906,1088.5179852417516
OUT_01907,981.8275213141262
OUT_01908,849.175085928017
OUT_01909,343.13877725053203
OUT_01910,124.72637121099028
OUT_01911,310.05134625672827
OUT_01912,154.2668191031221
OUT_01913,396.6810357681413
OUT_01914,408.46960133701634
OUT_01915,108.90399803194862
OUT_01916,521.0998537985311
OUT_01917,362.0475172652153
OUT_01918,113.43356186787432
OUT_01919,394.83616493737134
OUT_01920,281.19521978933676
OUT_01921,109.4956460385515
OUT_01922,127.26939006271223
OUT_01923,138.31481485700218
OUT_01924,134.55229812482622
OUT_01925,925.889061045492
OUT_01926,921.620818602352
OUT_01927,332.949899894104
OUT_01928,941.7074876961516
OUT_01929,326.7316930262572
OUT_01930,126.5666967169738
OUT_01931,90.53265317080847
OUT_01932,244.76595940743255
OUT_01933,65.84850321386236
OUT_01934,486.04996798887225
OUT_01935,85.99489879110128
OUT_01936,120.06474788744588
OUT_01937,1112.0574445710874
OUT_01938,463.0727744739304
OUT_01939,355.4059942035311
OUT_01940,318.80839165496775
OUT_01941,372.79763036946224
OUT_01942,88.02857697426735
OUT_01943,95.00316079964104
OUT_01944,1111.9062549084085
OUT_01945,258.62707822175093
OUT_01946,326.52897522887474
OUT_01947,99.97270724180552
OUT_01948,325.8504342027296
OUT_01949,99.46282616460722
OUT_01950,118.61713558196044
OUT_01951,878.13286365904
OUT_01952,353.382933405171
OUT_01953,965.3697211390564
OUT_01954,471.2506889549418
OUT_01955,945.926269614913
OUT_01956,100.2753581989214
OUT_01957,103.6581316494828
OUT_01958,289.6646801088333
OUT_01959,148.1495311792613
OUT_01960,114.74071826721588
OUT_01961,723.9119424568142
OUT_01962,269.12782086099
OUT_01963,940.6040565189098
OUT_01964,122.21925957221954
OUT_01965,299.768109748035
OUT_01966,271.1160067433309
OUT_01967,877.5238730903119
OUT_01968,212.4920912988018
OUT_01969,100.270336343811
OUT_01970,1215.061179327307
OUT_01971,359.0804935207255
OUT_01972,164.86245390756562
OUT_01973,394.18751045130045
OUT_01974,135.91454691855628
OUT_01975,287.4313302391663
OUT_01976,226.8114685201533
OUT_01977,205.00758344883184
OUT_01978,221.28045141456863
OUT_01979,440.8875394395816
OUT_01980,310.30917128287206
OUT_01981,291.39635457034325
OUT_01982,1026.195195950267
OUT_01983,425.50175597197926
OUT_01984,902.0947604934264
OUT_01985,993.5532292404934
OUT_01986,167.8819196078401
OUT_01987,100.55440577875916
OUT_01988,255.5839548262989
OUT_01989,226.1893137735564
OUT_01990,292.37609937978493
OUT_01991,993.469701035932
OUT_01992,367.30205345536774
OUT_01993,188.36153647429992
OUT_01994,273.5192757603421
OUT_01995,222.16686434371033
OUT_01996,898.8644895972678
OUT_01997,846.4811982418424
OUT_01998,207.75209915235132
OUT_01999,1004.9990434095484
OUT_02000,331.17649382314335
OUT_02001,119.13210584051248
OUT_02002,534.596150098103
OUT_02003,274.53553964686137
OUT_02004,94.00082273749383
OUT_02005,216.5649794753093
OUT_02006,416.58313947950353
OUT_02007,239.49173736066533
OUT_02008,271.68626840024126
OUT_02009,313.67687940214125
OUT_02010,214.01680964190783
OUT_02011,140.86404374491943
OUT_02012,435.29290331365974
OUT_02013,263.9357189507989
OUT_02014,849.2389539296357
OUT_02015,104.90019864579637
OUT_02016,1516.7270194277737
OUT_02017,942.175195054463
OUT_02018,279.9504689072283
OUT_02019,433.21336042229666
OUT_02020,256.9022182103637
OUT_02021,349.80059061260613
OUT_02022,1232.5745627604265
OUT_02023,334.50665216408913
OUT_02024,218.90048771741317
OUT_02025,1204.5743452542536
OUT_02026,394.3742304133092
OUT_02027,315.0242038263883
OUT_02028,387.59346902354355
OUT_02029,343.35189922786174
OUT_02030,330.53661865087645
OUT_02031,134.06804526944302
OUT_02032,356.9885009191163
OUT_02033,161.24948020620025
OUT_02034,1134.5930136760476
OUT_02035,81.12458851671917
OUT_02036,103.50647512302707
OUT_02037,112.59510010863583
OUT_02038,469.6584350168937
OUT_02039,161.35198441241016
OUT_02040,199.67243162633892
OUT_02041,146.96712793143462
OUT_02042,120.38164973004181
OUT_02043,273.3000423789325
OUT_02044,869.6331427469822
OUT_02045,319.0736911985574
OUT_02046,351.96868729769346
OUT_02047,1492.719074266945
OUT_02048,195.9196774895457
OUT_02049,157.58476621283546
OUT_02050,149.58864115753514
OUT_02051,353.765696392016
OUT_02052,244.82108849885873
OUT_02053,141.30455546357177
OUT_02054,819.0050708699871
OUT_02055,429.69889959990826
OUT_02056,1204.1106341309255
OUT_02057,324.4263606561417
OUT_02058,898.7601655960275
OUT_02059,258.3591367073486
OUT_02060,326.9034871934783
OUT_02061,84.62675338503612
OUT_02062,138.9099968518211
OUT_02063,106.1072338778524
OUT_02064,292.6568816466159
OUT_02065,95.82654247117914
OUT_02066,974.972941088727
OUT_02067,87.39179151477387
OUT_02068,938.9536322475514
OUT_02069,283.4744644754536
OUT_02070,77.3330248006049
OUT_02071,144.7944006294254
OUT_02072,965.5184237769772
OUT_02073,1106.9814520738985
OUT_02074,151.74727706940945
OUT_02075,119.0323285158468
OUT_02076,85.80626330136721
OUT_02077,90.61064771029687
OUT_02078,1164.192878971406
OUT_02079,338.17227504949284
OUT_02080,100.78491161670637
OUT_02081,95.192567473987
OUT_02082,176.52516814937448
OUT_02083,1096.7667265723162
OUT_02084,348.3382791350744
OUT_02085,884.1558649526783
OUT_02086,277.58485158880575
OUT_02087,311.75024235503025
OUT_02088,916.6931797384495
OUT_02089,270.30727783521
OUT_02090,251.65244562662826
OUT_02091,133.54841237162333
OUT_02092,327.541427215441
OUT_02093,81.43193631070594
OUT_02094,884.6856123465184
OUT_02095,266.7310771611524
OUT_02096,1192.9491488470574
OUT_02097,960.3818649055864
OUT_02098,329.2261193069195
OUT_02099,333.4577492331774
OUT_02100,153.45379591078293
OUT_02101,439.9410490259909
OUT_02102,492.1183098916173
OUT_02103,386.6099041670856
OUT_02104,361.73234556067405
OUT_02105,100.20197564099229
OUT_02106,126.42796134575634
OUT_02107,256.001932572741
OUT_02108,119.23167419325682
OUT_02109,157.87670042927405
OUT_02110,111.19714161794488
OUT_02111,163.64396004120528
OUT_02112,233.05364401185386
OUT_02113,327.5560157382478
OUT_02114,390.5119637282734
OUT_02115,130.12768484387806
OUT_02116,112.34474842254942
OUT_02117,254.9616264191811
OUT_02118,390.2432792445916
OUT_02119,232.0407262340713
OUT_02120,176.63862967623288
OUT_02121,913.4180218808784
OUT_02122,97.94696717829983
OUT_02123,400.12266778746323
OUT_02124,357.6800125766942
OUT_02125,347.65697992055055
OUT_02126,367.0329746360462
OUT_02127,252.83201389855677
OUT_02128,858.7431538646816
OUT_02129,140.155533981352
OUT_02130,106.14460439289628
OUT_02131,726.480004703122
OUT_02132,358.6649585880571
OUT_02133,923.5757571257756
OUT_02134,339.73540850308734
OUT_02135,324.3580192279985
OUT_02136,899.1896400408039
OUT_02137,394.85520741894084
OUT_02138,1014.2368601031874
OUT_02139,762.3775967831219
OUT_02140,290.7354262334886
OUT_02141,256.2214074653063
OUT_02142,232.08979855636238
OUT_02143,381.7504772279864
OUT_02144,415.0050512418651
OUT_02145,264.85822089736973
OUT_02146,938.2162475244712
OUT_02147,417.7529756533829
OUT_02148,339.1866176488837
OUT_02149,133.83253192875
OUT_02150,118.03474751916389
OUT_02151,267.7861842277181
OUT_02152,1286.2213003743243
OUT_02153,247.9209445254907
OUT_02154,127.21106747713269
OUT_02155,260.2262893060587
OUT_02156,138.36096735520033
OUT_02157,393.71428792964514
OUT_02158,169.92419277961045
OUT_02159,119.84875676901864
OUT_02160,303.65502398621527
OUT_02161,266.03029792534613
OUT_02162,298.6222911449049
OUT_02163,149.9534623469288
OUT_02164,301.2454849578823
OUT_02165,159.45166183495292
OUT_02166,92.75719600417015
OUT_02167,318.69907236207223
OUT_02168,311.8461596042143
OUT_02169,155.8471650156493
OUT_02170,160.61310977913703
OUT_02171,109.41969312172576
OUT_02172,271.55133188157936
OUT_02173,132.3416409109097
OUT_02174,100.86961532440472
OUT_02175,305.33442448214794
OUT_02176,1198.667727326649
OUT_02177,327.82390233473006
OUT_02178,116.93260358668468
OUT_02179,314.32226292698056
OUT_02180,1139.1620472947577
OUT_02181,914.3825975090988
OUT_02182,130.06553413037008
OUT_02183,305.4551507442941
OUT_02184,296.46994946892755
OUT_02185,368.770420401742
OUT_02186,131.8631261447717
OUT_02187,314.4792075155559
OUT_02188,127.12403413217837
OUT_02189,143.87589898160502
OUT_02190,1283.7384216024288
OUT_02191,313.7963408679439
OUT_02192,320.88813095072476
OUT_02193,371.8983301838568
OUT_02194,308.3729748490018
OUT_02195,111.92396446565652
OUT_02196,293.904742876744
OUT_02197,111.69744206018431
OUT_02198,85.55883613718704
OUT_02199,140.1130515336978
OUT_02200,329.481822029839
OUT_02201,866.8927833718133
OUT_02202,83.86976904155527
OUT_02203,931.037349597366
OUT_02204,334.4371378389775
OUT_02205,935.1636673910108
OUT_02206,122.60402557240214
OUT_02207,906.0200282324582
OUT_02208,311.6071475989964
OUT_02209,134.88217770238
OUT_02210,349.297605618117
OUT_02211,148.1068884757266
OUT_02212,510.67845817504076
OUT_02213,112.05801218661176
OUT_02214,257.01238635373875
OUT_02215,359.8760960204764
OUT_02216,303.21429901854987
OUT_02217,866.821158307427
OUT_02218,417.715921058394
OUT_02219,270.8802920280623
OUT_02220,255.4723200545224
OUT_02221,171.29325029101062
OUT_02222,385.45253190938
OUT_02223,366.8975872564562
OUT_02224,404.2645730906289
OUT_02225,120.45546274835257
OUT_02226,317.80095083838734
OUT_02227,316.08004271843396
OUT_02228,384.98406415137106
OUT_02229,310.7525501888282
OUT_02230,282.9066774184949
OUT_02231,107.16345774055019
OUT_02232,194.78717496012433
OUT_02233,277.49804762394126
OUT_02234,320.3472947886712
OUT_02235,125.37024134324807
OUT_02236,1209.5203472268963
OUT_02237,322.0867430033986
OUT_02238,946.2554860608794
OUT_02239,105.38056138651528
OUT_02240,338.99025463955866
OUT_02241,108.14215829867145
OUT_02242,915.4665382903892
OUT_02243,907.352993317724
OUT_02244,243.3277898853447
OUT_02245,101.5300460660536
OUT_02246,920.2268188061618
OUT_02247,311.7554925959922
OUT_02248,358.22358550611466
OUT_02249,336.08750134793604
OUT_02250,213.91077915052765
OUT_02251,197.42015081721678
OUT_02252,193.19827050926045
OUT_02253,237.32106901168785
OUT_02254,273.7190957561981
OUT_02255,392.68909133205466
OUT_02256,92.7716845310018
OUT_02257,355.67135452637126
OUT_02258,183.99638525309254
OUT_02259,95.99442324225336
OUT_02260,323.5833122536767
OUT_02261,256.051299638599
OUT_02262,164.98105993524865
OUT_02263,372.35169516613723
OUT_02264,98.63906245351852
OUT_02265,170.26000882024965
OUT_02266,112.93385660249038
OUT_02267,961.5738768375816
OUT_02268,101.0544290808358
OUT_02269,426.18432128810673
OUT_02270,123.91040031308124
OUT_02271,152.6792189839615
OUT_02272,400.518490891438
OUT_02273,329.89115238128784
OUT_02274,99.18380115879988
OUT_02275,325.75000293580166
OUT_02276,243.89503429444636
OUT_02277,337.8209464326961
OUT_02278,81.38409513169809
OUT_02279,846.8454160952174
OUT_02280,320.2930281882477
OUT_02281,253.8028975358807
OUT_02282,123.8162389107251
OUT_02283,117.98533317539815
OUT_02284,335.1761506172505
OUT_02285,113.99501220530612
OUT_02286,793.9086603869756
OUT_02287,291.4939007932477
OUT_02288,328.9828891234161
OUT_02289,150.93701922041322
OUT_02290,250.54173966573984
OUT_02291,360.80933902869947
OUT_02292,139.38349141785926
OUT_02293,134.62657071961465
OUT_02294,148.137728913758
OUT_02295,281.2310401677865
OUT_02296,239.78560557099752
OUT_02297,112.53028469808828
OUT_02298,969.0776409427174
OUT_02299,311.5998179442718
OUT_02300,93.48984466127065
OUT_02301,875.0799556673614
OUT_02302,101.17552765185228
OUT_02303,1013.4236268010412
OUT_02304,425.264989887452
OUT_02305,309.2094311287223
OUT_02306,377.52088395993496
OUT_02307,227.45766420091695
OUT_02308,916.9316126183857
OUT_02309,85.56748272078363
OUT_02310,933.3952801608456
OUT_02311,363.64527490659816
OUT_02312,280.9356719158858
OUT_02313,339.3873963004056
OUT_02314,360.50980363270656
OUT_02315,278.2628504670923
OUT_02316,104.07132311038224
OUT_02317,124.12368604021978
OUT_02318,362.2640372967437
OUT_02319,141.80940027934807
OUT_02320,305.8857889809566
OUT_02321,261.90448318644326
OUT_02322,1095.6040513495236
OUT_02323,129.17439481478704
OUT_02324,426.9903862416735
OUT_02325,280.483602905776
OUT_02326,97.82676134054404
OUT_02327,267.2865588057127
OUT_02328,116.16324612468864
OUT_02329,272.89986642537826
OUT_02330,161.55540232222594
OUT_02331,501.24347144250055
OUT_02332,332.23242894925863
OUT_02333,357.1767500228201
OUT_02334,963.9718080719372
OUT_02335,142.7044828375773
OUT_02336,264.9698252089055
OUT_02337,265.11802965279287
OUT_02338,300.0530837959353
OUT_02339,184.4279848768134
OUT_02340,288.2593074361788
OUT_02341,326.93288498112446
OUT_02342,319.38610131212715
OUT_02343,444.7694312085579
OUT_02344,859.2032303882063
OUT_02345,335.9475982467523
OUT_02346,920.3420154802012
OUT_02347,439.9404309333163
OUT_02348,149.57288198455754
OUT_02349,308.2190796788923
OUT_02350,331.73693015957576
OUT_02351,1189.260380660859
OUT_02352,375.0747856888921
OUT_02353,384.17342644732344
OUT_02354,293.7490354065155
OUT_02355,339.0040631083061
OUT_02356,78.51336434359635
OUT_02357,85.92479160956984
OUT_02358,954.4427952378418
OUT_02359,211.657270377754
OUT_02360,327.4788765814162
OUT_02361,395.0093443099703
OUT_02362,103.90129367356433
OUT_02363,171.27243548694605
OUT_02364,364.58953459620875
OUT_02365,401.43348375382743
OUT_02366,131.4715816848493
OUT_02367,198.27311968631122
OUT_02368,131.7803309878146
OUT_02369,890.0888233178017
OUT_02370,142.78008626933456
OUT_02371,1249.8825743736934
OUT_02372,131.77771671674515
OUT_02373,1210.5105421445398
OUT_02374,417.03588267169494
OUT_02375,213.9871219188748
OUT_02376,125.92302464733194
OUT_02377,101.5909549205913
OUT_02378,94.20330961623132
OUT_02379,309.5390545593304
OUT_02380,96.46833119298124
OUT_02381,318.06307146394266
OUT_02382,255.61402910097283
OUT_02383,1217.804353220273
OUT_02384,332.6719686127826
OUT_02385,939.6516153951696
OUT_02386,787.7622385056055
OUT_02387,1015.1850049727371
OUT_02388,409.7782913579168
OUT_02389,260.7348645673518
OUT_02390,414.98814973373055
OUT_02391,276.8289229873397
OUT_02392,356.0951106393549
OUT_02393,125.78819081802052
OUT_02394,266.0655337149696
OUT_02395,160.13367153429024
OUT_02396,336.5180418705952
OUT_02397,370.85248141302077
OUT_02398,105.81382587291522
OUT_02399,886.7567210947527
OUT_02400,430.04448721147105
OUT_02401,1109.1651619513045
OUT_02402,173.2948571829272
OUT_02403,128.19537681361433
OUT_02404,986.4813920768768
OUT_02405,944.2415208717916
OUT_02406,239.20475125942164
OUT_02407,249.52144761503152
OUT_02408,339.87698600882584
OUT_02409,301.17020311014056
OUT_02410,138.88950584931874
OUT_02411,133.50823403490912
OUT_02412,114.06824925200146
OUT_02413,220.2662749999323
OUT_02414,111.65156921413308
OUT_02415,974.281623224532
OUT_02416,916.3189039801086
OUT_02417,429.9217570972854
OUT_02418,816.7073723114538
OUT_02419,304.8244039796935
OUT_02420,91.03652679909789
OUT_02421,364.0832493814528
OUT_02422,1167.9519793993056
OUT_02423,346.4361385711983
OUT_02424,114.64533077133989
OUT_02425,288.98068443997414
OUT_02426,181.93020942104715
OUT_02427,338.8479127893712
OUT_02428,411.01291579698636
OUT_02429,342.0984376934812
OUT_02430,273.38050803583883
OUT_02431,1176.9470142670816
OUT_02432,131.03067390854034
OUT_02433,182.97787817833841
OUT_02434,132.8128452115941
OUT_02435,149.65842545395756
OUT_02436,844.4464539281568
OUT_02437,1195.285473242844
OUT_02438,115.60097302270844
OUT_02439,404.52754419459245
OUT_02440,126.84430830228494
OUT_02441,111.02631733446809
OUT_02442,261.88022849342855
OUT_02443,102.5215604174791
OUT_02444,965.9559928171484
OUT_02445,306.664946353675
OUT_02446,419.10075576536303
OUT_02447,124.41595841258554
OUT_02448,362.6825484427656
OUT_02449,163.83220891134428
OUT_02450,151.0740223103864
OUT_02451,398.50068178840934
OUT_02452,1014.458317782558
OUT_02453,275.6858118887766
OUT_02454,306.8498990563795
OUT_02455,150.7519066001098
OUT_02456,89.24258259564328
OUT_02457,371.7490503860181
OUT_02458,951.2897984627464
OUT_02459,1107.3025739128707
OUT_02460,304.1679967728596
OUT_02461,171.198889114715
OUT_02462,317.38907948583847
OUT_02463,135.4470323828715
OUT_02464,365.6753101304073
OUT_02465,162.59143703782487
OUT_02466,104.20476292393872
OUT_02467,96.7371184851734
OUT_02468,297.94239786462094
OUT_02469,361.6739068031291
OUT_02470,328.35263534967225
OUT_02471,1090.350061553717
OUT_02472,226.8243301901034
OUT_02473,117.75073627523436
OUT_02474,139.55252295404443
OUT_02475,1096.024977661178
OUT_02476,103.97405437932798
OUT_02477,384.3197304160577
OUT_02478,77.78128505114799
OUT_02479,952.3717873158909
OUT_02480,132.33260768579785
OUT_02481,139.72020176391345
OUT_02482,905.9600763299044
OUT_02483,159.41066352977643
OUT_02484,371.5294095020796
OUT_02485,167.04185421132587
OUT_02486,253.23975927680507
OUT_02487,143.8488057950251
OUT_02488,222.99725729894652
OUT_02489,108.54594427428987
OUT_02490,299.6236955549068
OUT_02491,298.4289651331302
OUT_02492,336.3997002833404
OUT_02493,135.37099954191845
OUT_02494,308.4765460948156
OUT_02495,182.9616649560748
OUT_02496,415.32108724892703
OUT_02497,111.77101783552064
OUT_02498,925.9490915376738
OUT_02499,95.16173447997006
OUT_02500,241.7051611480489
OUT_02501,868.75107703759
OUT_02502,384.8724182528356
OUT_02503,129.6602246168316
OUT_02504,98.2067061281536
OUT_02505,115.99781693221853
OUT_02506,286.44969122942143
OUT_02507,261.0780722204952
OUT_02508,178.27477451412773
OUT_02509,480.1250043568665
OUT_02510,318.56153058694247
OUT_02511,379.4468629775127
OUT_02512,402.71976842317747
OUT_02513,240.47235936610363
OUT_02514,935.8919611215232
OUT_02515,925.0068580943096
OUT_02516,824.1343322259955
OUT_02517,458.76511459556036
OUT_02518,95.32189016280905
OUT_02519,101.00038764105732
OUT_02520,518.9737007158426
OUT_02521,105.0332195447828
OUT_02522,355.5481243917471
OUT_02523,448.54974381244995
OUT_02524,1013.2052877632876
OUT_02525,929.9890895859112
OUT_02526,183.09937558829768
OUT_02527,412.9820835553046
OUT_02528,269.8693288525767
OUT_02529,174.34403214700887
OUT_02530,360.0699273731067
OUT_02531,410.1876777428397
OUT_02532,89.44851143343992
OUT_02533,508.8179127955915
OUT_02534,416.8373896302576
OUT_02535,126.03531024022304
OUT_02536,152.57385281100977
OUT_02537,381.8575334098066
OUT_02538,868.1056165027964
OUT_02539,211.40336734786206
OUT_02540,95.27368561220705
OUT_02541,934.5532830283012
OUT_02542,94.68233308359984
OUT_02543,320.75035274448044
OUT_02544,308.72959438450016
OUT_02545,295.71441638291043
OUT_02546,97.9141937230161
OUT_02547,206.121541845126
OUT_02548,239.36222741441676
OUT_02549,357.5329780833166
OUT_02550,305.9695969206707
OUT_02551,117.1183146632017
OUT_02552,898.3915676002213
OUT_02553,303.40594132866033
OUT_02554,203.24325327630615
OUT_02555,319.81959435863024
OUT_02556,101.14873576263491
OUT_02557,152.2799473618964
OUT_02558,129.3626311994244
OUT_02559,125.39656906417508
OUT_02560,344.3048013936558
OUT_02561,396.17645318380676
OUT_02562,99.8011173891027
OUT_02563,315.81039694548133
OUT_02564,311.45232309238804
OUT_02565,302.1754035262146
OUT_02566,410.26902964080386
OUT_02567,66.91320375504652
OUT_02568,327.24889069770154
OUT_02569,126.0873279546561
OUT_02570,254.02088556373872
OUT_02571,307.0514865736964
OUT_02572,107.30949406935792
OUT_02573,133.99794111017718
OUT_02574,258.3831925634339
OUT_02575,321.12214879180414
OUT_02576,1202.3153657660882
OUT_02577,147.30581604052745
OUT_02578,845.7532527566603
OUT_02579,397.032935576255
OUT_02580,152.08206437023927
OUT_02581,332.15928479237266
OUT_02582,1077.6526072459446
OUT_02583,158.38542851725674
OUT_02584,125.48741128138754
OUT_02585,163.5785187396253
OUT_02586,1120.8592242101392
OUT_02587,131.35921133046284
OUT_02588,104.70124262668504
OUT_02589,103.04783306802408
OUT_02590,360.1650493833055
OUT_02591,939.4386936728862
OUT_02592,286.6234794457205
OUT_02593,916.9200585708531
OUT_02594,366.4002416570405
OUT_02595,116.89050489010263
OUT_02596,980.0299124576738
OUT_02597,873.6772914930415
OUT_02598,928.9218991431892
OUT_02599,1187.5533552337245
OUT_02600,370.8295859331723
OUT_02601,404.292869279729
OUT_02602,216.22943273525715
OUT_02603,932.0182791084324
OUT_02604,170.65143638993095
OUT_02605,303.2564108184322
OUT_02606,828.6597529875876
OUT_02607,356.4493284142685
OUT_02608,353.80546853148553
OUT_02609,118.28330944634156
OUT_02610,377.83493910355196
OUT_02611,242.7149452436896
OUT_02612,294.0267310571186
OUT_02613,312.39327335886475
OUT_02614,155.11831806654155
OUT_02615,933.885148426956
OUT_02616,945.8838680540846
OUT_02617,1223.5510867424075
OUT_02618,163.28006180714334
OUT_02619,309.44084514634795
OUT_02620,89.12180514663015
OUT_02621,287.0964262539547
OUT_02622,136.22099904133364
OUT_02623,319.3909469320438
OUT_02624,104.4274334480215
OUT_02625,353.3113044314017
OUT_02626,943.7876330673477
OUT_02627,208.13790951192004
OUT_02628,372.2669179784409
OUT_02629,92.91387130881449
OUT_02630,101.89958263599468
OUT_02631,393.7429512329925
OUT_02632,268.3877133435752
OUT_02633,238.44294001402525
OUT_02634,120.32502711399343
OUT_02635,124.68726516215432
OUT_02636,1189.977553223653
OUT_02637,103.88454718086712
OUT_02638,329.5614603140121
OUT_02639,133.73323861101355
OUT_02640,337.11323411888867
OUT_02641,934.3162908991774
OUT_02642,118.22533312468799
OUT_02643,963.4716858018428
OUT_02644,278.20967052930416
OUT_02645,397.118644555684
OUT_02646,285.1564649663211
OUT_02647,950.2934939119286
OUT_02648,128.85090019618886
OUT_02649,189.78093535059168
OUT_02650,239.26764013009708
OUT_02651,226.41537038715617
OUT_02652,300.59678795104975
OUT_02653,112.33329889574271
OUT_02654,936.2646047797888
OUT_02655,428.0942788728694
OUT_02656,242.93587731766607
OUT_02657,107.81943841443584
OUT_02658,249.91312653852316
OUT_02659,386.41111326399823
OUT_02660,153.02454688113667
OUT_02661,289.047980993464
OUT_02662,136.8412703479157
OUT_02663,324.4859249597976
OUT_02664,955.9004319997504
OUT_02665,1010.492303300539
OUT_02666,398.4198419053165
OUT_02667,315.49167274219747
OUT_02668,917.5390666593626
OUT_02669,116.13639430840176
OUT_02670,149.6191668438342
OUT_02671,296.17871920682796
OUT_02672,105.02116201612724
OUT_02673,104.02879684793778
OUT_02674,114.92703409782811
OUT_02675,98.92472095806535
OUT_02676,418.87162338118696
OUT_02677,102.14616243630924
OUT_02678,89.97130127052982
OUT_02679,273.69159386277033
OUT_02680,102.2454079679308
OUT_02681,128.90584750002893
OUT_02682,279.55676050744205
OUT_02683,106.36485251753264
OUT_02684,836.9003608606736
OUT_02685,119.69655168786885
OUT_02686,334.3885151703852
OUT_02687,98.87295103744924
OUT_02688,341.65690226293697
OUT_02689,95.92466086762964
OUT_02690,324.3775147253331
OUT_02691,907.2001123721697
OUT_02692,260.9900475655328
OUT_02693,95.58049458333734
OUT_02694,131.13495678778764
OUT_02695,120.91060161731944
OUT_02696,236.29580422622703
OUT_02697,364.4908610482551
OUT_02698,481.7179316647148
OUT_02699,348.397346355569
OUT_02700,258.45715305364797
OUT_02701,819.1816109288111
OUT_02702,285.21112998624415
OUT_02703,325.4787723630188
OUT_02704,255.33853567616913
OUT_02705,156.89285321477308
OUT_02706,343.8824093616274
OUT_02707,217.1923980572776
OUT_02708,120.98328809628347
OUT_02709,99.19534733669302
OUT_02710,352.20165453821943
OUT_02711,109.20477055973697
OUT_02712,143.4694225929567
OUT_02713,202.90918241660202
OUT_02714,242.10140603386404
OUT_02715,130.86629768873976
OUT_02716,264.69869771960305
OUT_02717,957.4872707613924
OUT_02718,100.71851210538624
OUT_02719,330.38357153772745
OUT_02720,97.91750316372897
OUT_02721,1094.8041089331175
OUT_02722,369.21214885928237
OUT_02723,120.3244356825112
OUT_02724,139.8522617163061
OUT_02725,145.544689289709
OUT_02726,334.84584574003804
OUT_02727,258.7118293130502
OUT_02728,937.1907781516658
OUT_02729,95.28722141234482
OUT_02730,88.892948175891
OUT_02731,456.9324428973987
OUT_02732,356.4946231060147
OUT_02733,92.36369523961808
OUT_02734,895.4683512518877
OUT_02735,123.67926054370807
OUT_02736,416.10537070738644
OUT_02737,226.26975969949515
OUT_02738,96.3058685086495
OUT_02739,311.6828241756072
OUT_02740,418.62119389586906
OUT_02741,131.70274319530242
OUT_02742,84.97154098682604
OUT_02743,295.06374358790106
OUT_02744,368.7928437042701
OUT_02745,212.6070552460427
OUT_02746,330.2456910837828
OUT_02747,304.0999774400442
OUT_02748,114.64016787407044
OUT_02749,94.06572996998791
OUT_02750,107.46610576016714
OUT_02751,943.6004083206255
OUT_02752,105.12332820156324
OUT_02753,317.3960441437712
OUT_02754,284.9824140703175
OUT_02755,1337.5044179498163
OUT_02756,175.06840376810305
OUT_02757,156.24953151730875
OUT_02758,1188.9711820009643
OUT_02759,149.79827295689913
OUT_02760,1011.6043669425216
OUT_02761,100.19918599065703
OUT_02762,106.6784250434967
OUT_02763,146.95881707832882
OUT_02764,128.18467733476032
OUT_02765,890.8667740460232
OUT_02766,233.41786458197424
OUT_02767,242.29045443909436
OUT_02768,176.4919408441961
OUT_02769,125.18627205055488
OUT_02770,424.48895561576103
OUT_02771,407.61075066044475
OUT_02772,133.42199349763087
OUT_02773,280.3466501594407
OUT_02774,247.75578244096246
OUT_02775,438.1006855205766
OUT_02776,959.1308132220076
OUT_02777,181.12215180931318
OUT_02778,82.48634930696718
OUT_02779,335.48519903329725
OUT_02780,350.9434179831769
OUT_02781,367.4532856643971
OUT_02782,1011.0221442962631
OUT_02783,1157.1983275475204
OUT_02784,292.7776483737099
OUT_02785,99.57462260383676
OUT_02786,110.09099509631386
OUT_02787,307.50102524264787
OUT_02788,360.2407405794428
OUT_02789,374.9168537525544
OUT_02790,104.6323897575823
OUT_02791,439.5586322597927
OUT_02792,841.0733828326534
OUT_02793,370.9984820955474
OUT_02794,290.22760423847103
OUT_02795,127.73865155792689
OUT_02796,129.19869147873356
OUT_02797,355.8100199419404
OUT_02798,320.55581003617937
OUT_02799,312.8540254637426
OUT_02800,434.9078472112494
OUT_02801,117.68692424026835
OUT_02802,152.39488616801071
OUT_02803,218.4977243035936
OUT_02804,170.70105038640818
OUT_02805,202.0265673581124
OUT_02806,348.56767478151414
OUT_02807,365.4256834595001
OUT_02808,264.9423140338374
OUT_02809,113.2824520253912
OUT_02810,379.0689508520457
OUT_02811,361.9908457855486
OUT_02812,202.8108141414333
OUT_02813,145.69139976025022
OUT_02814,135.35332040482362
OUT_02815,388.0308853599521
OUT_02816,112.48019400799704
OUT_02817,332.65998199078643
OUT_02818,330.2085720785266
OUT_02819,457.26604259759847
OUT_02820,1001.1412012438054
OUT_02821,306.4987756850377
OUT_02822,415.89205168214346
OUT_02823,165.94005164256092
OUT_02824,452.22298649039715
OUT_02825,448.3689875799198
OUT_02826,98.5503720404955
OUT_02827,345.31526626034565
OUT_02828,276.0374480330869
OUT_02829,933.7756668358996
OUT_02830,254.3893657215013
OUT_02831,100.1635061324184
OUT_02832,952.7887036228464
OUT_02833,451.1440171865294
OUT_02834,400.0371516098646
OUT_02835,192.86067358472462
OUT_02836,1095.7488583132128
OUT_02837,346.0671270150873
OUT_02838,374.6404499575689
OUT_02839,221.12922527369722
OUT_02840,952.802509388205
OUT_02841,1109.8675622605388
OUT_02842,410.57107691334227
OUT_02843,359.5664116272573
OUT_02844,111.58542188157578
OUT_02845,115.9373737510166
OUT_02846,233.23627814422431
OUT_02847,205.46735458573247
OUT_02848,108.87333367437648
OUT_02849,323.5132369739068
OUT_02850,110.16698232416006
OUT_02851,108.25113745899196
OUT_02852,360.42889547662116
OUT_02853,401.318581411928
OUT_02854,1166.6864264510243
OUT_02855,97.09579184338884
OUT_02856,94.05310436292271
OUT_02857,409.56646442390115
OUT_02858,920.7248755504172
OUT_02859,114.14723421583156
OUT_02860,1180.6617090928842
OUT_02861,250.2077267608071
OUT_02862,177.33765294433124
OUT_02863,485.5266135950519
OUT_02864,292.3699582229629
OUT_02865,1242.886822330441
OUT_02866,140.84044531624195
OUT_02867,132.3505889282829
OUT_02868,246.1264519463038
OUT_02869,99.08216225237234
OUT_02870,334.635152010032
OUT_02871,397.2606869696267
OUT_02872,308.8164455572821
OUT_02873,297.3480204184556
OUT_02874,332.6478477666756
OUT_02875,272.7881761277576
OUT_02876,366.4536846915207
OUT_02877,347.7649000228333
OUT_02878,245.22103513534256
OUT_02879,94.23562516096275
OUT_02880,97.09533945057878
OUT_02881,104.1599742057898
OUT_02882,333.6213883977324
OUT_02883,1170.6597432248757
OUT_02884,87.97563292714968
OUT_02885,103.90397129725812
OUT_02886,257.26917300949947
OUT_02887,323.83599358549725
OUT_02888,134.28580401882556
OUT_02889,449.0196852422731
OUT_02890,912.283840207422
OUT_02891,87.7998121458279
OUT_02892,1172.440976259125
OUT_02893,161.21376584719553
OUT_02894,244.3529513606429
OUT_02895,983.1034033514588
OUT_02896,793.483461455116
OUT_02897,295.3087734481391
OUT_02898,380.3007444681173
OUT_02899,366.36348299439805
OUT_02900,229.3179286719204
OUT_02901,358.3405521011408
OUT_02902,293.17955110217633
OUT_02903,118.019900980031
OUT_02904,231.70597731213516
OUT_02905,123.92684420360212
OUT_02906,997.878300755651
OUT_02907,263.96914756275737
OUT_02908,288.4969107214181
OUT_02909,399.8152805281677
OUT_02910,244.3565519528621
OUT_02911,1182.3193014506824
OUT_02912,126.07549657283361
OUT_02913,449.2759857107425
OUT_02914,118.92549768855591
OUT_02915,84.0586094669778
OUT_02916,93.0815383334214
OUT_02917,134.31238398323896
OUT_02918,110.27082192652308
OUT_02919,814.4519017827907
OUT_02920,242.2445589467497
OUT_02921,99.87423616732129
OUT_02922,912.086366409764
OUT_02923,297.61509665857653
OUT_02924,512.8191120603657
OUT_02925,380.50458378248413
OUT_02926,103.68621547218052
OUT_02927,306.1945623084843
OUT_02928,434.9878080627823
OUT_02929,251.70681257462698
OUT_02930,960.4001072693706
OUT_02931,284.21202999896695
OUT_02932,410.7289014501754
OUT_02933,224.52887212348708
OUT_02934,279.29928439144066
OUT_02935,225.56285417691868
OUT_02936,1188.4043251054393
OUT_02937,165.1528860672655
OUT_02938,111.35012211604644
OUT_02939,490.94988050486313
OUT_02940,285.005946969453
OUT_02941,1087.9211855454794
OUT_02942,357.9228208973499
OUT_02943,126.52881273711924
OUT_02944,208.61139644521575
OUT_02945,131.92883117553106
OUT_02946,86.18472945572192
OUT_02947,232.7122802459471
OUT_02948,110.497521953788
OUT_02949,288.15277046273025
OUT_02950,1270.1735720358306
OUT_02951,334.686139450499
OUT_02952,390.04355791682076
OUT_02953,373.7846944075037
OUT_02954,376.10675873218065
OUT_02955,139.4690381079889
OUT_02956,1231.530553193269
OUT_02957,235.26417276076228
OUT_02958,408.15324570891926
OUT_02959,401.0319723563705
OUT_02960,321.46224564925376
OUT_02961,114.67225824651067
OUT_02962,1094.864618171852
OUT_02963,330.811571400635
OUT_02964,1184.8621003901808
OUT_02965,89.80944309930686
OUT_02966,834.7847216592518
OUT_02967,110.6580000866112
OUT_02968,212.50977506501937
OUT_02969,936.914431788193
OUT_02970,933.9638482705708
OUT_02971,352.78884478509843
OUT_02972,369.67821434344734
OUT_02973,334.0393663766919
OUT_02974,715.5498582699047
OUT_02975,84.0309607167694
OUT_02976,139.48671215324555
OUT_02977,395.1355873005699
OUT_02978,359.03260864477704
OUT_02979,95.07833758045244
OUT_02980,130.39818390125296
OUT_02981,136.26114305087873
OUT_02982,105.39233249890611
OUT_02983,468.1333852729276
OUT_02984,236.91862987705164
OUT_02985,269.3777142171799
OUT_02986,344.40261204798185
OUT_02987,118.17645959554314
OUT_02988,124.761710528046
OUT_02989,266.3411544054061
OUT_02990,254.4705558499186
OUT_02991,326.8082888216925
OUT_02992,248.46525709897963
OUT_02993,326.32154578656093
OUT_02994,819.2789591352733
OUT_02995,289.4898173899153
OUT_02996,934.2443032418998
OUT_02997,931.788758734058
OUT_02998,111.89315235792024
OUT_02999,339.9573966803139
OUT_03000,277.491886626726
OUT_03001,229.6306951360178
OUT_03002,277.993627782762
OUT_03003,398.0115960556843
OUT_03004,912.7329990593308
OUT_03005,83.83394132547089
OUT_03006,345.2186777919567
OUT_03007,437.1457966462384
OUT_03008,186.54872514427578
OUT_03009,271.6028184718664
OUT_03010,310.801706630432
OUT_03011,132.78446517549455
OUT_03012,341.98825221944753
OUT_03013,453.1585536703458
OUT_03014,275.82167761323706
OUT_03015,455.0942108485227
OUT_03016,236.28913859365375
OUT_03017,282.86442499375363
OUT_03018,951.7064993081086
OUT_03019,372.8826021688839
OUT_03020,1222.836053032355
OUT_03021,861.3205507531945
OUT_03022,288.57772764475726
OUT_03023,364.56662629648156
OUT_03024,339.70299653005776
OUT_03025,98.14128763675251
OUT_03026,113.6351495289995
OUT_03027,94.39632519715586
OUT_03028,279.0554349999925
OUT_03029,139.13138370948357
OUT_03030,119.29828350482396
OUT_03031,275.92231858173767
OUT_03032,161.70990090484378
OUT_03033,366.4994145049178
OUT_03034,240.78372704629416
OUT_03035,93.95088751075862
OUT_03036,934.0824708487744
OUT_03037,1098.5743762557381
OUT_03038,805.1034005457809
OUT_03039,327.6448735725993
OUT_03040,823.4309438907202
OUT_03041,379.93598345516295
OUT_03042,181.99365312706271
OUT_03043,364.02818972677164
OUT_03044,423.6874587202718
OUT_03045,154.68488062787793
OUT_03046,117.0081383268618
OUT_03047,202.1427679282234
OUT_03048,298.3873487806353
OUT_03049,115.886223781378
OUT_03050,136.40127322262256
OUT_03051,129.0312368048721
OUT_03052,1013.6944277375684
OUT_03053,332.49959141747746
OUT_03054,376.73933006999596
OUT_03055,371.95009347788914
OUT_03056,868.3169267536773
OUT_03057,149.5390171878386
OUT_03058,106.65330928284465
OUT_03059,317.9429064328924
OUT_03060,101.0125202285038
OUT_03061,995.6120979159376
OUT_03062,91.26805707767046
OUT_03063,358.1528463820831
OUT_03064,1155.0069191393568
OUT_03065,1205.764630061061
OUT_03066,151.57603364131887
OUT_03067,146.4090315363502
OUT_03068,86.84480084324099
OUT_03069,223.0707378459604
OUT_03070,972.2163821130038
OUT_03071,338.3023045571197
OUT_03072,285.9536083928863
OUT_03073,339.10026550351665
OUT_03074,340.42008192952835
OUT_03075,1229.913860481211
OUT_03076,390.783282922132
OUT_03077,1202.0793300921882
OUT_03078,1285.9309348435058
OUT_03079,108.40725171545049
OUT_03080,248.10050046390595
OUT_03081,398.3682247846201
OUT_03082,168.0328451925185
OUT_03083,88.15078609872843
OUT_03084,989.9464017809642
OUT_03085,248.3091936952376
OUT_03086,341.58182349984475
OUT_03087,209.3046003805937
OUT_03088,895.6676013068577
OUT_03089,324.7938032631726
OUT_03090,272.2639169284138
OUT_03091,435.41183870057125
OUT_03092,133.41787920627354
OUT_03093,884.054601259587
OUT_03094,375.27183915211435
OUT_03095,135.26729996385907
OUT_03096,133.42454965168324
OUT_03097,955.5833238449716
OUT_03098,112.4319407374882
OUT_03099,813.5211777218748
OUT_03100,101.42542377735738
OUT_03101,273.30756434960574
OUT_03102,306.7485070803682
OUT_03103,363.8852914850796
OUT_03104,142.24282254616668
OUT_03105,128.5871616354221
OUT_03106,194.11970391355754
OUT_03107,210.4642589689687
OUT_03108,131.3774488573324
OUT_03109,110.16655368915016
OUT_03110,247.07232243294823
OUT_03111,111.30612993385948
OUT_03112,392.206896412433
OUT_03113,340.2463305405728
OUT_03114,421.85790229443046
OUT_03115,560.8421852369298
OUT_03116,225.12856914949646
OUT_03117,87.38103679119553
OUT_03118,93.37006040218908
OUT_03119,237.2083756800966
OUT_03120,327.14631962849035
OUT_03121,320.39984554092416
OUT_03122,165.42556999141578
OUT_03123,97.11173464337789
OUT_03124,265.93149757892735
OUT_03125,345.348882034411
OUT_03126,102.70472863223496
OUT_03127,125.0848374469907
OUT_03128,112.15479346744536
OUT_03129,899.1272343002063
OUT_03130,405.756150313882
OUT_03131,1118.4209274265702
OUT_03132,143.02536754781357
OUT_03133,97.2531792297336
OUT_03134,998.8693064474468
OUT_03135,115.13013863404782
OUT_03136,272.2948201776614
OUT_03137,92.6321842189694
OUT_03138,239.4109633112854
OUT_03139,283.8944389725009
OUT_03140,106.71830926173192
OUT_03141,281.4764992359629
OUT_03142,332.0047035471828
OUT_03143,192.64517262292094
OUT_03144,125.98420142308136
OUT_03145,168.32362341316292
OUT_03146,465.4998653059532
OUT_03147,431.04928030243434
OUT_03148,1275.5437997223305
OUT_03149,216.26784276369148
OUT_03150,303.5245170363055
OUT_03151,137.97505473206718
OUT_03152,125.44756638751328
OUT_03153,404.7068054291875
OUT_03154,886.498959095289
OUT_03155,440.98505567467316
OUT_03156,305.20880938317794
OUT_03157,935.9706193674274
OUT_03158,162.01488784606383
OUT_03159,108.31620275663828
OUT_03160,331.513628454238
OUT_03161,408.99366845300733
OUT_03162,148.75729937547453
OUT_03163,131.8875483003057
OUT_03164,923.7689922370854
OUT_03165,287.07512508424503
OUT_03166,382.5949676471449
OUT_03167,1099.6531348321964
OUT_03168,216.6042311733293
OUT_03169,287.8715659277598
OUT_03170,482.3421093079352
OUT_03171,269.3738035105149
OUT_03172,472.10097996149716
OUT_03173,268.9378697902963
OUT_03174,139.29950020390532
OUT_03175,393.1959837632862
OUT_03176,178.52266059985607
OUT_03177,171.3016505314748
OUT_03178,101.70713174943404
OUT_03179,395.6403619190753
OUT_03180,100.48627736844796
OUT_03181,139.28898255034335
OUT_03182,104.3963155798256
OUT_03183,954.2578222733353
OUT_03184,422.3211196359898
OUT_03185,125.57859887528696
OUT_03186,405.28822111024374
OUT_03187,147.5271929732157
OUT_03188,125.9336040566166
OUT_03189,379.44726198207877
OUT_03190,217.00241784536257
OUT_03191,926.5780679394428
OUT_03192,162.46544192668543
OUT_03193,332.42163334120687
OUT_03194,381.4114016092367
OUT_03195,147.87274160403916
OUT_03196,312.32837188002685
OUT_03197,95.53074467605822
OUT_03198,307.3635307820335
OUT_03199,397.13745977822134
OUT_03200,295.70911109656777
OUT_03201,420.67027261001397
OUT_03202,141.0351834570455
OUT_03203,222.0749230162341
OUT_03204,310.41349329363027
OUT_03205,232.33524184285733
OUT_03206,476.7921321667261
OUT_03207,329.2906786182293
OUT_03208,1240.650572574777
OUT_03209,130.7608903237711
OUT_03210,127.37045916316494
OUT_03211,361.82161651804995
OUT_03212,378.0942692929998
OUT_03213,285.37555935931266
OUT_03214,404.09869207755594
OUT_03215,350.0616497840717
OUT_03216,240.19357849366392
OUT_03217,358.11870590566855
OUT_03218,393.44726329607136
OUT_03219,125.49586535672715
OUT_03220,241.13261754237865
OUT_03221,427.08274012592676
OUT_03222,212.57674562008768
OUT_03223,97.52787721258494
OUT_03224,363.5363575628706
OUT_03225,130.78586644749475
OUT_03226,130.89204920597908
OUT_03227,300.67906777866324
OUT_03228,1101.7024002140345
OUT_03229,1221.1956460542835
OUT_03230,147.30377127827745
OUT_03231,398.2779580957357
OUT_03232,105.56005862284724
OUT_03233,861.7120621468422
OUT_03234,230.50979827269757
OUT_03235,260.1251331833138
OUT_03236,135.30321478186195
OUT_03237,136.55027436528377
OUT_03238,136.049429663232
OUT_03239,127.613148255434
OUT_03240,250.42148461699924
OUT_03241,127.3045633663611
OUT_03242,867.8458985375308
OUT_03243,122.86540418804056
OUT_03244,102.9628150429431
OUT_03245,208.155520837691
OUT_03246,178.801994978849
OUT_03247,107.88520297775511
OUT_03248,285.7646529587
OUT_03249,104.39300564391925
OUT_03250,118.83675299519984
OUT_03251,953.6161069867107
OUT_03252,964.6083193493042
OUT_03253,246.2632651336263
OUT_03254,173.22154889635863
OUT_03255,382.4042051087546
OUT_03256,363.9884539808098
OUT_03257,124.87562113023037
OUT_03258,362.2760214073172
OUT_03259,259.65940724499194
OUT_03260,930.5861521217277
OUT_03261,127.08939930539844
OUT_03262,283.2302200499388
OUT_03263,179.46971908555753
OUT_03264,1090.0920601558569
OUT_03265,396.690124237512
OUT_03266,143.57005297854775
OUT_03267,221.49305938283612
OUT_03268,382.69252061611223
OUT_03269,233.77475506949392
OUT_03270,97.33475666617232
OUT_03271,849.404550716028
OUT_03272,425.8653198962746
OUT_03273,888.3329376502426
OUT_03274,1203.7707501945974
OUT_03275,150.85885667848336
OUT_03276,97.73281288417114
OUT_03277,139.26909856079484
OUT_03278,120.87111663623506
OUT_03279,130.25584712617032
OUT_03280,179.28302723810094
OUT_03281,1102.959859661246
OUT_03282,326.801481359028
OUT_03283,901.3183669763364
OUT_03284,114.60284794862224
OUT_03285,97.69966519422871
OUT_03286,175.76765062812464
OUT_03287,1102.983831124144
OUT_03288,345.586649002757
OUT_03289,210.4851771368965
OUT_03290,132.20908622094768
OUT_03291,151.39121779678453
OUT_03292,157.84592243841084
OUT_03293,348.8991996971406
OUT_03294,134.69791734686154
OUT_03295,174.32336271897873
OUT_03296,1110.3308709722685
OUT_03297,973.5450426546972
OUT_03298,391.8422222430496
OUT_03299,333.0490403035642
OUT_03300,348.97416887326386
OUT_03301,293.27478762276564
OUT_03302,956.6643733444758
OUT_03303,253.40070362881514
OUT_03304,260.20677827570887
OUT_03305,166.247715707197
OUT_03306,256.30262256018244
OUT_03307,372.7989456580715
OUT_03308,465.5196937908587
OUT_03309,168.66499581766644
OUT_03310,252.30586835703582
OUT_03311,163.38586313618273
OUT_03312,967.3985678044633
OUT_03313,108.15184643748478
OUT_03314,111.1308360480248
OUT_03315,1160.3371037085203
OUT_03316,1024.1486403074896
OUT_03317,185.55328578001485
OUT_03318,94.83771826727406
OUT_03319,309.90349147544083
OUT_03320,300.94033615817136
OUT_03321,390.610535778212
OUT_03322,390.2567860345008
OUT_03323,315.825344523859
OUT_03324,909.0001898484104
OUT_03325,1187.5571755009232
OUT_03326,143.04635172935505
OUT_03327,890.5347445139142
OUT_03328,936.4949078391038
OUT_03329,360.6745066572448
OUT_03330,1238.8385067012794
OUT_03331,339.7416469184901
OUT_03332,122.22823579935255
OUT_03333,958.6779508881576
OUT_03334,980.0945465794885
OUT_03335,332.4786783522783
OUT_03336,414.5247388592113
OUT_03337,270.60751417452525
OUT_03338,360.5067700299369
OUT_03339,141.112049393826
OUT_03340,313.94644886603425
OUT_03341,993.3392443116064
OUT_03342,300.207554030746
OUT_03343,369.639785879619
OUT_03344,933.1335632914452
OUT_03345,856.4629984723829
OUT_03346,1337.0775781538043
OUT_03347,129.24603376440538
OUT_03348,116.47876914046024
OUT_03349,454.2532095243108
OUT_03350,306.62572181316546
OUT_03351,165.9342494767707
OUT_03352,271.55747243563786
OUT_03353,1144.8366047276927
OUT_03354,98.96246297061076
OUT_03355,232.66794975327423
OUT_03356,88.5645925665522
OUT_03357,250.36527899290977
OUT_03358,1133.0739754452427
OUT_03359,889.9226593419659
OUT_03360,154.06607843162888
OUT_03361,293.3891020258088
OUT_03362,90.14954573782158
OUT_03363,436.697735777199
OUT_03364,108.47920318052223
OUT_03365,119.15578628478995
OUT_03366,422.32602681179605
OUT_03367,326.9597209306242
OUT_03368,895.6685037930924
OUT_03369,112.80106447889035
OUT_03370,354.7403856715041
OUT_03371,401.74566840666694
OUT_03372,134.7532317010502
OUT_03373,311.21367446989007
OUT_03374,167.85789201013924
OUT_03375,186.79983057763764
OUT_03376,159.26974903395495
OUT_03377,313.4177336245894
OUT_03378,101.4950386800294
OUT_03379,387.1409119796781
OUT_03380,143.64897241241496
OUT_03381,1283.731105452862
OUT_03382,347.37111911875354
OUT_03383,821.094155568505
OUT_03384,115.62948373420888
OUT_03385,93.62257960367764
OUT_03386,508.90366683621096
OUT_03387,915.6162431262128
OUT_03388,773.4287400459217
OUT_03389,128.20650143045518
OUT_03390,97.19691598715028
OUT_03391,958.639788451114
OUT_03392,206.80246780949125
OUT_03393,299.4170060819506
OUT_03394,132.6770357593217
OUT_03395,862.4277835676478
OUT_03396,384.1153583630945
OUT_03397,110.62595669383371
OUT_03398,325.915978687103
OUT_03399,116.75486553702532
OUT_03400,366.7795549769403
OUT_03401,274.5917205317855
OUT_03402,1226.1901385468109
OUT_03403,392.6202007896718
OUT_03404,279.5020543141952
OUT_03405,144.5658040969788
OUT_03406,900.1354405516336
OUT_03407,355.46726997042515
OUT_03408,169.5205777147252
OUT_03409,322.681472099019
OUT_03410,263.0576110985894
OUT_03411,1200.9670272910316
OUT_03412,132.05927595893846
OUT_03413,955.9061514178404
OUT_03414,1001.40819374217
OUT_03415,1091.268635345049
OUT_03416,431.3802312568091
OUT_03417,333.7139878990157
OUT_03418,987.7046850861896
OUT_03419,96.36369437989757
OUT_03420,345.4615315336885
OUT_03421,305.0459844920775
OUT_03422,211.5338514771761
OUT_03423,958.2088942068814
OUT_03424,962.4330615978562
OUT_03425,379.3510399056205
OUT_03426,310.58216703693313
OUT_03427,245.09424495394467
OUT_03428,112.17008643617498
OUT_03429,199.4879214385169
OUT_03430,286.24074908829226
OUT_03431,181.8493730885255
OUT_03432,171.5120560388674
OUT_03433,105.15217608094308
OUT_03434,368.332278449011
OUT_03435,232.906741398971
OUT_03436,857.4924098994844
OUT_03437,105.13737724350406
OUT_03438,358.6521638356138
OUT_03439,379.8947281399785
OUT_03440,441.1276292464561
OUT_03441,398.7092285731644
OUT_03442,353.9437047300614
OUT_03443,915.0346004809454
OUT_03444,920.7525905715324
OUT_03445,303.413745207589
OUT_03446,885.8538734119139
OUT_03447,174.38148851674654
OUT_03448,372.72992501266106
OUT_03449,147.27218190031203
OUT_03450,262.2953582607757
OUT_03451,963.9975787152156
OUT_03452,198.9391281856589
OUT_03453,474.83011234534524
OUT_03454,483.9806148050412
OUT_03455,136.83803778626734
OUT_03456,114.36828322311959
OUT_03457,325.6112194313488
OUT_03458,1086.0444972810308
OUT_03459,122.22143552148076
OUT_03460,133.08939885116203
OUT_03461,111.42918790423442
OUT_03462,208.41928576336676
OUT_03463,257.9191070177918
OUT_03464,118.39015183066809
OUT_03465,306.2520312385202
OUT_03466,305.94302154660073
OUT_03467,948.9574282693532
OUT_03468,271.62617709922665
OUT_03469,109.55478376211416
OUT_03470,111.46538104391885
OUT_03471,108.4140777389959
OUT_03472,131.21594417223437
OUT_03473,197.26823471237046
OUT_03474,417.62433777846115
OUT_03475,335.29021342073327
OUT_03476,465.37849725205103
OUT_03477,385.1442983560411
OUT_03478,175.5791932796453
OUT_03479,250.71267666020546
OUT_03480,320.3426873675094
OUT_03481,93.08088511341508
OUT_03482,784.2967609897636
OUT_03483,116.56662468384488
OUT_03484,1185.5119454220085
OUT_03485,121.28720122558256
OUT_03486,151.14470583314886
OUT_03487,102.33894216778592
OUT_03488,310.35958626158026
OUT_03489,360.56161493157305
OUT_03490,89.93847807650211
OUT_03491,393.9254686424674
OUT_03492,934.5196410744926
OUT_03493,1196.8276284459307
OUT_03494,356.4829665711547
OUT_03495,105.69802998458968
OUT_03496,138.9310017681523
OUT_03497,388.36003569944694
OUT_03498,278.9995648405262
OUT_03499,303.01660750043243
OUT_03500,115.36401323170725
OUT_03501,299.6877625989048
OUT_03502,107.80602509002536
OUT_03503,388.6453915172466
OUT_03504,103.38056067313822
OUT_03505,253.20774378031632
OUT_03506,262.524813267171
OUT_03507,151.79663398800255
OUT_03508,902.2459574831475
OUT_03509,79.79568136612991
OUT_03510,264.03530860254597
OUT_03511,115.96202762857487
OUT_03512,98.83350721037452
OUT_03513,984.4018696806916
OUT_03514,91.11600938527616
OUT_03515,450.95732891260434
OUT_03516,456.53449824986717
OUT_03517,143.4368017712396
OUT_03518,235.937078204112
OUT_03519,975.3154082806695
OUT_03520,379.51133963171344
OUT_03521,433.5017877235482
OUT_03522,176.00459064255296
OUT_03523,121.53101399903736
OUT_03524,360.82083427181226
OUT_03525,176.75177076894153
OUT_03526,74.93896077834899
OUT_03527,142.9683922453599
OUT_03528,94.3861912640627
OUT_03529,351.21151621619447
OUT_03530,358.04667365921057
OUT_03531,322.3359524224966
OUT_03532,254.12120696308554
OUT_03533,977.1381138562316
OUT_03534,412.4602277165212
OUT_03535,405.278905761577
OUT_03536,448.55746250577954
OUT_03537,388.8317080898538
OUT_03538,125.3868956857004
OUT_03539,412.0740473876674
OUT_03540,79.68130576004947
OUT_03541,303.4747224883582
OUT_03542,289.83733145772646
OUT_03543,271.3123271923907
OUT_03544,335.9792927963363
OUT_03545,307.8255793065629
OUT_03546,95.3226311245034
OUT_03547,286.4608502630375
OUT_03548,307.2751528879313
OUT_03549,1179.459559879921
OUT_03550,261.9099509229667
OUT_03551,933.9425760472236
OUT_03552,453.06434527900797
OUT_03553,240.4282634961927
OUT_03554,400.33557273389454
OUT_03555,877.4403349799825
OUT_03556,1083.02815915225
OUT_03557,128.51910736472198
OUT_03558,288.023697657499
OUT_03559,1111.8119725707654
OUT_03560,306.06222053703675
OUT_03561,311.65899872813657
OUT_03562,328.59915575137944
OUT_03563,420.26374614504005
OUT_03564,304.33800961836386
OUT_03565,240.55838262693555
OUT_03566,323.84987181617294
OUT_03567,340.29227387664486
OUT_03568,174.46579261918276
OUT_03569,850.1943250181567
OUT_03570,1110.5213819522824
OUT_03571,926.8839367783918
OUT_03572,842.505991953976
OUT_03573,269.0534899594601
OUT_03574,308.6375605879317
OUT_03575,879.7440755209681
OUT_03576,206.9863613431698
OUT_03577,1123.1686849051969
OUT_03578,359.15030100931006
OUT_03579,911.3031316389316
OUT_03580,328.36770125942655
OUT_03581,270.9096143912641
OUT_03582,376.9449779379664
OUT_03583,202.4681189412962
OUT_03584,278.4864765309264
OUT_03585,139.58132659780432
OUT_03586,149.15113414796932
OUT_03587,403.0493130094728
OUT_03588,143.3683974961806
OUT_03589,86.72459114176884
OUT_03590,137.0895040274868
OUT_03591,1075.6685306060667
OUT_03592,419.10485548099484
OUT_03593,106.89851542890666
OUT_03594,264.30244469203774
OUT_03595,264.088008626448
OUT_03596,321.23108553495246
OUT_03597,887.0710582767812
OUT_03598,1040.8827006359993
OUT_03599,395.32372716247323
OUT_03600,193.71880994323647
OUT_03601,251.6051644783579
OUT_03602,239.09096490487727
OUT_03603,143.67534938175882
OUT_03604,349.2903699337812
OUT_03605,113.9492712656685
OUT_03606,1013.1425974904128
OUT_03607,238.36520254646277
OUT_03608,357.5742470457527
OUT_03609,356.66994851430866
OUT_03610,173.81106453191825
OUT_03611,218.42293930631666
OUT_03612,311.25556206971885
OUT_03613,128.26990568673023
OUT_03614,319.326994214028
OUT_03615,935.8320552288304
OUT_03616,984.6983744697428
OUT_03617,401.41255593664016
OUT_03618,191.24005574638795
OUT_03619,363.9997517596537
OUT_03620,402.9008267240134
OUT_03621,362.82337196979734
OUT_03622,919.1078558322408
OUT_03623,333.20793865950753
OUT_03624,124.47915122835958
OUT_03625,115.96659946021435
OUT_03626,232.5682359730309
OUT_03627,107.7338987819256
OUT_03628,95.47274028453364
OUT_03629,959.2029167013208
OUT_03630,328.85462611765865
OUT_03631,1012.1654447678314
OUT_03632,132.8398572853303
OUT_03633,149.51576688963664
OUT_03634,888.4805566722791
OUT_03635,1369.0056469206206
OUT_03636,123.42578861195732
OUT_03637,279.5589635030521
OUT_03638,239.80272495004434
OUT_03639,96.3646489074348
OUT_03640,163.49317742985625
OUT_03641,320.6925549221663
OUT_03642,181.6320143059785
OUT_03643,374.7928905880823
OUT_03644,847.4066425450708
OUT_03645,363.5248013518284
OUT_03646,323.4941167088002
OUT_03647,112.64143998727049
OUT_03648,274.3426440905927
OUT_03649,299.6827692492448
OUT_03650,142.32967575829613
OUT_03651,1436.551812939169
OUT_03652,103.77574969569817
OUT_03653,1203.566651614617
OUT_03654,117.89635714699476
OUT_03655,304.911999934185
OUT_03656,216.03563784103974
OUT_03657,107.1248154825346
OUT_03658,166.6359222244284
OUT_03659,113.6478862045282
OUT_03660,398.01567098092073
OUT_03661,123.39266644537912
OUT_03662,95.68262176109533
OUT_03663,351.5467951459633
OUT_03664,256.4382111661444
OUT_03665,990.735940154968
OUT_03666,137.06618284289246
OUT_03667,932.3319363195368
OUT_03668,452.7427243236966
OUT_03669,911.6894610796006
OUT_03670,123.26251589978196
OUT_03671,342.3028180470318
OUT_03672,193.38220670928965
OUT_03673,126.74277466339466
OUT_03674,424.70415782420105
OUT_03675,118.63395177596598
OUT_03676,1176.0815102499232
OUT_03677,98.23339323737945
OUT_03678,255.12068623378386
OUT_03679,230.9568744853115
OUT_03680,1174.1180589221972
OUT_03681,516.0497895654265
OUT_03682,241.52527802599593
OUT_03683,228.34974939351474
OUT_03684,300.1104518212876
OUT_03685,159.24249937073313
OUT_03686,1182.910060678527
OUT_03687,158.89105778800604
OUT_03688,117.56010287769345
OUT_03689,243.41966864910015
OUT_03690,304.0533804656922
OUT_03691,293.817339001179
OUT_03692,126.15082130717413
OUT_03693,91.12340736351237
OUT_03694,151.94189699752746
OUT_03695,331.6584897172127
OUT_03696,116.06159610217476
OUT_03697,304.3294450203579
OUT_03698,374.82004008892864
OUT_03699,943.135597220043
OUT_03700,333.8628402366654
OUT_03701,875.5430940684709
OUT_03702,237.95581316148252
OUT_03703,275.798847545888
OUT_03704,258.2073180498132
OUT_03705,331.9955894038077
OUT_03706,324.7701477263513
OUT_03707,124.0904078995442
OUT_03708,174.84737044669546
OUT_03709,797.0389581342652
OUT_03710,227.88463401653155
OUT_03711,110.79662780485856
OUT_03712,217.0722315060959
OUT_03713,114.90175842424328
OUT_03714,292.3836717991318
OUT_03715,360.28440497895264
OUT_03716,180.1427193121291
OUT_03717,75.71062253933833
OUT_03718,427.0954827233387
OUT_03719,1101.799924548964
OUT_03720,337.22532242112766
OUT_03721,316.2472212718952
OUT_03722,136.22317413872352
OUT_03723,965.1744639504254
OUT_03724,1174.3504199130732
OUT_03725,277.44852851071323
OUT_03726,292.6976532459679
OUT_03727,154.10037628532987
OUT_03728,90.8042932860476
OUT_03729,368.3108780814781
OUT_03730,305.4473912233759
OUT_03731,290.0513168928073
OUT_03732,176.78920289825066
OUT_03733,93.17453117262492
OUT_03734,302.30953890376685
OUT_03735,384.1350667562547
OUT_03736,399.53754529122176
OUT_03737,288.48206354998536
OUT_03738,366.5207182121194
OUT_03739,962.6375607584654
OUT_03740,74.44774855308074
OUT_03741,1181.1541507541583
OUT_03742,303.63827870313526
OUT_03743,414.4234527411485
OUT_03744,139.25699064530372
OUT_03745,98.93936189887248
OUT_03746,281.0367099228979
OUT_03747,121.90312916156932
OUT_03748,212.5273568357427
OUT_03749,99.39912876537551
OUT_03750,132.96352715631156
OUT_03751,122.26731292813164
OUT_03752,97.74321348311099
OUT_03753,128.46085784839056
OUT_03754,970.4241947732326
OUT_03755,243.33633254674947
OUT_03756,357.08919550302994
OUT_03757,1117.2145868631733
OUT_03758,123.08292211889328
OUT_03759,116.44991296699544
OUT_03760,301.18504821774013
OUT_03761,106.53923846798372
OUT_03762,328.6565995005717
OUT_03763,114.92666540501033
OUT_03764,897.1402902754177
OUT_03765,421.2421607178501
OUT_03766,1102.5832923375635
OUT_03767,331.8634080105761
OUT_03768,302.8788013102078
OUT_03769,431.7548574855348
OUT_03770,346.23850386269254
OUT_03771,307.3630410231492
OUT_03772,877.6218196956587
OUT_03773,921.7223740607832
OUT_03774,284.0890696922619
OUT_03775,370.94230669732997
OUT_03776,137.7680002394874
OUT_03777,298.6490586317906
OUT_03778,132.19770494299686
OUT_03779,94.06734762246634
OUT_03780,349.9835946101946
OUT_03781,354.91646905389126
OUT_03782,301.1997549636473
OUT_03783,305.1671044354862
OUT_03784,88.06094165678716
OUT_03785,137.06842456695068
OUT_03786,1333.2443408045403
OUT_03787,289.3000452603471
OUT_03788,96.87152417527057
OUT_03789,418.0370906215828
OUT_03790,116.31468528816973
OUT_03791,959.3131347138852
OUT_03792,398.3586087359821
OUT_03793,330.11929741393067
OUT_03794,302.1213371248059
OUT_03795,339.4590752825857
OUT_03796,953.9779695843432
OUT_03797,136.80261289695105
OUT_03798,329.03575416521494
OUT_03799,247.66146800132609
OUT_03800,901.3940309847552
OUT_03801,230.54801011954288
OUT_03802,294.9788398583761
OUT_03803,895.8214850995862
OUT_03804,395.3805307221179
OUT_03805,77.43260082288478
OUT_03806,112.99874388330832
OUT_03807,114.43354257409392
OUT_03808,98.44541177211244
OUT_03809,203.6623079174504
OUT_03810,94.14712863907204
OUT_03811,89.2926290065318
OUT_03812,153.47853572605683
OUT_03813,97.04355868048115
OUT_03814,1092.9061229695417
OUT_03815,942.4745638880812
OUT_03816,231.09047758039878
OUT_03817,86.12769087948091
OUT_03818,123.50676058211336
OUT_03819,284.74145563593197
OUT_03820,204.87929613699154
OUT_03821,129.22550791645463
OUT_03822,183.27016881653972
OUT_03823,296.84397246103015
OUT_03824,1034.2331542504462
OUT_03825,347.64762520642284
OUT_03826,343.89164353162573
OUT_03827,358.6457613410576
OUT_03828,858.2180015229285
OUT_03829,1197.722392624555
OUT_03830,161.58108597117854
OUT_03831,547.6423477297179
OUT_03832,291.4561986045184
OUT_03833,956.9589071450476
OUT_03834,137.38089272695763
OUT_03835,87.36382849756743
OUT_03836,192.50607683669887
OUT_03837,182.68558879568204
OUT_03838,206.08733632377337
OUT_03839,136.2606682042947
OUT_03840,994.3890578745102
OUT_03841,939.0882312849068
OUT_03842,338.96681199000994
OUT_03843,324.6664314875302
OUT_03844,793.2841988689145
OUT_03845,129.69675844607002
OUT_03846,339.3095160155776
OUT_03847,762.1938847568078
OUT_03848,356.4079288021021
OUT_03849,910.9585745754466
OUT_03850,878.1594065569852
OUT_03851,295.6145283799309
OUT_03852,84.53889304400533
OUT_03853,168.45343120921498
OUT_03854,109.31941205169899
OUT_03855,165.83712320087687
OUT_03856,243.6084783930052
OUT_03857,132.35956358753035
OUT_03858,312.21905178391285
OUT_03859,95.02218824677315
OUT_03860,351.9809433742486
OUT_03861,934.8243383516644
OUT_03862,272.2746228001163
OUT_03863,872.7991141824939
OUT_03864,763.3360217413239
OUT_03865,326.61983901025576
OUT_03866,1055.5875618224552
OUT_03867,347.0015292760444
OUT_03868,111.8359326603374
OUT_03869,424.4197509082644
OUT_03870,306.3886073173429
OUT_03871,169.2374660850174
OUT_03872,107.6899196040388
OUT_03873,400.5629523556987
OUT_03874,276.8118109048829
OUT_03875,342.6002480646469
OUT_03876,1008.3866969229604
OUT_03877,293.2257796805152
OUT_03878,948.0647217075732
OUT_03879,263.49755104034534
OUT_03880,86.47252816491995
OUT_03881,377.7940024056561
OUT_03882,126.31001040864894
OUT_03883,113.87702658427752
OUT_03884,115.83596883049637
OUT_03885,1261.6473091837877
OUT_03886,228.10191444792213
OUT_03887,130.4326696407737
OUT_03888,86.93270234594158
OUT_03889,339.66787604747515
OUT_03890,986.4185812042888
OUT_03891,455.20218193550477
OUT_03892,182.13862116572375
OUT_03893,879.2232768276617
OUT_03894,378.6397197612978
OUT_03895,928.1929941604247
OUT_03896,279.6833987069075
OUT_03897,344.04398948427524
OUT_03898,330.14872820038096
OUT_03899,314.8705950885816
OUT_03900,860.2874735334215
OUT_03901,104.1574063794586
OUT_03902,957.8873180688438
OUT_03903,155.74701157623687
OUT_03904,122.24218519845772
OUT_03905,455.29946227945334
OUT_03906,895.672901543466
OUT_03907,228.77682321870168
OUT_03908,321.48894741214355
OUT_03909,307.9917737104869
OUT_03910,952.4405213580084
OUT_03911,1101.1320065673829
OUT_03912,352.5133777531289
OUT_03913,142.23991821320075
OUT_03914,249.6928721943032
OUT_03915,214.6745065883322
OUT_03916,926.121334539404
OUT_03917,351.89134032769346
OUT_03918,911.8423302666664
OUT_03919,128.4795958986858
OUT_03920,876.9674952937866
OUT_03921,176.4245953325044
OUT_03922,314.8467680023522
OUT_03923,1095.4284651892222
OUT_03924,103.11734548991102
OUT_03925,143.53814609836792
OUT_03926,861.1492684071382
OUT_03927,914.8120751426771
OUT_03928,1229.4130164009714
OUT_03929,96.97384069550657
OUT_03930,321.3047111749721
OUT_03931,340.1322313977398
OUT_03932,323.75432709771343
OUT_03933,86.28279892913241
OUT_03934,316.437809064381
OUT_03935,321.1634692040149
OUT_03936,289.81582694129384
OUT_03937,247.85643911133613
OUT_03938,106.91933788635873
OUT_03939,959.2947213055006
OUT_03940,290.404434126043
OUT_03941,135.1943098255715
OUT_03942,349.10784329017844
OUT_03943,312.20423632743626
OUT_03944,1128.2275049096793
OUT_03945,114.98133632913364
OUT_03946,117.0853530178364
OUT_03947,417.7816289238432
OUT_03948,96.58569360254714
OUT_03949,112.35225199403824
OUT_03950,139.65926536226777
OUT_03951,298.879725507227
OUT_03952,169.72102927646108
OUT_03953,337.46477761318704
OUT_03954,1151.1080117662837
OUT_03955,357.03630406513804
OUT_03956,105.10342607758938
OUT_03957,1162.860097479962
OUT_03958,361.92998482006976
OUT_03959,1127.0389706277983
OUT_03960,833.7311470729413
OUT_03961,371.77384879456395
OUT_03962,151.63323158462453
OUT_03963,332.2173305822964
OUT_03964,405.8509247650476
OUT_03965,978.8708989353725
OUT_03966,266.04579152669515
OUT_03967,1123.2451884251216
OUT_03968,466.91017508992184
OUT_03969,223.25246240861898
OUT_03970,83.05659602541749
OUT_03971,152.69574104858077
OUT_03972,791.9065111283671
OUT_03973,209.3156892663929
OUT_03974,277.5054820162451
OUT_03975,362.1768964163297
OUT_03976,429.39157715647025
OUT_03977,279.2459596621359
OUT_03978,458.0897663046637
OUT_03979,294.6383257120092
OUT_03980,1004.2343034046344
OUT_03981,398.3233063230159
OUT_03982,918.7958511339046
OUT_03983,1127.981420644759
OUT_03984,136.9834476528951
OUT_03985,277.74847903654216
OUT_03986,925.7441796858582
OUT_03987,110.64397180947823
OUT_03988,896.869963436578
OUT_03989,122.15922554899676
OUT_03990,207.6765708060517
OUT_03991,867.875234455029
OUT_03992,296.9415948619985
OUT_03993,389.0366867005513
OUT_03994,973.1935931069864
OUT_03995,387.70708066848215
OUT_03996,155.72474795662453
OUT_03997,398.5185454691258
OUT_03998,332.4144447064741
OUT_03999,1090.4315762271062
OUT_04000,127.94230305283085
OUT_04001,122.2296334079181
OUT_04002,276.64009471808276
OUT_04003,195.51922590085343
OUT_04004,95.73040090009108
OUT_04005,951.7324334633888
OUT_04006,322.4372454225107
OUT_04007,325.16457920947084
OUT_04008,416.95779925434067
OUT_04009,918.1655510832333
OUT_04010,342.0718017728117
OUT_04011,275.07218199396266
OUT_04012,267.78945160521573
OUT_04013,968.2816513711508
OUT_04014,89.33877683546581
OUT_04015,371.94322576437423
OUT_04016,153.95890252552192
OUT_04017,346.196569781537
OUT_04018,237.77276119078707
OUT_04019,349.9611084311373
OUT_04020,106.13976188151008
OUT_04021,922.9929882914636
OUT_04022,149.77061283500768
OUT_04023,404.6124085641028
OUT_04024,112.31932278887662
OUT_04025,285.7342293842781
OUT_04026,1006.8931782307576
OUT_04027,1172.07169959516
OUT_04028,362.95152388687234
OUT_04029,284.7408087281325
OUT_04030,165.99291740876757
OUT_04031,340.40585572866127
OUT_04032,408.8781771879484
OUT_04033,355.81173620807874
OUT_04034,410.4468336314176
OUT_04035,146.99216937062442
OUT_04036,167.64849900926788
OUT_04037,223.97429564489812
OUT_04038,335.03440264399876
OUT_04039,462.40090750990316
OUT_04040,80.67350272149741
OUT_04041,96.65534099537896
OUT_04042,97.972303411431
OUT_04043,104.04276518162516
OUT_04044,934.3043850998438
OUT_04045,461.02240155879394
OUT_04046,238.72959019119267
OUT_04047,239.32757194201054
OUT_04048,885.7704808183714
OUT_04049,189.4598672121078
OUT_04050,901.7117190653948
OUT_04051,112.3381768723202
OUT_04052,874.5683135318083
OUT_04053,208.30489567186453
OUT_04054,220.3892329637
OUT_04055,145.5724228013882
OUT_04056,1196.5524751632304
OUT_04057,297.7955706695541
OUT_04058,86.50978861494086
OUT_04059,958.1177389013512
OUT_04060,259.24156518382824
OUT_04061,952.2935281984052
OUT_04062,925.7557422308688
OUT_04063,927.0632766094564
OUT_04064,977.4682854179778
OUT_04065,482.4847202648093
OUT_04066,516.6311617648576
OUT_04067,286.21087558414064
OUT_04068,829.851681891482
OUT_04069,431.0749379769312
OUT_04070,411.4188525326157
OUT_04071,916.053176335864
OUT_04072,119.00691294324828
OUT_04073,88.23933616878863
OUT_04074,116.2364357230926
OUT_04075,318.3960866988605
OUT_04076,337.8631361124246
OUT_04077,159.97668886241712
OUT_04078,419.80277830859416
OUT_04079,280.7935409450241
OUT_04080,218.6101957048936
OUT_04081,118.31350492769951
OUT_04082,106.11326710948335
OUT_04083,408.9925213740769
OUT_04084,153.95047525912378
OUT_04085,125.5857193132687
OUT_04086,416.41475927850536
OUT_04087,394.89447653839727
OUT_04088,320.1832248426988
OUT_04089,117.56712284365967
OUT_04090,372.24197079842634
OUT_04091,213.2225530655416
OUT_04092,364.83908840461737
OUT_04093,98.48728654270218
OUT_04094,248.68382906583335
OUT_04095,312.0090514421876
OUT_04096,147.98556322665056
OUT_04097,920.7500683856766
OUT_04098,292.44642704988865
OUT_04099,312.85637457724573
OUT_04100,103.303316329194
OUT_04101,101.36968189064883
OUT_04102,901.6236596555492
OUT_04103,102.45621696779064
OUT_04104,151.39246334921083
OUT_04105,304.5186425203588
OUT_04106,330.94160027340956
OUT_04107,275.42423853580283
OUT_04108,995.1542883422784
OUT_04109,343.22189095734484
OUT_04110,345.1601665936492
OUT_04111,910.2379784411032
OUT_04112,94.55152997221609
OUT_04113,347.21693209813736
OUT_04114,256.06718862456074
OUT_04115,295.1235196315894
OUT_04116,109.84744993578488
OUT_04117,274.3586260560685
OUT_04118,106.71340646427254
OUT_04119,925.3296197526494
OUT_04120,1153.6866574440887
OUT_04121,443.35144713957675
OUT_04122,367.53321104772954
OUT_04123,316.2812315640178
OUT_04124,115.73821220345351
OUT_04125,101.29054285087132
OUT_04126,260.8248935814155
OUT_04127,463.40366633222686
OUT_04128,1331.4375080957882
OUT_04129,166.7042087672565
OUT_04130,352.4298661855985
OUT_04131,846.686279566975
OUT_04132,178.01840887522548
OUT_04133,310.5595174476623
OUT_04134,93.18570479340778
OUT_04135,397.64660687024605
OUT_04136,1220.4201023548032
OUT_04137,289.46889173718614
OUT_04138,180.27097874281446
OUT_04139,904.8092095875592
OUT_04140,171.83022794517674
OUT_04141,170.82529031080628
OUT_04142,948.7343502981915
OUT_04143,975.1261904645028
OUT_04144,287.30963662674515
OUT_04145,512.0940553401692
OUT_04146,99.68298444723892
OUT_04147,142.52508093170593
OUT_04148,140.32874761111935
OUT_04149,62.51323466707611
OUT_04150,290.8857527038555
OUT_04151,270.9699197049059
OUT_04152,90.08260020509358
OUT_04153,182.17128074257488
OUT_04154,954.132810061969
OUT_04155,853.9053803735248
OUT_04156,156.74982149683223
OUT_04157,155.4033891868564
OUT_04158,182.3519189301059
OUT_04159,125.15196299171537
OUT_04160,105.01372929639535
OUT_04161,1183.1374144006772
OUT_04162,103.12406622799467
OUT_04163,129.8904791818377
OUT_04164,106.73707633002432
OUT_04165,884.3297038691347
OUT_04166,411.3058256939795
OUT_04167,96.6501353347566
OUT_04168,360.83434051677835
OUT_04169,122.2355562655687
OUT_04170,369.3728894606669
OUT_04171,1198.7091521659434
OUT_04172,197.8433551687766
OUT_04173,237.60894045986004
OUT_04174,1004.5213851527247
OUT_04175,297.349129674063
OUT_04176,278.5802031824787
OUT_04177,188.1290418937799
OUT_04178,111.28127725598732
OUT_04179,170.15363941829506
OUT_04180,309.404053559476
OUT_04181,295.6399170236941
OUT_04182,313.6896771971675
OUT_04183,128.0614257113979
OUT_04184,127.1543686220496
OUT_04185,310.9291320545117
OUT_04186,121.39967633498742
OUT_04187,450.3267874598057
OUT_04188,128.88000983415927
OUT_04189,370.9826617009588
OUT_04190,892.3043011440182
OUT_04191,176.6660647403466
OUT_04192,165.4464956149636
OUT_04193,934.9234472547485
OUT_04194,986.270517516824
OUT_04195,289.93902531678737
OUT_04196,1260.2186330766997
OUT_04197,118.7620124171282
OUT_04198,302.99935154439123
OUT_04199,1155.0095390226388
OUT_04200,381.29327487974456
OUT_04201,168.7426745274536
OUT_04202,282.81489634215325
OUT_04203,377.9701300366811
OUT_04204,225.81876054202033
OUT_04205,229.84028503049103
OUT_04206,1170.1914085085546
OUT_04207,331.32644961565484
OUT_04208,132.7649991731606
OUT_04209,348.572511326258
OUT_04210,271.91151367004386
OUT_04211,319.5016978722516
OUT_04212,332.4940523161256
OUT_04213,287.42417324541384
OUT_04214,335.52056043062817
OUT_04215,217.25089053337527
OUT_04216,311.35498429412587
OUT_04217,1095.0140072361676
OUT_04218,145.44928746837016
OUT_04219,153.67569087292833
OUT_04220,105.193478621791
OUT_04221,793.9534471502517
OUT_04222,97.61826746225269
OUT_04223,101.92925321400104
OUT_04224,309.0387275898158
OUT_04225,110.93017141863116
OUT_04226,1000.111579804739
OUT_04227,382.2646407709668
OUT_04228,339.4794987851994
OUT_04229,389.50845866885516
OUT_04230,152.98868325517805
OUT_04231,348.82261263199456
OUT_04232,879.626955805995
OUT_04233,895.8477060929315
OUT_04234,401.3298206150479
OUT_04235,144.45602082457356
OUT_04236,271.49184906005064
OUT_04237,1181.5007408517542
OUT_04238,355.062574731143
OUT_04239,1136.7817605969187
OUT_04240,160.5024075900057
OUT_04241,316.7795984537935
OUT_04242,83.47141301605654
OUT_04243,147.20643971031924
OUT_04244,171.7246376386896
OUT_04245,426.349560596477
OUT_04246,394.93526053143603
OUT_04247,182.977560706264
OUT_04248,145.21359526318315
OUT_04249,386.54964546372355
OUT_04250,982.8263405369988
OUT_04251,1182.312156324207
OUT_04252,189.4536723484718
OUT_04253,135.86847112360823
OUT_04254,988.510943049306
OUT_04255,128.14655007267146
OUT_04256,332.1876191942573
OUT_04257,286.7023995256775
OUT_04258,339.17388884666354
OUT_04259,925.5250911648202
OUT_04260,1193.1122925903585
OUT_04261,996.6870432364204
OUT_04262,90.33305222154075
OUT_04263,466.6639307336327
OUT_04264,295.0067389841596
OUT_04265,116.3103256949824
OUT_04266,141.51553433965228
OUT_04267,124.18153588871346
OUT_04268,154.96989564474183
OUT_04269,952.236855373075
OUT_04270,413.9445781040705
OUT_04271,320.093878275803
OUT_04272,303.86979554785006
OUT_04273,343.2248327279825
OUT_04274,358.7298893419778
OUT_04275,136.0445204735499
OUT_04276,307.74507416850537
OUT_04277,487.28424804656754
OUT_04278,236.94581798279722
OUT_04279,417.84644380335214
OUT_04280,315.8964655847744
OUT_04281,355.50821246564635
OUT_04282,870.8427079804826
OUT_04283,248.2805738267069
OUT_04284,101.60748140013172
OUT_04285,118.82989525095428
OUT_04286,295.13010188800644
OUT_04287,250.89351003355884
OUT_04288,364.1038009688772
OUT_04289,361.7116964070676
OUT_04290,161.2241980188315
OUT_04291,310.9325896123556
OUT_04292,183.23512624210443
OUT_04293,839.99750125132
OUT_04294,281.39079165260364
OUT_04295,1175.1002786019862
OUT_04296,176.69998333226283
OUT_04297,98.35973876978352
OUT_04298,255.5017052717979
OUT_04299,370.89191713009757
OUT_04300,106.8781167510435
OUT_04301,278.01793562270336
OUT_04302,126.0885292538831
OUT_04303,131.65838821552416
OUT_04304,959.795225088229
OUT_04305,214.9735501307668
OUT_04306,91.32212829465767
OUT_04307,186.19392825849548
OUT_04308,168.24077123490613
OUT_04309,978.1090396540052
OUT_04310,154.90069346791392
OUT_04311,184.5061327343965
OUT_04312,928.1342663365352
OUT_04313,423.41425278028214
OUT_04314,162.29808101771133
OUT_04315,104.98227566903343
OUT_04316,345.86552932012944
OUT_04317,345.4483448095315
OUT_04318,323.32071542089693
OUT_04319,479.78178649448705
OUT_04320,965.4739747681294
OUT_04321,101.58258517518873
OUT_04322,984.978475036952
OUT_04323,451.6379466191386
OUT_04324,307.7732544310239
OUT_04325,126.89281504109206
OUT_04326,318.8762598648348
OUT_04327,121.86733368328842
OUT_04328,975.7336908241195
OUT_04329,224.99473800440396
OUT_04330,326.89163412797626
OUT_04331,400.4460191820838
OUT_04332,258.8754095846881
OUT_04333,352.8860087661346
OUT_04334,475.69881531290446
OUT_04335,931.7437242558336
OUT_04336,111.36663901036435
OUT_04337,249.14841987223858
OUT_04338,123.25440732060802
OUT_04339,122.04557893056412
OUT_04340,107.53169644236314
OUT_04341,199.4256647804049
OUT_04342,937.0301502099044
OUT_04343,370.56762574983156
OUT_04344,461.95492307028974
OUT_04345,103.82385890202067
OUT_04346,374.37682437748504
OUT_04347,904.57304634431
OUT_04348,114.96200348461798
OUT_04349,951.730547090122
OUT_04350,349.51199052660775
OUT_04351,785.5047675867955
OUT_04352,349.34447281836896
OUT_04353,271.9172760955463
OUT_04354,146.5529425683581
OUT_04355,336.83219696909055
OUT_04356,965.3288073007892
OUT_04357,935.612481933282
OUT_04358,368.0217471003566
OUT_04359,1219.9281908802689
OUT_04360,393.27890859740035
OUT_04361,321.3772210271891
OUT_04362,115.69737685070648
OUT_04363,98.18071878516352
OUT_04364,126.41645790391166
OUT_04365,430.0458117635826
OUT_04366,237.4127163049348
OUT_04367,309.98889087811983
OUT_04368,1114.1418436279675
OUT_04369,323.5858565833206
OUT_04370,377.1261683699608
OUT_04371,119.0138968264709
OUT_04372,176.9713035523799
OUT_04373,305.12001272116856
OUT_04374,98.90127274885192
OUT_04375,145.5266449126376
OUT_04376,131.3774239742848
OUT_04377,99.23389594245184
OUT_04378,311.3756143708872
OUT_04379,249.0866445634983
OUT_04380,168.69933948701953
OUT_04381,129.09834397154944
OUT_04382,935.0001305841514
OUT_04383,141.06403505382485
OUT_04384,226.39873632901697
OUT_04385,885.7113977563637
OUT_04386,124.52950709668767
OUT_04387,281.25696449751536
OUT_04388,256.342108914925
OUT_04389,156.70569621352325
OUT_04390,313.7469644851129
OUT_04391,370.7129658773616
OUT_04392,353.56562191332586
OUT_04393,1080.2445150634137
OUT_04394,377.5844899156607
OUT_04395,272.78102361592425
OUT_04396,145.76514037492248
OUT_04397,98.86234407119801
OUT_04398,170.7774176796552
OUT_04399,1220.7320293476294
OUT_04400,930.0236467001756
OUT_04401,105.46462955790278
OUT_04402,848.6508879125557
OUT_04403,128.7387353700551
OUT_04404,1014.4151437281222
OUT_04405,809.0924060180059
OUT_04406,182.38996342820823
OUT_04407,288.1829729452205
OUT_04408,132.76339415958907
OUT_04409,1084.5185440236503
OUT_04410,136.5568478937331
OUT_04411,254.93948241504071
OUT_04412,341.6696800665151
OUT_04413,895.2336251076666
OUT_04414,961.8837429284032
OUT_04415,1317.8289532980805
OUT_04416,117.41856860292428
OUT_04417,389.22124139696905
OUT_04418,321.76797880165304
OUT_04419,136.95356035449973
OUT_04420,88.43772513260203
OUT_04421,296.9684924096567
OUT_04422,925.548923229984
OUT_04423,261.7705379908809
OUT_04424,300.4554109647129
OUT_04425,174.35346097690237
OUT_04426,132.72494675128766
OUT_04427,156.92556430842586
OUT_04428,104.22359359891236
OUT_04429,354.14209713183607
OUT_04430,314.8723529812875
OUT_04431,374.2939010560401
OUT_04432,388.2448341839381
OUT_04433,901.5843301724376
OUT_04434,284.66807028241146
OUT_04435,858.3783535085604
OUT_04436,973.26912782346
OUT_04437,880.2604774489265
OUT_04438,875.4900844124934
OUT_04439,1011.8635013579192
OUT_04440,251.6044206919676
OUT_04441,210.18808732583463
OUT_04442,998.8324474063024
OUT_04443,135.35235327095555
OUT_04444,375.8204386200508
OUT_04445,225.02979721823067
OUT_04446,459.3129192381805
OUT_04447,150.11651672328463
OUT_04448,265.51287457906324
OUT_04449,977.6835405762116
OUT_04450,368.1188422977734
OUT_04451,284.4513330540608
OUT_04452,209.24417701850743
OUT_04453,416.218649780061
OUT_04454,323.66595755499657
OUT_04455,235.27526146763557
OUT_04456,82.89636524747198
OUT_04457,343.49196394849525
OUT_04458,357.2048577165609
OUT_04459,117.5141133299877
OUT_04460,301.93823012380386
OUT_04461,233.31107464769707
OUT_04462,255.3466282286591
OUT_04463,209.55182839273328
OUT_04464,310.0271414518659
OUT_04465,360.9869599053751
OUT_04466,435.4524872765435
OUT_04467,359.40455975302416
OUT_04468,287.5353083696738
OUT_04469,83.75263715622609
OUT_04470,138.44434930943595
OUT_04471,991.7859859616212
OUT_04472,403.40563736537376
OUT_04473,241.85890213879517
OUT_04474,297.8158788959779
OUT_04475,104.16529280701428
OUT_04476,332.28272969693217
OUT_04477,138.2526847083132
OUT_04478,926.7208325953908
OUT_04479,235.66606827957867
OUT_04480,854.60603064198
OUT_04481,105.7241420482527
OUT_04482,309.08324135336875
OUT_04483,315.07284470660056
OUT_04484,437.7998091930132
OUT_04485,385.05507810084464
OUT_04486,139.54881565636413
OUT_04487,812.7738809779748
OUT_04488,110.61980007694416
OUT_04489,892.245275331187
OUT_04490,247.4714171062361
OUT_04491,83.08903131414586
OUT_04492,959.7212377839186
OUT_04493,221.69727088629543
OUT_04494,546.4770871656298
OUT_04495,157.83816837332364
OUT_04496,86.74121274006936
OUT_04497,327.24824030958194
OUT_04498,333.1606278167618
OUT_04499,266.09397205611447
OUT_04500,1116.6980826429442
OUT_04501,180.8125573570719
OUT_04502,345.39960662943395
OUT_04503,302.41302685653534
OUT_04504,403.9824670913033
OUT_04505,104.3564499821215
OUT_04506,360.5309974538702
OUT_04507,931.4678665903176
OUT_04508,328.98679067129905
OUT_04509,896.7214259636335
OUT_04510,291.16808055529333
OUT_04511,124.14769269527422
OUT_04512,154.09222711139682
OUT_04513,117.42024171702664
OUT_04514,982.02800345501
OUT_04515,285.41564784393825
OUT_04516,248.01437479680607
OUT_04517,377.3095174437958
OUT_04518,282.6833861522871
OUT_04519,105.79137367545678
OUT_04520,1009.4955773358084
OUT_04521,174.9092333775527
OUT_04522,120.96052751715669
OUT_04523,919.70119541501
OUT_04524,95.7271124445636
OUT_04525,251.06674911466249
OUT_04526,973.4764094925148
OUT_04527,146.2049707674161
OUT_04528,692.2798985706645
OUT_04529,154.3226844095812
OUT_04530,120.83010750715302
OUT_04531,261.48183052368677
OUT_04532,332.26763587270625
OUT_04533,940.1162287076668
OUT_04534,167.71943751560832
OUT_04535,348.9308218430761
OUT_04536,461.6527876326875
OUT_04537,109.11594366580282
OUT_04538,372.5015382035108
OUT_04539,184.00664361668385
OUT_04540,254.8162157824888
OUT_04541,291.5756872082676
OUT_04542,126.65838966830228
OUT_04543,397.1634657683592
OUT_04544,390.225066602932
OUT_04545,336.15009312290687
OUT_04546,285.6079147322678
OUT_04547,283.09633096304526
OUT_04548,147.95722280891275
OUT_04549,327.35532473247565
OUT_04550,325.762127635566
OUT_04551,292.0330289509402
OUT_04552,356.5663605847943
OUT_04553,283.04977718952085
OUT_04554,102.57786481005336
OUT_04555,102.54223667145718
OUT_04556,1023.9020855202313
OUT_04557,312.2646206249018
OUT_04558,354.062915673117
OUT_04559,89.33963872933919
OUT_04560,840.8639557151482
OUT_04561,231.52905299937103
OUT_04562,148.6599270327103
OUT_04563,264.4663848551133
OUT_04564,205.24151428115763
OUT_04565,418.5589519423263
OUT_04566,299.8329738052552
OUT_04567,410.5032149736703
OUT_04568,943.5473296400352
OUT_04569,1086.9176872236767
OUT_04570,222.96584833951493
OUT_04571,431.08329083099557
OUT_04572,276.22369992293187
OUT_04573,303.8508375330006
OUT_04574,210.2258744236526
OUT_04575,502.0687552885188
OUT_04576,953.8730589542816
OUT_04577,298.15414466036947
OUT_04578,89.62091122194195
OUT_04579,388.5736103433037
OUT_04580,326.7727009789301
OUT_04581,300.5015946363356
OUT_04582,117.73686580871926
OUT_04583,373.0902605639026
OUT_04584,147.20495087658597
OUT_04585,104.75337812920851
OUT_04586,302.73288239437454
OUT_04587,145.6130620969146
OUT_04588,168.13833165843226
OUT_04589,182.2763358173737
OUT_04590,386.5197654832839
OUT_04591,110.27998117525908
OUT_04592,328.44137339103986
OUT_04593,1158.373556689941
OUT_04594,883.3347067047712
OUT_04595,361.372860632605
OUT_04596,147.4443983957421
OUT_04597,311.8487800830286
OUT_04598,888.6024073082449
OUT_04599,228.5460095526798
OUT_04600,253.8110659505184
OUT_04601,156.10764288177245
OUT_04602,143.2696198289242
OUT_04603,396.20901024149236
OUT_04604,148.17344345791494
OUT_04605,146.0605506285646
OUT_04606,898.017469893897
OUT_04607,312.68605523826375
OUT_04608,112.52738580820886
OUT_04609,1100.3454823215582
OUT_04610,904.3416650714
OUT_04611,988.9226278282238
OUT_04612,938.3516194328672
OUT_04613,936.7350940742302
OUT_04614,89.8638540348953
OUT_04615,1001.5286408449022
OUT_04616,103.77016821902885
OUT_04617,231.7117407395922
OUT_04618,417.06865582995636
OUT_04619,341.6260852204801
OUT_04620,990.4907868550796
OUT_04621,437.69528788849766
OUT_04622,278.5120630152095
OUT_04623,104.39424197792356
OUT_04624,284.9107101179232
OUT_04625,336.75529898121954
OUT_04626,1002.4650231628442
OUT_04627,409.0181916008114
OUT_04628,243.7212034966648
OUT_04629,280.24817573567145
OUT_04630,294.3445189115483
OUT_04631,144.60195855005745
OUT_04632,110.45114598224478
OUT_04633,373.9330188605679
OUT_04634,371.79647600862666
OUT_04635,95.25944973047422
OUT_04636,135.55421168994897
OUT_04637,249.7360477048559
OUT_04638,440.00074729124583
OUT_04639,124.44279814518507
OUT_04640,1109.4057043762316
OUT_04641,432.63020229199344
OUT_04642,144.5001080035256
OUT_04643,390.67777235762594
OUT_04644,1009.4975406951536
OUT_04645,97.49327292054444
OUT_04646,215.79628578003104
OUT_04647,123.82378005207713
OUT_04648,350.8557087154898
OUT_04649,141.33761637481587
OUT_04650,118.45639985314104
OUT_04651,994.9304067931944
OUT_04652,98.70348850085792
OUT_04653,98.46881346023196
OUT_04654,207.04624343268074
OUT_04655,72.9946939153683
OUT_04656,108.12026265442624
OUT_04657,196.9888411602953
OUT_04658,113.52030414493548
OUT_04659,124.00575843634095
OUT_04660,339.7659356050782
OUT_04661,346.81878500392935
OUT_04662,106.77121353029835
OUT_04663,386.87802922052515
OUT_04664,867.7143600502012
OUT_04665,100.66871822942323
OUT_04666,372.5230359971089
OUT_04667,949.9504801036873
OUT_04668,84.4947605029316
OUT_04669,291.6020059221754
OUT_04670,159.6079959292545
OUT_04671,373.09696364071215
OUT_04672,277.3768519463679
OUT_04673,129.67567278932427
OUT_04674,321.090009636909
OUT_04675,316.37755906902095
OUT_04676,966.6158531449494
OUT_04677,345.03224689848
OUT_04678,1399.9511968793286
OUT_04679,879.926541981543
OUT_04680,255.5884603339112
OUT_04681,344.93844582498934
OUT_04682,143.7554711485505
OUT_04683,288.9063804357264
OUT_04684,135.9737273417653
OUT_04685,280.291472139513
OUT_04686,369.8801381438743
OUT_04687,137.18213139338022
OUT_04688,102.83323976757636
OUT_04689,99.82500111030042
OUT_04690,116.54346476186498
OUT_04691,73.38446615241887
OUT_04692,148.82069591250018
OUT_04693,104.17532511483819
OUT_04694,907.4452966556612
OUT_04695,355.8814285987228
OUT_04696,135.69339990211654
OUT_04697,277.88336034578765
OUT_04698,277.0572461414687
OUT_04699,331.0928894749921
OUT_04700,318.2004236835207
OUT_04701,946.1850888374038
OUT_04702,454.2292755690896
OUT_04703,931.5992849356564
OUT_04704,896.3741784963972
OUT_04705,187.27394032446637
OUT_04706,872.3430188448178
OUT_04707,348.7673965118844
OUT_04708,140.685834512033
OUT_04709,145.24136329032743
OUT_04710,318.5788553670385
OUT_04711,94.11385600861512
OUT_04712,139.92427366010372
OUT_04713,931.2265211545672
OUT_04714,877.6628009483247
OUT_04715,223.52783554425454
OUT_04716,278.8935143461499
OUT_04717,91.07693486320376
OUT_04718,902.7640324457356
OUT_04719,233.99593219998644
OUT_04720,287.14031978295196
OUT_04721,336.9098463371513
OUT_04722,138.02061030152697
OUT_04723,213.17236122961236
OUT_04724,914.1123905495748
OUT_04725,278.97168349861636
OUT_04726,283.0791410001208
OUT_04727,140.80332305146584
OUT_04728,322.8931980041698
OUT_04729,367.8786754572441
OUT_04730,165.93773842407023
OUT_04731,260.68582261474586
OUT_04732,153.74302731367996
OUT_04733,917.4495617791966
OUT_04734,933.295863170924
OUT_04735,78.89867505082165
OUT_04736,410.0136305332003
OUT_04737,980.6393690152664
OUT_04738,129.62033740006527
OUT_04739,133.74879833588147
OUT_04740,108.57034688583693
OUT_04741,366.3354596256447
OUT_04742,992.4426104010454
OUT_04743,262.23199145709964
OUT_04744,280.4737525884735
OUT_04745,149.6176323918925
OUT_04746,836.6329035415181
OUT_04747,269.77417940712576
OUT_04748,445.0320755021763
OUT_04749,210.27150892520632
OUT_04750,94.93601981306378
OUT_04751,962.4131779779078
OUT_04752,1104.1346634848583
OUT_04753,242.341588229136
OUT_04754,422.4144969094533
OUT_04755,334.8267704348409
OUT_04756,285.8243411766801
OUT_04757,146.33606379584918
OUT_04758,906.959555381685
OUT_04759,342.08105044633214
OUT_04760,103.9686346612276
OUT_04761,320.3091074363939
OUT_04762,227.98374421486727
OUT_04763,211.07136284613102
OUT_04764,86.0417841770715
OUT_04765,322.2553643166159
OUT_04766,751.6138103093372
OUT_04767,250.11979839261113
OUT_04768,979.8008176235136
OUT_04769,598.9830929344381
OUT_04770,96.7264367030466
OUT_04771,116.74280588668972
OUT_04772,953.7961558309288
OUT_04773,100.23247576909398
OUT_04774,317.16621505588995
OUT_04775,124.19523656201208
OUT_04776,290.0355278907141
OUT_04777,102.72531529073554
OUT_04778,327.25327944047035
OUT_04779,344.84417218575385
OUT_04780,140.21547573374974
OUT_04781,282.79094229696153
OUT_04782,415.34859574081224
OUT_04783,255.8602522379038
OUT_04784,292.1725511925684
OUT_04785,287.29598405388424
OUT_04786,456.5120435661304
OUT_04787,435.41997321020756
OUT_04788,332.0450441247837
OUT_04789,356.01937977024284
OUT_04790,1106.2198079958696
OUT_04791,763.9828799278262
OUT_04792,88.05023587707059
OUT_04793,114.99502210461782
OUT_04794,340.8747757163237
OUT_04795,919.4837693647826
OUT_04796,369.3778107851882
OUT_04797,345.6134121460559
OUT_04798,955.9131960192722
OUT_04799,79.94799864128822
OUT_04800,204.15414890026472
OUT_04801,128.41486416987084
OUT_04802,384.21183031487
OUT_04803,370.1755990273351
OUT_04804,990.560504970106
OUT_04805,110.50349998072228
OUT_04806,247.75432795593431
OUT_04807,319.02102995220605
OUT_04808,925.8528870144976
OUT_04809,107.59838085644128
OUT_04810,337.14926633084434
OUT_04811,940.352561082523
OUT_04812,1115.027857232996
OUT_04813,235.3113431409077
OUT_04814,939.065886927202
OUT_04815,169.35886101133391
OUT_04816,109.82716639479668
OUT_04817,284.15025719969265
OUT_04818,300.05513541868964
OUT_04819,1266.3124054602822
OUT_04820,111.37492017133007
OUT_04821,207.34212372765947
OUT_04822,145.16680832533484
OUT_04823,363.1130254550513
OUT_04824,115.36736900150173
OUT_04825,130.23144692119095
OUT_04826,139.4894938952424
OUT_04827,263.5047975808915
OUT_04828,406.7782218717714
OUT_04829,125.2973243766849
OUT_04830,974.3929402240252
OUT_04831,153.77546749479075
OUT_04832,325.6039672515241
OUT_04833,476.9650152800938
OUT_04834,219.13674305341056
OUT_04835,1203.8406840056782
OUT_04836,297.1965234374884
OUT_04837,97.46658992580798
OUT_04838,105.52996124363321
OUT_04839,92.70081298850326
OUT_04840,320.34225270544715
OUT_04841,380.1393177559074
OUT_04842,98.35651270658474
OUT_04843,235.7774261439789
OUT_04844,986.8156181103136
OUT_04845,199.75360545615203
OUT_04846,181.1678695791992
OUT_04847,101.93137594078691
OUT_04848,239.48391808344863
OUT_04849,330.5452305192957
OUT_04850,157.38220046972904
OUT_04851,329.4834942324058
OUT_04852,244.66162108010906
OUT_04853,1238.964086615624
OUT_04854,868.7006947128461
OUT_04855,140.9981678323789
OUT_04856,440.0633617984246
OUT_04857,820.4139514082796
OUT_04858,330.8000968491375
OUT_04859,306.19235182944493
OUT_04860,285.6262446042534
OUT_04861,289.0695291554265
OUT_04862,280.37015694618344
OUT_04863,300.3177113492251
OUT_04864,289.9500625464813
OUT_04865,344.71549341105793
OUT_04866,252.76880942282304
OUT_04867,240.0401985990569
OUT_04868,354.3561245319561
OUT_04869,1017.5798821562722
OUT_04870,309.30454814731513
OUT_04871,209.7008577224846
OUT_04872,303.44521140480435
OUT_04873,920.4337830585292
OUT_04874,132.9107078793266
OUT_04875,250.36188251315085
OUT_04876,247.39713428374316
OUT_04877,101.08775782876002
OUT_04878,121.77653275289805
OUT_04879,1206.4306604092365
OUT_04880,128.4336226228233
OUT_04881,107.16101854624948
OUT_04882,335.8338348070174
OUT_04883,116.94102646287948
OUT_04884,247.35120024917674
OUT_04885,903.157411382874
OUT_04886,383.83661253791445
OUT_04887,757.4002784114607
OUT_04888,114.87033692729337
OUT_04889,379.174031280265
OUT_04890,103.10571269039525
OUT_04891,400.95924015329217
OUT_04892,872.9396378480241
OUT_04893,286.1772401445801
OUT_04894,148.99587727459183
OUT_04895,362.86755517662016
OUT_04896,148.3428991517127
OUT_04897,274.3871535438404
OUT_04898,923.654796116814
OUT_04899,375.78129978295317
OUT_04900,356.7684807387134
OUT_04901,309.730189988778
OUT_04902,157.77011924401805
OUT_04903,291.1268339474116
OUT_04904,443.7419501491754
OUT_04905,240.0584764315872
OUT_04906,146.43391666440297
OUT_04907,139.95228744961628
OUT_04908,99.9850139036928
OUT_04909,156.0674532066057
OUT_04910,277.7677041119074
OUT_04911,136.3305015801215
OUT_04912,278.11902339071685
OUT_04913,937.3965566448894
OUT_04914,315.74388163245237
OUT_04915,100.79962867113538
OUT_04916,103.59422936566747
OUT_04917,442.20173627555425
OUT_04918,162.08462634639923
OUT_04919,1174.824920148819
OUT_04920,315.3220337860844
OUT_04921,312.9909580536372
OUT_04922,289.2821399033355
OUT_04923,170.94701704586475
OUT_04924,902.426750819758
OUT_04925,958.7347686298268
OUT_04926,89.1864312224171
OUT_04927,251.510660013155
OUT_04928,264.9565970937863
OUT_04929,445.423244418997
OUT_04930,124.79529304892458
OUT_04931,99.8501726465846
OUT_04932,247.7901821004713
OUT_04933,93.5844923053133
OUT_04934,298.2578726673836
OUT_04935,95.12448592017036
OUT_04936,375.4213394224678
OUT_04937,372.5949681363053
OUT_04938,107.2030045067614
OUT_04939,146.3215953388046
OUT_04940,89.97196993765643
OUT_04941,851.9357351925271
OUT_04942,945.0039469353696
OUT_04943,281.57477047731334
OUT_04944,963.7005985165608
OUT_04945,379.90859590659693
OUT_04946,89.40414196709298
OUT_04947,796.8115140163751
OUT_04948,213.14202086440855
OUT_04949,297.6209659315643
OUT_04950,409.649147176508
OUT_04951,129.86090476819973
OUT_04952,445.68509733685346
OUT_04953,924.9572576323357
OUT_04954,296.5924708425365
OUT_04955,89.64322669248891
OUT_04956,159.23642537373263
OUT_04957,87.47906112406915
OUT_04958,109.4441041061227
OUT_04959,301.0840998638435
OUT_04960,166.99076509274497
OUT_04961,89.1132429656089
OUT_04962,1161.6459527259635
OUT_04963,371.373724307011
OUT_04964,225.27564689980233
OUT_04965,264.26190982044307
OUT_04966,117.5084467702275
OUT_04967,120.99363358582376
OUT_04968,351.7030446214624
OUT_04969,287.7852597557073
OUT_04970,96.67217120494118
OUT_04971,946.783246339932
OUT_04972,337.7966968352903
OUT_04973,1028.1370943735733
OUT_04974,238.62612354769712
OUT_04975,119.51496967750907
OUT_04976,170.8204972368232
OUT_04977,83.23233490097552
OUT_04978,304.84429421699
OUT_04979,1174.7177886944703
OUT_04980,231.5067764615968
OUT_04981,148.99519870993447
OUT_04982,386.3494034608534
OUT_04983,831.1514548162611
OUT_04984,140.62735442171527
OUT_04985,900.5541739012057
OUT_04986,313.4755580550251
OUT_04987,236.45546789548476
OUT_04988,306.8175686297885
OUT_04989,276.518607548205
OUT_04990,441.9689315669699
OUT_04991,77.32938508717605
OUT_04992,904.4775501665656
OUT_04993,109.78839540155629
OUT_04994,249.7699400313558
OUT_04995,170.35119531563268
OUT_04996,401.2693998407815
OUT_04997,101.06966756938502
OUT_04998,329.8925396569031
OUT_04999,301.16186921620664
OUT_05000,163.5797276002683
OUT_05001,80.27359200147768
OUT_05002,125.3984121812654
OUT_05003,138.04066794966474
OUT_05004,132.7496079378122
OUT_05005,328.8284117227668
OUT_05006,110.75716442194349
OUT_05007,1084.4311791393227
OUT_05008,185.66149420391412
OUT_05009,235.2621959539214
OUT_05010,127.90752952778888
OUT_05011,334.823220731299
OUT_05012,177.59422297801663
OUT_05013,145.39706691000683
OUT_05014,332.5252911291111
OUT_05015,321.03702679050116
OUT_05016,380.4041467285547
OUT_05017,446.73702618712343
OUT_05018,254.55840946333635
OUT_05019,126.14055535252862
OUT_05020,405.22712241688805
OUT_05021,295.23085788631425
OUT_05022,84.95638501347065
OUT_05023,254.96148594043197
OUT_05024,286.00917879452936
OUT_05025,167.6525722299092
OUT_05026,340.8866786507719
OUT_05027,122.469604884429
OUT_05028,177.60301762606727
OUT_05029,323.67740066345516
OUT_05030,529.7549061805894
OUT_05031,357.2246046358608
OUT_05032,182.68173354192982
OUT_05033,421.45963351486967
OUT_05034,369.71514988825925
OUT_05035,154.02299732101284
OUT_05036,136.53324964470733
OUT_05037,102.9241590182634
OUT_05038,96.0284277631814
OUT_05039,359.4004115554806
OUT_05040,115.37552478532518
OUT_05041,91.79642871770496
OUT_05042,150.70504666186392
OUT_05043,105.96341376070332
OUT_05044,406.2495395683176
OUT_05045,858.7747660578294
OUT_05046,907.2515701942316
OUT_05047,126.70847462436592
OUT_05048,127.2645053702102
OUT_05049,143.49631918804624
OUT_05050,1222.8990445203406
OUT_05051,87.40554212867974
OUT_05052,964.0986481083744
OUT_05053,317.4968023533338
OUT_05054,97.69726220578193
OUT_05055,110.5980990451394
OUT_05056,347.7337693934906
OUT_05057,409.8863995735162
OUT_05058,124.49866336756222
OUT_05059,351.84611786315736
OUT_05060,115.7554062594069
OUT_05061,303.52046038592755
OUT_05062,288.95777589757427
OUT_05063,186.7354509818225
OUT_05064,387.7082898486848
OUT_05065,357.9721542125873
OUT_05066,399.3085255691444
OUT_05067,114.72089490195523
OUT_05068,104.50965698528842
OUT_05069,160.42049763605957
OUT_05070,401.45511414371936
OUT_05071,1107.2661212412474
OUT_05072,405.30889393652467
OUT_05073,304.746391009601
OUT_05074,120.25978254980116
OUT_05075,127.82182291342438
OUT_05076,104.25944901344964
OUT_05077,83.86383415590663
OUT_05078,411.65327248979395
OUT_05079,946.709498836809
OUT_05080,242.76891379457345
OUT_05081,129.76632039676812
OUT_05082,235.71629198920337
OUT_05083,350.46492302831814
OUT_05084,277.7080726529162
OUT_05085,274.6064097608793
OUT_05086,118.0936312735691
OUT_05087,288.4219700307077
OUT_05088,237.55180803347312
OUT_05089,279.816957902276
OUT_05090,303.23246493250184
OUT_05091,833.0157037542592
OUT_05092,1106.8488417141325
OUT_05093,352.3574762948193
OUT_05094,336.0374105995767
OUT_05095,1181.4755656204325
OUT_05096,182.50732525225953
OUT_05097,911.5228381336055
OUT_05098,113.83123120168187
OUT_05099,114.27409585119749
OUT_05100,406.0072279092891
OUT_05101,936.2281211823056
OUT_05102,286.7645199234101
OUT_05103,236.51532841071733
OUT_05104,903.8909210867682
OUT_05105,99.67333093327112
OUT_05106,121.15189274864149
OUT_05107,302.1390182830972
OUT_05108,120.39742155152872
OUT_05109,94.1171637815966
OUT_05110,144.38982981414188
OUT_05111,91.94902642278484
OUT_05112,384.3573017340117
OUT_05113,116.03762962468424
OUT_05114,167.47360208287756
OUT_05115,893.5179402243919
OUT_05116,283.0947730584492
OUT_05117,115.92549473879704
OUT_05118,238.43578107915692
OUT_05119,296.2813764020695
OUT_05120,1136.95372741367
OUT_05121,200.02957185995456
OUT_05122,933.5306706659044
OUT_05123,236.2484407913408
OUT_05124,444.74415185224973
OUT_05125,115.21339536495849
OUT_05126,195.2025710588988
OUT_05127,210.55096003082343
OUT_05128,272.75205895260035
OUT_05129,339.89581523847335
OUT_05130,902.0684905675032
OUT_05131,413.1195560077932
OUT_05132,238.7527226057283
OUT_05133,1227.581601851448
OUT_05134,292.0363457232252
OUT_05135,241.27541431086053
OUT_05136,303.6825405778094
OUT_05137,108.5924062157227
OUT_05138,106.78632057399462
OUT_05139,100.3198995259525
OUT_05140,145.9859278741339
OUT_05141,464.2000198828259
OUT_05142,953.693212026694
OUT_05143,246.10610490902965
OUT_05144,126.85470892627774
OUT_05145,144.7349796473516
OUT_05146,174.31805819281934
OUT_05147,293.7607780197864
OUT_05148,103.75911772448173
OUT_05149,261.56421534518404
OUT_05150,280.7203716709013
OUT_05151,285.33064057573733
OUT_05152,199.71248686378738
OUT_05153,118.33439327426858
OUT_05154,108.4100310021513
OUT_05155,364.7943627654861
OUT_05156,1124.798915243107
OUT_05157,1245.9565202876736
OUT_05158,88.21358728647563
OUT_05159,312.192760971389
OUT_05160,244.9210861102625
OUT_05161,853.0900891159565
OUT_05162,968.7367199044602
OUT_05163,368.92388994229736
OUT_05164,192.0057411271811
OUT_05165,98.95475074045888
OUT_05166,1006.9784197774778
OUT_05167,397.3818362731522
OUT_05168,911.8829436225286
OUT_05169,322.2987902601963
OUT_05170,885.5400766218617
OUT_05171,109.29549833414828
OUT_05172,376.1891627955398
OUT_05173,128.92034562042352
OUT_05174,330.6564916114685
OUT_05175,815.9564893385345
OUT_05176,886.5169044372865
OUT_05177,354.1192555676979
OUT_05178,941.5631383313388
OUT_05179,177.83244498135758
OUT_05180,108.2379544553551
OUT_05181,1160.501993117439
OUT_05182,96.78515770793749
OUT_05183,277.27354703008814
OUT_05184,120.30173024835388
OUT_05185,945.2707912989754
OUT_05186,968.522703602356
OUT_05187,270.0174857174133
OUT_05188,1018.9835482227973
OUT_05189,132.41865989994108
OUT_05190,167.9577044154879
OUT_05191,191.62320161261175
OUT_05192,322.8179036939116
OUT_05193,119.72773096594216
OUT_05194,291.36097653716826
OUT_05195,392.9811152249764
OUT_05196,103.12722981360255
OUT_05197,903.7699147412724
OUT_05198,1188.9699702953128
OUT_05199,313.6855151356446
OUT_05200,114.92210502207202
OUT_05201,960.6142132809024
OUT_05202,101.18107282643658
OUT_05203,366.0861193579573
OUT_05204,1110.3974818905847
OUT_05205,1339.970023298387
OUT_05206,381.63799836290855
OUT_05207,365.16055356424306
OUT_05208,127.7703817971861
OUT_05209,136.11420509409874
OUT_05210,320.2927427930115
OUT_05211,363.5747003960021
OUT_05212,250.29388160050524
OUT_05213,98.50324794529772
OUT_05214,119.16034269131204
OUT_05215,103.2505706436692
OUT_05216,896.8867389255572
OUT_05217,179.1500481693563
OUT_05218,278.74455523391987
OUT_05219,105.09020915426353
OUT_05220,263.2154750202069
OUT_05221,216.64423347174807
OUT_05222,997.3994984726088
OUT_05223,388.76893322668354
OUT_05224,95.79626800024964
OUT_05225,280.73975421087766
OUT_05226,316.9492535603621
OUT_05227,151.05393171833953
OUT_05228,105.64004974616736
OUT_05229,179.4667743268597
OUT_05230,1182.9489119464622
OUT_05231,1245.9138770828094
OUT_05232,303.3609227562074
OUT_05233,948.9431396675644
OUT_05234,321.8785082017424
OUT_05235,113.95487664483903
OUT_05236,238.2606559643014
OUT_05237,267.96300651629514
OUT_05238,346.11854682542605
OUT_05239,282.6372666090484
OUT_05240,337.6710654009073
OUT_05241,107.46761097368416
OUT_05242,204.45644345952775
OUT_05243,303.92318535879855
OUT_05244,311.46636647813455
OUT_05245,206.68742975353496
OUT_05246,162.3352369193073
OUT_05247,183.1403862643936
OUT_05248,287.9255169599017
OUT_05249,302.33196066058935
OUT_05250,1210.988595191805
OUT_05251,79.39276924135797
OUT_05252,266.21204308407675
OUT_05253,403.6435277554932
OUT_05254,96.31520933531326
OUT_05255,917.6851450434162
OUT_05256,872.4675606422547
OUT_05257,944.9911134093346
OUT_05258,338.4227961751944
OUT_05259,903.4065666570236
OUT_05260,327.51541838224944
OUT_05261,402.11115843309835
OUT_05262,110.25634560014038
OUT_05263,98.65132287489784
OUT_05264,919.5833631054178
OUT_05265,327.83607637064995
OUT_05266,362.70871466725566
OUT_05267,310.05182551562166
OUT_05268,160.78338000800662
OUT_05269,1169.5034196164388
OUT_05270,416.7434756986129
OUT_05271,850.5646492857699
OUT_05272,965.2851386168865
OUT_05273,138.74145016795967
OUT_05274,432.84585156319395
OUT_05275,119.75889365416047
OUT_05276,127.67286254073193
OUT_05277,244.31597094199773
OUT_05278,82.02246063853624
OUT_05279,60.449538661500014
OUT_05280,1110.39740386634
OUT_05281,361.1387475743519
OUT_05282,290.61807547855403
OUT_05283,459.9655490308959
OUT_05284,157.78003757378576
OUT_05285,126.54883959839256
OUT_05286,892.3695949702783
OUT_05287,851.447558668187
OUT_05288,201.79240553725683
OUT_05289,402.7622480791707
OUT_05290,299.3660790232726
OUT_05291,130.88881099337345
OUT_05292,804.0066165164143
OUT_05293,209.6861631435153
OUT_05294,140.96034678141413
OUT_05295,342.74170584558647
OUT_05296,126.14067952332118
OUT_05297,1103.1528957383493
OUT_05298,170.92218387152073
OUT_05299,811.3150474298124
OUT_05300,288.96239905862353
OUT_05301,374.32569619813296
OUT_05302,921.2940036277272
OUT_05303,165.32754184504586
OUT_05304,168.25000145248498
OUT_05305,379.0736415464791
OUT_05306,240.5112228175002
OUT_05307,405.7683600391198
OUT_05308,228.98488493077863
OUT_05309,120.77386292955117
OUT_05310,121.13239283333384
OUT_05311,341.0102058334633
OUT_05312,99.06015801774498
OUT_05313,240.2738749187064
OUT_05314,256.1462913733641
OUT_05315,174.05670243614216
OUT_05316,292.40165269649293
OUT_05317,138.0032441018422
OUT_05318,946.2477426077209
OUT_05319,320.28560569544874
OUT_05320,302.4109509015016
OUT_05321,366.5920240598748
OUT_05322,187.580524208339
OUT_05323,240.16225225331635
OUT_05324,309.5208300114947
OUT_05325,978.287014866826
OUT_05326,109.55394300916848
OUT_05327,159.2779381429723
OUT_05328,339.59107213628283
OUT_05329,780.4602191865805
OUT_05330,189.83314080827955
OUT_05331,139.31397426461743
OUT_05332,993.862377032301
OUT_05333,994.8645429689934
OUT_05334,502.36313826291405
OUT_05335,231.70591209684954
OUT_05336,253.0818088117133
OUT_05337,431.01204839934985
OUT_05338,223.84546639415046
OUT_05339,81.08809389453909
OUT_05340,978.2400005760704
OUT_05341,86.29902730711726
OUT_05342,208.5551206242457
OUT_05343,348.5271691054421
OUT_05344,281.6295357761907
OUT_05345,97.49986056321684
OUT_05346,276.9003317927202
OUT_05347,221.2203486188438
OUT_05348,381.16609770869786
OUT_05349,906.4498143083854
OUT_05350,377.80755250251025
OUT_05351,863.1624495283279
OUT_05352,235.82793851546103
OUT_05353,108.48299937109067
OUT_05354,336.079342547588
OUT_05355,1217.6089531931923
OUT_05356,377.2017713053915
OUT_05357,878.3207319897514
OUT_05358,855.5829627234507
OUT_05359,355.6773511824573
OUT_05360,262.1493118757662
OUT_05361,127.41964496905811
OUT_05362,261.8990016037324
OUT_05363,135.0911048555776
OUT_05364,123.89699363980483
OUT_05365,89.85001259415134
OUT_05366,1253.6956220947266
OUT_05367,396.62548852041675
OUT_05368,202.39943553028255
OUT_05369,418.92383903444875
OUT_05370,247.50184850826034
OUT_05371,229.5615005164161
OUT_05372,310.713230774274
OUT_05373,437.5936658782614
OUT_05374,336.1204769370436
OUT_05375,954.955315609347
OUT_05376,343.38678470756724
OUT_05377,870.1836339062567
OUT_05378,160.8396383220058
OUT_05379,346.7871770058083
OUT_05380,123.46274821410043
OUT_05381,107.54204515816424
OUT_05382,154.91704840955865
OUT_05383,334.1373733886617
OUT_05384,937.5894814232224
OUT_05385,332.7790264950395
OUT_05386,119.81717486066559
OUT_05387,1112.7271082673383
OUT_05388,249.47670813968975
OUT_05389,84.42722964371237
OUT_05390,160.58088952737444
OUT_05391,112.2614209800305
OUT_05392,290.7327474916946
OUT_05393,333.7438611645548
OUT_05394,101.58019146219716
OUT_05395,142.41993119326148
OUT_05396,390.24480838043854
OUT_05397,205.51589901887985
OUT_05398,135.82605329956095
OUT_05399,110.06186287818424
OUT_05400,210.05799668210742
OUT_05401,401.163019547874
OUT_05402,340.8817189024928
OUT_05403,898.9389161710499
OUT_05404,342.5722321466288
OUT_05405,259.07022943017563
OUT_05406,413.0483293764365
OUT_05407,853.0478721004253
OUT_05408,491.5753688047771
OUT_05409,385.3338472454494
OUT_05410,913.5790122440186
OUT_05411,110.13817811188949
OUT_05412,904.0891921210532
OUT_05413,300.9343277830626
OUT_05414,90.7197998998308
OUT_05415,341.13221545272347
OUT_05416,360.8677485778819
OUT_05417,147.5748689043147
OUT_05418,902.3573324846672
OUT_05419,236.54750786759547
OUT_05420,125.2981016872068
OUT_05421,151.27051054271234
OUT_05422,375.53504640573124
OUT_05423,118.98429856118672
OUT_05424,374.27276748177775
OUT_05425,335.6073785781468
OUT_05426,1236.0472809115158
OUT_05427,958.4861293611154
OUT_05428,972.9541171806582
OUT_05429,95.93836746231018
OUT_05430,1204.4919174812112
OUT_05431,291.1781370722168
OUT_05432,131.87772037759797
OUT_05433,111.19139853928704
OUT_05434,527.1914442466748
OUT_05435,343.7208558793634
OUT_05436,142.0866029007663
OUT_05437,262.0241913984687
OUT_05438,123.04152256422957
OUT_05439,322.12795614198774
OUT_05440,120.33365191723428
OUT_05441,107.40610451436484
OUT_05442,877.9159222058263
OUT_05443,325.2780441345891
OUT_05444,125.26393615287984
OUT_05445,282.02552740560327
OUT_05446,267.33400922346317
OUT_05447,354.2840739740821
OUT_05448,918.9883634402348
OUT_05449,239.8191990302012
OUT_05450,348.02683127760315
OUT_05451,419.81170755296637
OUT_05452,959.8451434116382
OUT_05453,1120.0196457975003
OUT_05454,303.7969750090578
OUT_05455,325.9010038837431
OUT_05456,403.9728347702435
OUT_05457,267.7412142483651
OUT_05458,322.9276845282111
OUT_05459,948.425613588866
OUT_05460,275.91884248928017
OUT_05461,430.4748695156344
OUT_05462,272.4767379506468
OUT_05463,239.70193969410084
OUT_05464,121.0257782838191
OUT_05465,1174.953683456832
OUT_05466,339.1885954245985
OUT_05467,106.61618486061522
OUT_05468,335.1239830989275
OUT_05469,221.45541082638488
OUT_05470,1136.3816615268756
OUT_05471,144.86167333258095
OUT_05472,333.51139130786333
OUT_05473,401.4345787765483
OUT_05474,161.09803706791857
OUT_05475,103.83371362920865
OUT_05476,239.4941126889254
OUT_05477,93.71673881196614
OUT_05478,922.2202293087282
OUT_05479,128.63067281545494
OUT_05480,104.48015478055808
OUT_05481,134.39507869058033
OUT_05482,970.1654239990896
OUT_05483,829.1210650143229
OUT_05484,83.79836803675164
OUT_05485,1236.0315090543306
OUT_05486,950.3238762645124
OUT_05487,269.200881686544
OUT_05488,280.90528104635973
OUT_05489,286.75117607912244
OUT_05490,893.9890650170232
OUT_05491,95.35954512481008
OUT_05492,302.76509528824647
OUT_05493,1015.6357238955376
OUT_05494,468.3125524843857
OUT_05495,928.4038358822112
OUT_05496,104.80130625702556
OUT_05497,836.4979009361695
OUT_05498,120.03798353039062
OUT_05499,277.1903557226892
OUT_05500,325.16245843049506
OUT_05501,935.479396177256
OUT_05502,82.7700278751123
OUT_05503,463.8708123763431
OUT_05504,286.82635106381565
OUT_05505,372.8201193104901
OUT_05506,295.1616639138149
OUT_05507,72.5454005730055
OUT_05508,950.7027899285796
OUT_05509,380.8625893407034
OUT_05510,177.5430763792948
OUT_05511,958.3675396991962
OUT_05512,379.8763318598362
OUT_05513,267.27631365020056
OUT_05514,885.4284543913731
OUT_05515,100.30158537205357
OUT_05516,280.1381368420781
OUT_05517,235.9619611419034
OUT_05518,159.7100773617516
OUT_05519,136.594214173744
OUT_05520,161.40478473107922
OUT_05521,153.0062758049294
OUT_05522,349.9314837883056
OUT_05523,858.3958983223276
OUT_05524,151.62020236886855
OUT_05525,324.6293669332507
OUT_05526,280.0371919934916
OUT_05527,144.83493244912705
OUT_05528,150.75082895995592
OUT_05529,159.2740995263028
OUT_05530,442.59207064870577
OUT_05531,117.16111162923256
OUT_05532,277.3936628927419
OUT_05533,134.45232320002347
OUT_05534,276.9594574154813
OUT_05535,319.0594258311363
OUT_05536,317.16423346132325
OUT_05537,780.1101246639313
OUT_05538,366.02643921163656
OUT_05539,283.2681227140538
OUT_05540,975.504509300095
OUT_05541,188.85612369724984
OUT_05542,786.3966571701786
OUT_05543,846.7315835252016
OUT_05544,332.0476105586258
OUT_05545,434.61299600125596
OUT_05546,125.92999172851503
OUT_05547,130.11685162997918
OUT_05548,139.39198332030662
OUT_05549,167.49501386831065
OUT_05550,238.01516563945458
OUT_05551,860.9833016111128
OUT_05552,942.9626812601948
OUT_05553,401.2037382391761
OUT_05554,262.5769162824645
OUT_05555,862.4076693226876
OUT_05556,116.4186117313844
OUT_05557,106.36583606466426
OUT_05558,142.55579975330585
OUT_05559,146.66600546417234
OUT_05560,427.9764147967809
OUT_05561,227.47291807097616
OUT_05562,463.4810638015258
OUT_05563,302.52507264355046
OUT_05564,1218.9067956072238
OUT_05565,909.5621752343834
OUT_05566,148.50436058174304
OUT_05567,126.67547800827732
OUT_05568,352.14839751362126
OUT_05569,897.7904500405123
OUT_05570,90.20135170755256
OUT_05571,944.2795834398046
OUT_05572,120.38705363597303
OUT_05573,428.7252551550356
OUT_05574,115.09526826812288
OUT_05575,998.7576818429516
OUT_05576,844.8477473956509
OUT_05577,862.510503097076
OUT_05578,1265.50756503968
OUT_05579,806.5009752221962
OUT_05580,333.5426374334625
OUT_05581,110.37016438411344
OUT_05582,152.518864355208
OUT_05583,128.3979686720768
OUT_05584,295.29162869373226
OUT_05585,407.69684755041783
OUT_05586,382.0401491051241
OUT_05587,248.01046402163186
OUT_05588,297.82715530613973
OUT_05589,129.05939139027564
OUT_05590,236.621688210624
OUT_05591,281.6281301586708
OUT_05592,1197.776905604483
OUT_05593,985.0202829816004
OUT_05594,402.5272235853864
OUT_05595,161.37632096755073
OUT_05596,148.2785792567964
OUT_05597,1195.847540868933
OUT_05598,416.9174742989409
OUT_05599,87.38189355060155
OUT_05600,119.47055495341296
OUT_05601,142.87788687701502
OUT_05602,106.87610490956756
OUT_05603,338.82808995644905
OUT_05604,982.7608514753184
OUT_05605,313.9792613197636
OUT_05606,1096.4702505837972
OUT_05607,299.9233427417158
OUT_05608,315.1089400110649
OUT_05609,458.7512916370971
OUT_05610,161.04392459002668
OUT_05611,100.50814119750385
OUT_05612,101.5380932362546
OUT_05613,948.3668460625406
OUT_05614,266.390865326759
OUT_05615,450.4539667799536
OUT_05616,245.30862493207928
OUT_05617,136.65814935741702
OUT_05618,282.5754259750965
OUT_05619,884.6603307234237
OUT_05620,973.706244678007
OUT_05621,937.155930355424
OUT_05622,145.0653805815487
OUT_05623,448.89373407998187
OUT_05624,148.26817921627338
OUT_05625,400.20279485267884
OUT_05626,972.3071688726584
OUT_05627,101.24047514983071
OUT_05628,161.2513655636709
OUT_05629,89.01393492115193
OUT_05630,328.44107243703803
OUT_05631,314.9980810172959
OUT_05632,252.53143293923247
OUT_05633,432.6334460348377
OUT_05634,161.28060808021064
OUT_05635,348.4559249741809
OUT_05636,67.69249672980206
OUT_05637,226.97354385032486
OUT_05638,404.22272376541184
OUT_05639,1000.611953149456
OUT_05640,1139.092576700475
OUT_05641,130.96388733335442
OUT_05642,107.71475298377146
OUT_05643,350.43873898407816
OUT_05644,263.77483580235537
OUT_05645,327.22702411985745
OUT_05646,166.71419556999908
OUT_05647,331.67442929236216
OUT_05648,133.12181175612844
OUT_05649,140.8783524794483
OUT_05650,419.95262332871096
OUT_05651,270.1308395062
OUT_05652,393.4306894959717
OUT_05653,113.18895889208852
OUT_05654,394.75911743962865
OUT_05655,873.0646805662496
OUT_05656,435.91083009373017
OUT_05657,921.9597794709936
OUT_05658,932.6661460720338
OUT_05659,101.01733086022594
OUT_05660,85.51125991592974
OUT_05661,297.071038123823
OUT_05662,96.21423852552338
OUT_05663,129.40840260054415
OUT_05664,857.2634810653794
OUT_05665,383.5718164904324
OUT_05666,131.99930692228102
OUT_05667,418.1489995588712
OUT_05668,318.33841169852053
OUT_05669,137.32954504986952
OUT_05670,366.2984497160167
OUT_05671,455.50125396211683
OUT_05672,130.96463427400417
OUT_05673,375.0043269265235
OUT_05674,164.90800520884704
OUT_05675,140.6805724750867
OUT_05676,363.93543523128074
OUT_05677,281.0137038508646
OUT_05678,137.79505130313103
OUT_05679,378.6911930392704
OUT_05680,231.27112826131523
OUT_05681,116.29895655701776
OUT_05682,850.0944142376107
OUT_05683,72.60838783847893
OUT_05684,289.2859835877191
OUT_05685,353.14487499575023
OUT_05686,123.78778185038183
OUT_05687,220.22978647503464
OUT_05688,313.0949321128776
OUT_05689,294.0575979115524
OUT_05690,303.52513514391444
OUT_05691,892.5777455832315
OUT_05692,950.9257902509192
OUT_05693,299.29108788902334
OUT_05694,1158.499682894152
OUT_05695,136.97860699342874
OUT_05696,153.30867404397674
OUT_05697,141.81447932060323
OUT_05698,302.6104787000073
OUT_05699,1114.5560160801333
OUT_05700,164.84726751935784
OUT_05701,148.084415721677
OUT_05702,294.89902486083747
OUT_05703,898.9604521261167
OUT_05704,133.57904225695845
OUT_05705,92.33567782557364
OUT_05706,101.95559673810524
OUT_05707,173.90732934813843
OUT_05708,407.29285870151614
OUT_05709,334.02260770102407
OUT_05710,208.34909725414997
OUT_05711,879.4691872507885
OUT_05712,112.7963286410122
OUT_05713,86.37563944127886
OUT_05714,459.797869595551
OUT_05715,204.43001822767337
OUT_05716,1020.9787406070236
OUT_05717,113.48016991619625
OUT_05718,902.9163385483408
OUT_05719,344.33427214534896
OUT_05720,102.53674482586663
OUT_05721,351.0422164313467
OUT_05722,424.36626314988314
OUT_05723,206.56897904199647
OUT_05724,122.7633635699694
OUT_05725,136.55774122370943
OUT_05726,290.22007744885576
OUT_05727,1171.0603796054058
OUT_05728,446.50648217016897
OUT_05729,366.53352907525664
OUT_05730,154.07494132715038
OUT_05731,215.6738692028586
OUT_05732,926.8436052830642
OUT_05733,958.757774722834
OUT_05734,113.99693540632256
OUT_05735,176.47314473907585
OUT_05736,234.04462837139292
OUT_05737,115.87066273353918
OUT_05738,285.71921894409786
OUT_05739,404.9707299016212
OUT_05740,439.36101514101745
OUT_05741,143.48167051793095
OUT_05742,322.94929317194925
OUT_05743,1197.2948568515446
OUT_05744,325.9721929986
OUT_05745,87.70918387653774
OUT_05746,200.19826274779956
OUT_05747,447.8405890404075
OUT_05748,103.10644400912248
OUT_05749,281.7276691836115
OUT_05750,305.4692272275914
OUT_05751,123.95075199373824
OUT_05752,347.24663845588054
OUT_05753,144.9003170498742
OUT_05754,262.04471020957163
OUT_05755,126.6548608797282
OUT_05756,372.7288230584304
OUT_05757,1170.5803242295544
OUT_05758,284.3436627247988
OUT_05759,457.9142163184272
OUT_05760,115.19089537502944
OUT_05761,318.5714511561029
OUT_05762,321.2664797883386
OUT_05763,80.36037288971998
OUT_05764,302.2415443824033
OUT_05765,242.70072539289708
OUT_05766,105.84391704509085
OUT_05767,260.3415286721365
OUT_05768,130.0773686056219
OUT_05769,299.23113838493305
OUT_05770,350.95164940413423
OUT_05771,451.1151557226999
OUT_05772,282.2999244068224
OUT_05773,322.50917816490147
OUT_05774,303.04068453995336
OUT_05775,145.07731533458326
OUT_05776,1207.851476115192
OUT_05777,887.2866111494236
OUT_05778,289.60885617725063
OUT_05779,211.56978466936528
OUT_05780,299.84530892730515
OUT_05781,164.6074858846818
OUT_05782,368.2331384148546
OUT_05783,267.7218594380688
OUT_05784,88.74631948801627
OUT_05785,294.84636847426566
OUT_05786,964.5425200216137
OUT_05787,110.65766902384533
OUT_05788,157.13281213377238
OUT_05789,144.5223413823786
OUT_05790,303.59291284358324
OUT_05791,111.5229758444124
OUT_05792,319.07996883206647
OUT_05793,118.53215133931862
OUT_05794,99.58540344086973
OUT_05795,98.07839925521226
OUT_05796,117.9866774356083
OUT_05797,354.52454246034654
OUT_05798,387.3116111953866
OUT_05799,379.1475520996295
OUT_05800,292.2743542709593
OUT_05801,258.57091405662135
OUT_05802,221.14818147567985
OUT_05803,903.682623966208
OUT_05804,982.08557984583
OUT_05805,267.1046456489804
OUT_05806,333.24416504112014
OUT_05807,244.85010929669775
OUT_05808,132.57523886553477
OUT_05809,345.63225441659824
OUT_05810,226.59168106617187
OUT_05811,289.9030106662583
OUT_05812,114.95605471164497
OUT_05813,850.5640705013202
OUT_05814,921.5802814975584
OUT_05815,317.2938344503356
OUT_05816,485.04125217465867
OUT_05817,142.28217292420297
OUT_05818,397.84529574150156
OUT_05819,136.9771143452371
OUT_05820,327.33143717365664
OUT_05821,115.35465784181582
OUT_05822,254.5023676519736
OUT_05823,149.8452693929547
OUT_05824,1498.585157610668
OUT_05825,1227.2317718692807
OUT_05826,171.66965641893978
OUT_05827,321.9230095052458
OUT_05828,165.86876212006325
OUT_05829,344.629817743292
OUT_05830,333.85076980153497
OUT_05831,349.89621629658905
OUT_05832,113.98470075529791
OUT_05833,182.20933677965775
OUT_05834,238.1424622692242
OUT_05835,161.7812082736991
OUT_05836,259.7815311982056
OUT_05837,375.6978600323621
OUT_05838,1110.3322229947237
OUT_05839,103.72321522413452
OUT_05840,110.04145953540626
OUT_05841,430.111643540792
OUT_05842,92.6520426514636
OUT_05843,983.2491445051892
OUT_05844,136.44169797876486
OUT_05845,427.5967841377335
OUT_05846,934.6477941106388
OUT_05847,870.010531332159
OUT_05848,287.7649679950591
OUT_05849,900.2122447416532
OUT_05850,325.48518925956347
OUT_05851,83.74740729123566
OUT_05852,957.1542379641244
OUT_05853,242.41634921914778
OUT_05854,971.175704913462
OUT_05855,331.6591987158657
OUT_05856,400.10793974760816
OUT_05857,129.22811264287526
OUT_05858,357.4691004198873
OUT_05859,164.14427057726795
OUT_05860,179.75027704200608
OUT_05861,238.76258136292913
OUT_05862,95.01881766451142
OUT_05863,80.3788485044178
OUT_05864,236.53370900745995
OUT_05865,100.75006352389012
OUT_05866,154.34652664693814
OUT_05867,438.55682128316926
OUT_05868,348.1925894145544
OUT_05869,190.61656670263085
OUT_05870,950.4470636469144
OUT_05871,426.9585513518442
OUT_05872,481.5502871049712
OUT_05873,305.724772289426
OUT_05874,257.46033788647503
OUT_05875,301.201862626344
OUT_05876,115.29353587441835
OUT_05877,302.77073630721725
OUT_05878,109.32574126670582
OUT_05879,964.396141312308
OUT_05880,130.16882712625966
OUT_05881,352.4538346003526
OUT_05882,343.16868317740386
OUT_05883,361.42915597242876
OUT_05884,352.04608109269
OUT_05885,331.0314495382629
OUT_05886,319.89692020078564
OUT_05887,307.73811909107
OUT_05888,539.0465945140442
OUT_05889,264.9219789324
OUT_05890,936.2128536789075
OUT_05891,209.07678710937122
OUT_05892,947.5666649595748
OUT_05893,344.0796264721929
OUT_05894,821.332650409236
OUT_05895,245.60131001673173
OUT_05896,152.23051897439393
OUT_05897,103.60031290964321
OUT_05898,215.83339845844634
OUT_05899,977.9008183022444
OUT_05900,405.6461957744432
OUT_05901,188.8628555315733
OUT_05902,326.8137635996261
OUT_05903,1110.088245151721
OUT_05904,274.8267451194688
OUT_05905,153.94373137157388
OUT_05906,439.53042555358195
OUT_05907,398.2276536787566
OUT_05908,235.40120825083784
OUT_05909,897.4948459529884
OUT_05910,186.5247277195669
OUT_05911,520.3576430417216
OUT_05912,130.363645797265
OUT_05913,221.6611245613468
OUT_05914,188.91760509144444
OUT_05915,287.4641977478764
OUT_05916,397.6226000420256
OUT_05917,147.55618714022984
OUT_05918,306.18313470939626
OUT_05919,279.6119831383665
OUT_05920,102.81168354338595
OUT_05921,324.1609474657574
OUT_05922,349.2688907705924
OUT_05923,160.0573590649296
OUT_05924,281.5852192799548
OUT_05925,289.5792863785934
OUT_05926,219.78545218351826
OUT_05927,1095.3638080170547
OUT_05928,201.25271583147028
OUT_05929,381.51200839722435
OUT_05930,251.52931197107466
OUT_05931,101.89033274666222
OUT_05932,466.2166448691178
OUT_05933,345.6671248999666
OUT_05934,99.07656131849464
OUT_05935,196.87550162996592
OUT_05936,1205.0454324120672
OUT_05937,971.0892516643822
OUT_05938,1202.0272423761187
OUT_05939,388.4312721010929
OUT_05940,1236.3212133805478
OUT_05941,281.34677638827486
OUT_05942,99.288080174445
OUT_05943,966.73164938673
OUT_05944,161.48368748459924
OUT_05945,315.66286355944493
OUT_05946,294.04032184455014
OUT_05947,1182.9465383543786
OUT_05948,1248.847785533051
OUT_05949,518.7097530760799
OUT_05950,152.88772657109953
OUT_05951,145.47693203088738
OUT_05952,319.2739503402586
OUT_05953,157.0596005622196
OUT_05954,259.35356908633435
OUT_05955,115.91578391229125
OUT_05956,968.996150524908
OUT_05957,132.03416648795246
OUT_05958,302.5799211830897
OUT_05959,114.72440848240313
OUT_05960,918.4290776607668
OUT_05961,112.39769161116631
OUT_05962,249.62198384621738
OUT_05963,126.83751045292576
OUT_05964,95.083174685662
OUT_05965,426.2090064112638
OUT_05966,282.24751404788543
OUT_05967,168.482538728442
OUT_05968,191.1409070707692
OUT_05969,264.5015571588231
OUT_05970,397.86361867880873
OUT_05971,356.14999206248245
OUT_05972,92.4917648880556
OUT_05973,323.34842777358347
OUT_05974,264.6905948008449
OUT_05975,375.97609816064414
OUT_05976,125.93577429144112
OUT_05977,208.40323530972847
OUT_05978,368.1389540654076
OUT_05979,382.05689767169633
OUT_05980,182.06772052927494
OUT_05981,1115.4525197662026
OUT_05982,401.4521861473978
OUT_05983,267.50742545345736
OUT_05984,893.4998898836207
OUT_05985,111.10341755825648
OUT_05986,158.67384862000912
OUT_05987,303.94867172510976
OUT_05988,278.9079363318363
OUT_05989,261.169420642271
OUT_05990,243.79366279147416
OUT_05991,138.5569881417114
OUT_05992,844.64345354732
OUT_05993,161.1207916255418
OUT_05994,221.42536812979017
OUT_05995,138.92289981936295
OUT_05996,107.54636672046217
OUT_05997,170.4988878708841
OUT_05998,274.6736814749295
OUT_05999,95.93621826889633
OUT_06000,299.0199045260938
OUT_06001,128.9118251661735
OUT_06002,307.1773418413213
OUT_06003,338.18096469753624
OUT_06004,136.06575054949494
OUT_06005,332.1712911435088
OUT_06006,399.5772080645262
OUT_06007,106.66742898548019
OUT_06008,256.0133230046048
OUT_06009,346.9260412603473
OUT_06010,243.87244742320956
OUT_06011,387.8532027654362
OUT_06012,696.505512668385
OUT_06013,851.8955503821855
OUT_06014,353.1316257297258
OUT_06015,357.5733839430531
OUT_06016,980.878633737854
OUT_06017,115.35024720635784
OUT_06018,139.01408676430668
OUT_06019,105.90496830108235
OUT_06020,381.17420521615463
OUT_06021,130.35044451134283
OUT_06022,309.14263314280026
OUT_06023,1164.5294335820438
OUT_06024,199.33619354740267
OUT_06025,307.2284529985918
OUT_06026,967.1190607619887
OUT_06027,359.996164621899
OUT_06028,422.175274188882
OUT_06029,145.95994208595675
OUT_06030,1106.145365610653
OUT_06031,116.5574175864892
OUT_06032,861.8954554649198
OUT_06033,1176.8648578106506
OUT_06034,365.5117573406087
OUT_06035,89.81531409572449
OUT_06036,101.0695162531575
OUT_06037,335.9459583910267
OUT_06038,342.1558125476771
OUT_06039,231.12575530783528
OUT_06040,349.326173531363
OUT_06041,949.045789078127
OUT_06042,383.6111913116264
OUT_06043,160.9213902194308
OUT_06044,1115.466676758664
OUT_06045,96.32400082153097
OUT_06046,65.6492019227008
OUT_06047,969.269484535227
OUT_06048,241.30313664221603
OUT_06049,976.8739912001668
OUT_06050,908.420090645916
OUT_06051,97.67748400062518
OUT_06052,342.26916242539664
OUT_06053,424.0590244164114
OUT_06054,148.5690910792209
OUT_06055,484.88302468894244
OUT_06056,116.71962428656208
OUT_06057,410.4717635267517
OUT_06058,278.94533175523713
OUT_06059,370.09498561423993
OUT_06060,109.35443759101376
OUT_06061,307.86417330664784
OUT_06062,911.1676856958808
OUT_06063,323.1803406179148
OUT_06064,462.3768522728235
OUT_06065,292.4844957973354
OUT_06066,113.66045011888244
OUT_06067,124.75327519414962
OUT_06068,167.23544304933512
OUT_06069,234.82333335575345
OUT_06070,96.33712543186036
OUT_06071,215.71728046565494
OUT_06072,930.9097341969382
OUT_06073,250.73232803633968
OUT_06074,254.85593121982728
OUT_06075,411.04096197400395
OUT_06076,422.63374279883897
OUT_06077,381.94282754816686
OUT_06078,424.9230476837356
OUT_06079,481.6198465543732
OUT_06080,146.59098021394678
OUT_06081,1204.826245198445
OUT_06082,865.688541662338
OUT_06083,1220.9689869360634
OUT_06084,118.74978785231426
OUT_06085,247.5703922504655
OUT_06086,981.3846009322614
OUT_06087,388.83944173554164
OUT_06088,890.6465115016058
OUT_06089,216.4857309760671
OUT_06090,309.333298651683
OUT_06091,274.7047594324989
OUT_06092,80.59081949415781
OUT_06093,1398.2956597479629
OUT_06094,370.46486437307476
OUT_06095,143.71195421042248
OUT_06096,936.6812150258714
OUT_06097,849.036888253993
OUT_06098,115.00936698810396
OUT_06099,150.17682775167677
OUT_06100,823.2132679747307
OUT_06101,381.64690046074804
OUT_06102,421.97260091027056
OUT_06103,960.882054286556
OUT_06104,335.1104223131086
OUT_06105,372.50494113052605
OUT_06106,244.985490369102
OUT_06107,912.544800357106
OUT_06108,183.1522914100248
OUT_06109,882.8676907561467
OUT_06110,373.5144342303481
OUT_06111,267.2596362014351
OUT_06112,375.3976197369511
OUT_06113,156.93745381053293
OUT_06114,270.95169359163737
OUT_06115,311.86668127086455
OUT_06116,218.14103075223505
OUT_06117,102.66268280708424
OUT_06118,156.95479256018737
OUT_06119,1093.874862198646
OUT_06120,319.9803696216338
OUT_06121,112.55620940051276
OUT_06122,164.8584320136758
OUT_06123,349.00528613033293
OUT_06124,338.2180532641884
OUT_06125,466.3115400608201
OUT_06126,125.9825031800308
OUT_06127,328.3935180376838
OUT_06128,367.7386580238615
OUT_06129,449.1054457580616
OUT_06130,296.0984915874796
OUT_06131,342.25296369749833
OUT_06132,175.94219823459443
OUT_06133,195.1682480293773
OUT_06134,250.09186069803
OUT_06135,818.740864598501
OUT_06136,856.119717681161
OUT_06137,281.3894068328062
OUT_06138,342.1360830323336
OUT_06139,127.00914245109729
OUT_06140,119.46209355315814
OUT_06141,133.03853204391672
OUT_06142,808.8838356054187
OUT_06143,200.6970708320601
OUT_06144,392.4891933749648
OUT_06145,412.0850940816348
OUT_06146,120.1486199963738
OUT_06147,273.9084915667485
OUT_06148,356.4394707573201
OUT_06149,329.4058230916282
OUT_06150,309.8057556868019
OUT_06151,1197.2159419925113
OUT_06152,198.77891949947676
OUT_06153,89.52364129382363
OUT_06154,232.68938550403124
OUT_06155,941.9461871357008
OUT_06156,245.05077313349432
OUT_06157,949.7527903710752
OUT_06158,392.7332880274376
OUT_06159,1098.9822416832155
OUT_06160,368.0529036702155
OUT_06161,305.55763039757244
OUT_06162,425.3026278629585
OUT_06163,160.9018385104005
OUT_06164,351.5976151676572
OUT_06165,495.7287542863012
OUT_06166,139.93110876694277
OUT_06167,318.59186444294073
OUT_06168,945.0152012788564
OUT_06169,74.9287061305341
OUT_06170,900.4040778581644
OUT_06171,151.1541931662824
OUT_06172,1112.887135376551
OUT_06173,96.01769963242954
OUT_06174,402.85647765621434
OUT_06175,368.7897778827031
OUT_06176,318.13726124581086
OUT_06177,113.15790734116759
OUT_06178,176.78647218350818
OUT_06179,204.16844373293804
OUT_06180,129.38693408962152
OUT_06181,349.05280113818964
OUT_06182,1003.0883251131058
OUT_06183,283.78412094613935
OUT_06184,83.12253987764814
OUT_06185,401.2203345224998
OUT_06186,897.2264322390176
OUT_06187,125.72431628996615
OUT_06188,127.74152422614378
OUT_06189,1180.008701096218
OUT_06190,169.14256544067152
OUT_06191,145.82298683412108
OUT_06192,363.0258054655447
OUT_06193,314.4016364731155
OUT_06194,135.22115356722122
OUT_06195,88.47207964798551
OUT_06196,232.7065996790603
OUT_06197,431.8398276373292
OUT_06198,353.7652540597877
OUT_06199,93.28321260565184
OUT_06200,321.28650842997104
OUT_06201,170.66525214711857
OUT_06202,451.01338373032513
OUT_06203,906.3635198682856
OUT_06204,129.92983949131775
OUT_06205,1205.772340891061
OUT_06206,353.38866095193436
OUT_06207,111.18039571487591
OUT_06208,307.7084111702785
OUT_06209,333.02333205869326
OUT_06210,1170.4945335522154
OUT_06211,294.711890095847
OUT_06212,319.34473037177366
OUT_06213,329.82263885802354
OUT_06214,321.8518728011927
OUT_06215,1344.336025384167
OUT_06216,98.32382518298088
OUT_06217,435.67606928964096
OUT_06218,407.30475721781545
OUT_06219,160.79797279254512
OUT_06220,132.0484343089759
OUT_06221,87.3206095278083
OUT_06222,136.5319621375039
OUT_06223,170.48965923375442
OUT_06224,454.8403133781919
OUT_06225,125.98278609531266
OUT_06226,114.62528275363135
OUT_06227,311.3426260172089
OUT_06228,977.043575463251
OUT_06229,381.33411396775705
OUT_06230,119.74235511765067
OUT_06231,114.79994658679
OUT_06232,913.2584763211228
OUT_06233,324.10100477478625
OUT_06234,336.42001711534226
OUT_06235,110.29857224164292
OUT_06236,341.9970079370552
OUT_06237,322.0925491019681
OUT_06238,344.4625715089413
OUT_06239,194.88080571741017
OUT_06240,116.46557723940508
OUT_06241,106.94191064673106
OUT_06242,830.3228682787698
OUT_06243,124.13824134853982
OUT_06244,361.3768096822814
OUT_06245,93.5864137827937
OUT_06246,950.9728192062024
OUT_06247,100.11186344030166
OUT_06248,255.72371331410523
OUT_06249,105.76955324295982
OUT_06250,341.34233009610085
OUT_06251,281.7034318970261
OUT_06252,893.8744933513794
OUT_06253,96.91451677113716
OUT_06254,228.81097843647242
OUT_06255,916.5757108812888
OUT_06256,140.34869869145422
OUT_06257,974.7196934897828
OUT_06258,362.1734044545319
OUT_06259,315.69310870552425
OUT_06260,357.8769361809108
OUT_06261,240.6710415996696
OUT_06262,963.416034190468
OUT_06263,391.2549323192984
OUT_06264,1160.885708904911
OUT_06265,84.21817732361907
OUT_06266,264.38931673748976
OUT_06267,125.04354058148392
OUT_06268,238.87683512011122
OUT_06269,306.8893282314659
OUT_06270,124.38221117456642
OUT_06271,989.1738705039226
OUT_06272,390.33644051253896
OUT_06273,116.30303845241367
OUT_06274,218.41860951246827
OUT_06275,298.96235445373384
OUT_06276,334.912837415025
OUT_06277,407.7509583036717
OUT_06278,1182.0560145085344
OUT_06279,913.51050849336
OUT_06280,375.470034610531
OUT_06281,389.4074622071131
OUT_06282,107.02972384731736
OUT_06283,377.3255890556419
OUT_06284,782.3410867852674
OUT_06285,259.3698739101504
OUT_06286,95.20478621537627
OUT_06287,131.44823612542388
OUT_06288,430.95780406245956
OUT_06289,780.0276069881982
OUT_06290,132.20085631325105
OUT_06291,301.54787600148313
OUT_06292,177.99244559405156
OUT_06293,287.6263301242922
OUT_06294,223.97214712134294
OUT_06295,156.145397222983
OUT_06296,250.56071215027967
OUT_06297,136.3497593607173
OUT_06298,94.64700245586974
OUT_06299,398.1694620733157
OUT_06300,260.6991080412454
OUT_06301,235.05732419384807
OUT_06302,120.65246046252808
OUT_06303,244.15313919635824
OUT_06304,1211.0473039425142
OUT_06305,148.06882427220316
OUT_06306,198.73607404275222
OUT_06307,156.04301234454232
OUT_06308,407.2869382465891
OUT_06309,138.3168847826582
OUT_06310,145.8117599878375
OUT_06311,315.4712634816028
OUT_06312,209.49589113983265
OUT_06313,267.26492756249706
OUT_06314,106.66255693707387
OUT_06315,952.5340013658904
OUT_06316,321.0244365235903
OUT_06317,128.09870211019233
OUT_06318,98.56261413943103
OUT_06319,311.52266020549115
OUT_06320,235.8017510810104
OUT_06321,1205.1561427713764
OUT_06322,149.8770866660474
OUT_06323,865.8855637454183
OUT_06324,150.98091162030565
OUT_06325,146.90416541149048
OUT_06326,398.6915713570942
OUT_06327,960.4107443597076
OUT_06328,235.07492897914665
OUT_06329,369.3584963896411
OUT_06330,83.58336194664955
OUT_06331,245.59992705384647
OUT_06332,923.4840706954162
OUT_06333,269.7789029725586
OUT_06334,84.39996635874431
OUT_06335,140.48466293345788
OUT_06336,821.7963220438869
OUT_06337,128.6149526568576
OUT_06338,114.29663259338209
OUT_06339,294.9576201154824
OUT_06340,990.2487195538796
OUT_06341,201.2062426627537
OUT_06342,285.35350124886645
OUT_06343,156.95808719551428
OUT_06344,85.67759680112943
OUT_06345,120.44140029041048
OUT_06346,161.08469621099798
OUT_06347,359.40840089478206
OUT_06348,366.8576040343537
OUT_06349,237.51739444170025
OUT_06350,308.25456398000784
OUT_06351,386.9475172476212
OUT_06352,336.39074043467826
OUT_06353,393.8786633358998
OUT_06354,135.07326555976425
OUT_06355,125.51325908298296
OUT_06356,1193.5706043601897
OUT_06357,158.06536485116877
OUT_06358,1104.3280610948782
OUT_06359,300.598248655179
OUT_06360,124.0307911753538
OUT_06361,830.9956180260883
OUT_06362,184.18956603912582
OUT_06363,246.0302058307105
OUT_06364,101.85258551429024
OUT_06365,387.2939218904654
OUT_06366,185.22012108732457
OUT_06367,922.1670600715928
OUT_06368,522.3047120869969
OUT_06369,378.84013931615925
OUT_06370,895.1247207494714
OUT_06371,285.3290520489877
OUT_06372,417.4260162512152
OUT_06373,1104.1895655746282
OUT_06374,241.16738401946398
OUT_06375,920.2929322846225
OUT_06376,321.7086181809664
OUT_06377,270.652005763255
OUT_06378,314.7361599665941
OUT_06379,313.5198397824266
OUT_06380,130.37529472991017
OUT_06381,1093.856226835549
OUT_06382,259.768896704539
OUT_06383,229.9684173221974
OUT_06384,223.07843975106744
OUT_06385,217.8005522328204
OUT_06386,876.6886963607566
OUT_06387,1211.8467099469008
OUT_06388,105.06882844268912
OUT_06389,132.1970044309108
OUT_06390,457.9829744317095
OUT_06391,121.72367944398415
OUT_06392,1232.4872674432022
OUT_06393,305.0251585170126
OUT_06394,251.0460050094242
OUT_06395,267.34548117473594
OUT_06396,125.05793033464468
OUT_06397,153.96977205047995
OUT_06398,130.8003653420648
OUT_06399,241.4196903504673
OUT_06400,407.5601578086033
OUT_06401,138.20968181643556
OUT_06402,893.1689157294735
OUT_06403,820.9901219353444
OUT_06404,976.196646573092
OUT_06405,459.4966257267372
OUT_06406,892.231668533326
OUT_06407,366.9864166557826
OUT_06408,131.33099599781875
OUT_06409,148.88252310373846
OUT_06410,1106.103697131944
OUT_06411,74.36585245210793
OUT_06412,368.68369591033843
OUT_06413,347.28876978936665
OUT_06414,1163.155980141461
OUT_06415,293.7173890413997
OUT_06416,420.31482875063944
OUT_06417,1137.126265664332
OUT_06418,131.3731764816196
OUT_06419,122.2352547172922
OUT_06420,1097.1587090172698
OUT_06421,112.9796358888589
OUT_06422,260.8805388731914
OUT_06423,111.45564590668756
OUT_06424,280.47440248917815
OUT_06425,329.530406315762
OUT_06426,333.30985307742617
OUT_06427,905.962289931496
OUT_06428,116.36116432358251
OUT_06429,309.3162932622011
OUT_06430,260.48584820602883
OUT_06431,323.4548172450571
OUT_06432,959.8749205929024
OUT_06433,358.2036665240364
OUT_06434,322.430954276592
OUT_06435,258.9628454032286
OUT_06436,987.2193482976088
OUT_06437,117.53556106688973
OUT_06438,284.19751197947465
OUT_06439,1197.3070016670415
OUT_06440,359.294435294459
OUT_06441,391.3080633553312
OUT_06442,221.164203622988
OUT_06443,233.24577214625378
OUT_06444,343.0058230485265
OUT_06445,318.1432898393756
OUT_06446,394.3653234596085
OUT_06447,111.0178732195414
OUT_06448,214.65555938511147
OUT_06449,320.5271830906233
OUT_06450,341.2702922537162
OUT_06451,187.21618858173457
OUT_06452,109.45519197233412
OUT_06453,121.69220220980992
OUT_06454,332.41526463541715
OUT_06455,154.9550287301231
OUT_06456,153.10566891648722
OUT_06457,93.07286514887763
OUT_06458,101.5639365198086
OUT_06459,102.95197930471257
OUT_06460,321.80920757386707
OUT_06461,267.27841991509297
OUT_06462,966.8916486680232
OUT_06463,161.30063943641034
OUT_06464,184.90917771065614
OUT_06465,262.53746715059737
OUT_06466,869.1725947289322
OUT_06467,344.04780204765626
OUT_06468,127.27559993156513
OUT_06469,176.51699169728957
OUT_06470,315.334517274462
OUT_06471,414.56501028447315
OUT_06472,959.6134682962236
OUT_06473,253.24878394993337
OUT_06474,155.86199114941215
OUT_06475,371.1529366549552
OUT_06476,391.61327341339916
OUT_06477,90.30798581177156
OUT_06478,268.30888688534696
OUT_06479,82.88339730976155
OUT_06480,423.6828489569606
OUT_06481,424.333062855118
OUT_06482,107.64636350381313
OUT_06483,120.86848928062112
OUT_06484,386.6249364177803
OUT_06485,137.2456440078542
OUT_06486,281.0054179453954
OUT_06487,276.6335970442367
OUT_06488,332.6302074143164
OUT_06489,127.44508695824794
OUT_06490,948.5966329444994
OUT_06491,307.31074448155664
OUT_06492,424.25962560526136
OUT_06493,449.0447807042773
OUT_06494,219.47935698060886
OUT_06495,270.49556297038794
OUT_06496,447.37364047483663
OUT_06497,243.24906763751193
OUT_06498,247.64534665993153
OUT_06499,1114.9696623982122
OUT_06500,272.5405293057589
OUT_06501,713.7362010139536
OUT_06502,947.1594482598636
OUT_06503,96.34505609188749
OUT_06504,415.42488563966594
OUT_06505,100.07023954322676
OUT_06506,147.26848424988611
OUT_06507,837.8256762950349
OUT_06508,96.40394360807676
OUT_06509,279.2081226552874
OUT_06510,115.21149335435176
OUT_06511,390.50630536535425
OUT_06512,323.6205288777282
OUT_06513,90.28496839616582
OUT_06514,285.4949798229602
OUT_06515,431.4836862928704
OUT_06516,138.63137267647457
OUT_06517,540.4329179603831
OUT_06518,948.7393918842988
OUT_06519,459.72370226635746
OUT_06520,455.1311047675796
OUT_06521,146.51090186512255
OUT_06522,327.64107586817096
OUT_06523,437.26091068525
OUT_06524,120.24830156422586
OUT_06525,215.04082670866643
OUT_06526,395.16064786337597
OUT_06527,244.63866964783082
OUT_06528,146.5380623653767
OUT_06529,912.2720111577692
OUT_06530,307.08846100032935
OUT_06531,301.2454590474646
OUT_06532,347.027605744653
OUT_06533,124.37378171379189
OUT_06534,283.17854264336194
OUT_06535,832.5448101136597
OUT_06536,451.91970815132163
OUT_06537,114.66863874563538
OUT_06538,934.5047542858404
OUT_06539,134.95816775113082
OUT_06540,933.4096981686506
OUT_06541,304.15211160589786
OUT_06542,143.26531277047357
OUT_06543,282.69226141444744
OUT_06544,163.3250132089858
OUT_06545,919.0891387545038
OUT_06546,108.8332397380412
OUT_06547,99.99339759080532
OUT_06548,153.75673578578414
OUT_06549,81.2097585057909
OUT_06550,372.2047142889418
OUT_06551,296.2469806487745
OUT_06552,396.0167269322312
OUT_06553,427.5321364984085
OUT_06554,122.78248628152612
OUT_06555,337.9729337747996
OUT_06556,1206.882245084022
OUT_06557,448.821645656756
OUT_06558,365.0612082736567
OUT_06559,971.3725276469768
OUT_06560,85.98724724548175
OUT_06561,469.6231257326705
OUT_06562,305.2931875103376
OUT_06563,298.4939123542208
OUT_06564,101.8315726654633
OUT_06565,961.4656131982427
OUT_06566,182.65984023914098
OUT_06567,113.12610008313266
OUT_06568,295.5285835419712
OUT_06569,380.9448559551339
OUT_06570,243.3385753843383
OUT_06571,242.37211711383213
OUT_06572,281.59415952475894
OUT_06573,117.37621279241026
OUT_06574,897.8616802367513
OUT_06575,392.76289985436006
OUT_06576,132.5709282045305
OUT_06577,303.4449982304229
OUT_06578,218.22781912128
OUT_06579,931.7866996310652
OUT_06580,195.95615231364494
OUT_06581,103.05628884993553
OUT_06582,240.4623311925053
OUT_06583,131.9756232352377
OUT_06584,115.8931025168315
OUT_06585,290.8087298875497
OUT_06586,254.32889294562705
OUT_06587,813.2974126246193
OUT_06588,173.98664472258145
OUT_06589,1243.7858297942105
OUT_06590,914.0177830324262
OUT_06591,135.1197141816948
OUT_06592,171.56601873168094
OUT_06593,284.5942575204668
OUT_06594,273.7760914391542
OUT_06595,137.31851834621787
OUT_06596,271.2082665193998
OUT_06597,165.30405409736724
OUT_06598,185.8604380148439
OUT_06599,991.3280078876098
OUT_06600,308.99035647345465
OUT_06601,230.56044856597717
OUT_06602,74.22964637677381
OUT_06603,264.5443611772914
OUT_06604,359.74041589113983
OUT_06605,453.66904400099327
OUT_06606,121.77497854824998
OUT_06607,360.36452109658
OUT_06608,879.0999125791723
OUT_06609,338.6953125561605
OUT_06610,166.87345947719828
OUT_06611,91.96389851275605
OUT_06612,440.39265193256324
OUT_06613,970.071919807592
OUT_06614,115.31928730362743
OUT_06615,932.3064755030364
OUT_06616,303.3852358892678
OUT_06617,363.83064839654105
OUT_06618,160.9359297771279
OUT_06619,150.47254928834644
OUT_06620,123.4786588333682
OUT_06621,139.1638008297419
OUT_06622,145.46822820059026
OUT_06623,160.9379329270849
OUT_06624,368.4048853123491
OUT_06625,1118.7277348860434
OUT_06626,446.0358313604104
OUT_06627,151.67112688033157
OUT_06628,253.4038352816115
OUT_06629,940.0968460981288
OUT_06630,393.7421824091035
OUT_06631,946.2356082579264
OUT_06632,136.25640247036966
OUT_06633,108.1060383097006
OUT_06634,289.9373111263618
OUT_06635,163.8253820447551
OUT_06636,143.32785581945976
OUT_06637,266.2310005969789
OUT_06638,200.06482407097138
OUT_06639,132.91380665309902
OUT_06640,105.13354959665553
OUT_06641,104.75443484095372
OUT_06642,575.492447538795
OUT_06643,145.80554607600408
OUT_06644,110.8248549925322
OUT_06645,888.6386598180522
OUT_06646,395.29474165660395
OUT_06647,299.75747874282456
OUT_06648,861.9671071373962
OUT_06649,375.840763716286
OUT_06650,124.11823117044904
OUT_06651,246.55383956183385
OUT_06652,399.02906694111596
OUT_06653,175.79942518041037
OUT_06654,110.25558420518522
OUT_06655,942.8546587934763
OUT_06656,152.39652778273125
OUT_06657,415.3558620185653
OUT_06658,1190.9774586748615
OUT_06659,158.7062094198708
OUT_06660,1237.525845087887
OUT_06661,96.41059889392216
OUT_06662,368.7858128886684
OUT_06663,1371.9301327910491
OUT_06664,361.3437278902862
OUT_06665,298.3649399534462
OUT_06666,317.9478670763208
OUT_06667,344.1827443508282
OUT_06668,349.1997770828471
OUT_06669,154.17092563996394
OUT_06670,115.30946818263186
OUT_06671,297.4441427669376
OUT_06672,183.33801632750607
OUT_06673,271.9529751647194
OUT_06674,91.27576071389868
OUT_06675,125.80864516406784
OUT_06676,205.24371393799504
OUT_06677,933.0209045830312
OUT_06678,322.2572160381237
OUT_06679,294.6524533253266
OUT_06680,224.2790138269583
OUT_06681,262.96948542909047
OUT_06682,923.223856134618
OUT_06683,278.48134750624354
OUT_06684,283.0188805803042
OUT_06685,187.88076442603415
OUT_06686,296.4668343630094
OUT_06687,138.6179509763915
OUT_06688,145.78094593352847
OUT_06689,131.4229969929581
OUT_06690,358.8150242483295
OUT_06691,102.97274441857893
OUT_06692,327.9707005851618
OUT_06693,451.37013594014525
OUT_06694,336.6503481972153
OUT_06695,393.9692783509664
OUT_06696,962.4847648189904
OUT_06697,283.26731211028255
OUT_06698,945.6177929316436
OUT_06699,1099.4955694176738
OUT_06700,114.30648922858012
OUT_06701,301.42703648756253
OUT_06702,432.5517801536414
OUT_06703,293.6585519799984
OUT_06704,426.6246584709214
OUT_06705,104.58644274503534
OUT_06706,332.0062865584385
OUT_06707,427.24536960783576
OUT_06708,140.64441170709006
OUT_06709,363.761219941887
OUT_06710,248.56245616230117
OUT_06711,942.6268703859196
OUT_06712,279.10132115388103
OUT_06713,146.4644174357355
OUT_06714,95.56316517518329
OUT_06715,158.37621105931083
OUT_06716,341.1792484758006
OUT_06717,420.1083140003376
OUT_06718,900.0466097999758
OUT_06719,99.87733512167458
OUT_06720,1116.6271691656646
OUT_06721,258.2784404811416
OUT_06722,319.4182616270567
OUT_06723,96.27212027985928
OUT_06724,1004.985314821902
OUT_06725,763.9525855471971
OUT_06726,258.63079460643564
OUT_06727,370.26683470540115
OUT_06728,260.5699801653867
OUT_06729,303.0145051066075
OUT_06730,231.87236600665574
OUT_06731,424.04602974056
OUT_06732,131.2593774296265
OUT_06733,1335.612886183633
OUT_06734,253.85357671823084
OUT_06735,317.88755164582886
OUT_06736,953.90338557554
OUT_06737,112.99627954020602
OUT_06738,236.49088728831273
OUT_06739,278.2653802786866
OUT_06740,105.61096983587436
OUT_06741,327.98796154894256
OUT_06742,151.85529126564282
OUT_06743,147.05951224368118
OUT_06744,928.8369428310326
OUT_06745,393.2856617973191
OUT_06746,332.09362477842757
OUT_06747,879.061540882788
OUT_06748,200.8432803890754
OUT_06749,358.3995284849382
OUT_06750,141.66676754588832
OUT_06751,257.1953700859213
OUT_06752,475.72284740889813
OUT_06753,327.92957958352287
OUT_06754,138.96290522971995
OUT_06755,172.1254718529197
OUT_06756,129.48035279686084
OUT_06757,104.33898126640484
OUT_06758,505.2602878500692
OUT_06759,164.31295015185796
OUT_06760,984.189386995538
OUT_06761,130.9406045039477
OUT_06762,421.1393575953416
OUT_06763,931.7691995321402
OUT_06764,1022.7211790195812
OUT_06765,285.2999463307286
OUT_06766,281.1729976020385
OUT_06767,367.0731191220558
OUT_06768,314.12040787703654
OUT_06769,125.05951639360333
OUT_06770,256.65260593324535
OUT_06771,103.56249915831476
OUT_06772,386.54481207036486
OUT_06773,265.98010583338515
OUT_06774,360.7563563049396
OUT_06775,429.4202186676789
OUT_06776,127.4105239156588
OUT_06777,930.853858912196
OUT_06778,141.35225034078468
OUT_06779,368.403789425465
OUT_06780,107.29858877436948
OUT_06781,96.1869674672267
OUT_06782,130.17944830246407
OUT_06783,168.78361999421833
OUT_06784,440.5710693410582
OUT_06785,444.3509881518755
OUT_06786,385.26648703356284
OUT_06787,129.01135961768858
OUT_06788,165.76585419049522
OUT_06789,424.49551144836505
OUT_06790,360.09926098450956
OUT_06791,124.85124605791174
OUT_06792,267.68895987834
OUT_06793,339.95934139290966
OUT_06794,94.7389455676669
OUT_06795,298.58103488596095
OUT_06796,361.73157601963214
OUT_06797,882.8419251565911
OUT_06798,876.6651754555228
OUT_06799,285.949359480446
OUT_06800,345.47892768178133
OUT_06801,254.28242625858425
OUT_06802,345.8709358529431
OUT_06803,409.7935395848907
OUT_06804,136.48642165717467
OUT_06805,243.56229333119867
OUT_06806,224.31687687004768
OUT_06807,180.8076640503774
OUT_06808,352.43805215396736
OUT_06809,119.7641616711691
OUT_06810,1231.702465369023
OUT_06811,227.40752131867876
OUT_06812,179.52608317046958
OUT_06813,122.58963123835544
OUT_06814,222.88672238726343
OUT_06815,971.0239455371712
OUT_06816,270.0220647152882
OUT_06817,889.9900268072023
OUT_06818,1221.7579792916772
OUT_06819,329.5721108674185
OUT_06820,232.10251020136042
OUT_06821,215.0517652980057
OUT_06822,92.77762492325584
OUT_06823,328.19444039052246
OUT_06824,215.77955811988525
OUT_06825,273.9703966122602
OUT_06826,1087.0727185950018
OUT_06827,113.22346913969184
OUT_06828,76.9025583934405
OUT_06829,296.11562046543986
OUT_06830,1268.132466018988
OUT_06831,327.2743040326982
OUT_06832,373.4945474325528
OUT_06833,268.68074276922107
OUT_06834,283.0337537774993
OUT_06835,122.9516355887564
OUT_06836,338.9657423334199
OUT_06837,218.14571811188253
OUT_06838,356.68921579777043
OUT_06839,941.6103400310436
OUT_06840,269.60610176359535
OUT_06841,374.314764533844
OUT_06842,151.79791615127692
OUT_06843,978.0759266052054
OUT_06844,94.0404261769019
OUT_06845,284.5389158011259
OUT_06846,152.94889188498743
OUT_06847,102.701321371411
OUT_06848,363.97146493427397
OUT_06849,345.740354740807
OUT_06850,133.30537291871835
OUT_06851,299.6296701357876
OUT_06852,145.90212855887256
OUT_06853,120.22550515452056
OUT_06854,261.55800041629743
OUT_06855,354.5484495712572
OUT_06856,291.1465337158853
OUT_06857,304.2314921508448
OUT_06858,91.30235326643889
OUT_06859,111.06234810403274
OUT_06860,944.6809326993828
OUT_06861,277.53394377028144
OUT_06862,512.0945814150151
OUT_06863,964.6453265242524
OUT_06864,146.79494329857698
OUT_06865,357.9895132350303
OUT_06866,318.6556915058896
OUT_06867,930.3211211397356
OUT_06868,124.50062263570585
OUT_06869,109.10765567310403
OUT_06870,119.68618494325482
OUT_06871,482.4199849055676
OUT_06872,91.49343290079716
OUT_06873,107.19030584052668
OUT_06874,88.39874485935613
OUT_06875,103.0462434665104
OUT_06876,139.7276566435755
OUT_06877,93.37166615729438
OUT_06878,394.96204597424025
OUT_06879,912.836124186
OUT_06880,833.5614292838604
OUT_06881,1298.9900507037323
OUT_06882,913.634265868072
OUT_06883,132.7819200719038
OUT_06884,305.9477251638603
OUT_06885,266.3898615037491
OUT_06886,283.2891226942811
OUT_06887,307.6185375922082
OUT_06888,1065.7376292337822
OUT_06889,100.72510003098671
OUT_06890,180.34800689036092
OUT_06891,290.025280752331
OUT_06892,81.14871878686368
OUT_06893,294.4336447756426
OUT_06894,364.7386225485659
OUT_06895,107.99337175701528
OUT_06896,400.867488682777
OUT_06897,341.7851525199924
OUT_06898,208.94484207281852
OUT_06899,417.4482347900208
OUT_06900,101.23690131417588
OUT_06901,302.34684551923425
OUT_06902,287.29202944438396
OUT_06903,98.83474053788042
OUT_06904,344.7359267185342
OUT_06905,287.5315532048046
OUT_06906,1399.0071286186574
OUT_06907,274.5672225335774
OUT_06908,101.9443031121264
OUT_06909,395.9856195984339
OUT_06910,461.49877564754286
OUT_06911,215.32124143693818
OUT_06912,48.81196259280061
OUT_06913,283.7781776549226
OUT_06914,367.72563580975407
OUT_06915,936.8051394354984
OUT_06916,124.66017864893293
OUT_06917,135.70679555476906
OUT_06918,159.08313833800827
OUT_06919,342.3894510009959
OUT_06920,354.4014233599605
OUT_06921,288.2261953207071
OUT_06922,874.151278140616
OUT_06923,109.76658281971685
OUT_06924,224.24840156861436
OUT_06925,150.91508217193183
OUT_06926,148.87381019940483
OUT_06927,142.9002350193457
OUT_06928,160.3255148974272
OUT_06929,171.63155952487818
OUT_06930,457.11915883717484
OUT_06931,88.57405340843866
OUT_06932,312.68463081038465
OUT_06933,366.6966456785932
OUT_06934,163.45093921218438
OUT_06935,124.6003685213784
OUT_06936,306.666435122077
OUT_06937,133.2886703543571
OUT_06938,946.174995485312
OUT_06939,380.9263347256021
OUT_06940,1161.0984373009085
OUT_06941,339.4256139962026
OUT_06942,378.57929368898846
OUT_06943,320.4507085904137
OUT_06944,251.93721992251832
OUT_06945,243.45988494076914
OUT_06946,216.6174418205021
OUT_06947,323.9420261914747
OUT_06948,865.130145329882
OUT_06949,296.7717595978603
OUT_06950,98.16532590423253
OUT_06951,238.47991267226752
OUT_06952,967.9889755418434
OUT_06953,361.363903195366
OUT_06954,374.4212197852049
OUT_06955,131.24617793587535
OUT_06956,300.0750519210068
OUT_06957,424.86976933517656
OUT_06958,144.14662937122492
OUT_06959,116.71831642811748
OUT_06960,146.63919088214848
OUT_06961,254.21487396984202
OUT_06962,91.3956503757046
OUT_06963,249.28083763455496
OUT_06964,113.016361017007
OUT_06965,165.2680964309063
OUT_06966,98.50496883282004
OUT_06967,357.7569210841209
OUT_06968,108.68448894005336
OUT_06969,476.1033667046711
OUT_06970,100.40297604623741
OUT_06971,348.8763066292945
OUT_06972,100.2313340127742
OUT_06973,75.92974041909592
OUT_06974,311.47306935245166
OUT_06975,129.60227553425977
OUT_06976,899.8243886019841
OUT_06977,373.3355132495624
OUT_06978,469.32675892253496
OUT_06979,99.05487827744425
OUT_06980,85.84622884497466
OUT_06981,1098.778262760977
OUT_06982,351.84799350395485
OUT_06983,156.3517665487208
OUT_06984,367.5548030696282
OUT_06985,1208.4677093415842
OUT_06986,112.0296481011809
OUT_06987,110.79939898490886
OUT_06988,309.3964076602864
OUT_06989,237.62976682752057
OUT_06990,922.275931032804
OUT_06991,114.92387401811297
OUT_06992,107.38836316721869
OUT_06993,102.57718866630414
OUT_06994,189.97590595325462
OUT_06995,311.2872526088218
OUT_06996,905.3860881315704
OUT_06997,314.91346062861896
OUT_06998,91.95223840474095
OUT_06999,353.40596103986104
OUT_07000,912.831591426458
OUT_07001,355.3179593738802
OUT_07002,1057.758717523158
OUT_07003,460.3156162074665
OUT_07004,106.76328614775412
OUT_07005,403.48899050303044
OUT_07006,153.87083817910434
OUT_07007,315.0999359152926
OUT_07008,1097.2904567665046
OUT_07009,335.2297863484823
OUT_07010,316.1902428808755
OUT_07011,202.92651471432902
OUT_07012,937.1900240031893
OUT_07013,1219.9639520621563
OUT_07014,359.0067339338326
OUT_07015,86.56008526587095
OUT_07016,1143.6663711853944
OUT_07017,319.47314774780034
OUT_07018,436.8878533977746
OUT_07019,97.61337027631382
OUT_07020,915.039697523968
OUT_07021,462.74529089873204
OUT_07022,224.38351621676634
OUT_07023,145.81907134226432
OUT_07024,405.31061088970046
OUT_07025,482.2556434963759
OUT_07026,1155.5329491431055
OUT_07027,1200.979734562548
OUT_07028,326.09298545781513
OUT_07029,889.2037670955821
OUT_07030,144.9062383010642
OUT_07031,881.06985643754
OUT_07032,223.4774556405219
OUT_07033,385.943391119913
OUT_07034,148.4392430429868
OUT_07035,353.32936620858345
OUT_07036,103.72206193781528
OUT_07037,278.39024338047216
OUT_07038,388.8946902186053
OUT_07039,211.21912842922774
OUT_07040,300.2096026277161
OUT_07041,135.12950885052462
OUT_07042,290.5409047262881
OUT_07043,298.6818333439552
OUT_07044,281.8990853092254
OUT_07045,370.82440050075775
OUT_07046,319.3598772270092
OUT_07047,128.2321609288205
OUT_07048,837.8107047066063
OUT_07049,139.3080248457001
OUT_07050,333.60257098713043
OUT_07051,439.6746655950792
OUT_07052,161.63804339340322
OUT_07053,194.37299006083975
OUT_07054,311.6455896656885
OUT_07055,126.90226872828366
OUT_07056,929.2062118935288
OUT_07057,895.9795295740621
OUT_07058,250.34704343648468
OUT_07059,145.0495682445907
OUT_07060,139.3688251178295
OUT_07061,947.3133796161306
OUT_07062,357.96197040108746
OUT_07063,125.20593127140859
OUT_07064,293.5619641203439
OUT_07065,971.497789734046
OUT_07066,164.7100154495579
OUT_07067,353.81697314815955
OUT_07068,1164.178070723613
OUT_07069,94.87724882010474
OUT_07070,397.9098870935585
OUT_07071,317.87449497032605
OUT_07072,114.17543820784296
OUT_07073,283.16980614809785
OUT_07074,131.4817713696669
OUT_07075,303.4478167944248
OUT_07076,440.64401926398
OUT_07077,46.9825407203289
OUT_07078,292.68614708900293
OUT_07079,260.17095337742427
OUT_07080,1224.6994899600436
OUT_07081,361.7756429069825
OUT_07082,121.96656464407718
OUT_07083,147.45850861779002
OUT_07084,91.84830375309082
OUT_07085,515.9417499842375
OUT_07086,113.68758479730228
OUT_07087,84.14251869262057
OUT_07088,294.6889371559694
OUT_07089,1229.6426159668558
OUT_07090,429.5427654652433
OUT_07091,266.34317483066536
OUT_07092,356.1595083480279
OUT_07093,935.9437698705892
OUT_07094,236.69749499217076
OUT_07095,94.96703525615457
OUT_07096,254.11383594840137
OUT_07097,309.38748679697846
OUT_07098,402.80380298555383
OUT_07099,320.1531987392809
OUT_07100,152.893742405779
OUT_07101,952.4002538528536
OUT_07102,108.76830582476646
OUT_07103,170.07584962209705
OUT_07104,99.66014562658522
OUT_07105,250.2515943896229
OUT_07106,158.8007940514142
OUT_07107,201.14059110733444
OUT_07108,858.4485469551553
OUT_07109,316.20410920337974
OUT_07110,159.24256616494782
OUT_07111,387.1557266846114
OUT_07112,338.437681510171
OUT_07113,329.2469603315004
OUT_07114,361.1069158684439
OUT_07115,343.66956503655405
OUT_07116,246.5981251786939
OUT_07117,412.6008016287932
OUT_07118,103.55443266941758
OUT_07119,249.58916925819352
OUT_07120,301.8079591725088
OUT_07121,1025.8221514372813
OUT_07122,853.3427039979127
OUT_07123,174.04224658956483
OUT_07124,1003.2641112733978
OUT_07125,273.97271210766553
OUT_07126,319.9496109445883
OUT_07127,115.06722718243986
OUT_07128,113.78832409231632
OUT_07129,309.2076849403785
OUT_07130,125.86605732520148
OUT_07131,188.5990397720978
OUT_07132,391.23117482278803
OUT_07133,97.03378435351534
OUT_07134,136.16699905434558
OUT_07135,1161.256635167373
OUT_07136,176.16986636737477
OUT_07137,111.67713587816776
OUT_07138,952.005885753629
OUT_07139,105.7576376393325
OUT_07140,136.37658758104823
OUT_07141,979.7963406950992
OUT_07142,118.79343507848134
OUT_07143,141.49709294365613
OUT_07144,921.1879563730892
OUT_07145,136.51637187788765
OUT_07146,264.00098176067536
OUT_07147,929.6944621944618
OUT_07148,994.7188655798084
OUT_07149,420.97816497292956
OUT_07150,901.05761629507
OUT_07151,117.76835361284324
OUT_07152,138.61980667524688
OUT_07153,271.56595728204104
OUT_07154,106.47499628098323
OUT_07155,312.5675750393155
OUT_07156,952.9110052306422
OUT_07157,370.6126997863472
OUT_07158,120.99546261346758
OUT_07159,145.99092912309737
OUT_07160,132.6422319569685
OUT_07161,1145.9925865437792
OUT_07162,106.73497604287576
OUT_07163,138.48763124163827
OUT_07164,104.98404720468524
OUT_07165,182.7087833914494
OUT_07166,318.54132150383964
OUT_07167,167.54059289119266
OUT_07168,106.20753620885769
OUT_07169,304.6117786992019
OUT_07170,485.00511958907873
OUT_07171,89.9162752050606
OUT_07172,97.68934165989836
OUT_07173,130.13988793918654
OUT_07174,122.17447856653007
OUT_07175,128.0451950712254
OUT_07176,353.856983395569
OUT_07177,1291.1043804849592
OUT_07178,224.4173672460458
OUT_07179,394.9612463369416
OUT_07180,158.61913257479918
OUT_07181,355.1155208384672
OUT_07182,61.523543366944
OUT_07183,932.2247189545308
OUT_07184,370.82763667666916
OUT_07185,147.01821031536488
OUT_07186,262.4934988314486
OUT_07187,939.6234171999384
OUT_07188,108.9540496165763
OUT_07189,188.43420170457762
OUT_07190,100.2884190301259
OUT_07191,89.80827573018628
OUT_07192,225.63101561248368
OUT_07193,329.9248853334098
OUT_07194,923.155370900251
OUT_07195,939.6175580209064
OUT_07196,227.54503298120488
OUT_07197,412.5802292883492
OUT_07198,100.89354661757842
OUT_07199,312.099183401596
OUT_07200,99.82042728171436
OUT_07201,430.76379722215995
OUT_07202,123.96759692987928
OUT_07203,373.116939494407
OUT_07204,123.74048787929564
OUT_07205,258.06586840797127
OUT_07206,173.37709532201006
OUT_07207,339.4161855656834
OUT_07208,220.20437872995666
OUT_07209,405.1821738882634
OUT_07210,219.08829244691245
OUT_07211,306.2006693528165
OUT_07212,355.1032051681474
OUT_07213,103.36705062387097
OUT_07214,1301.2507263436091
OUT_07215,1170.1313861934434
OUT_07216,104.75442618072438
OUT_07217,106.40839004002156
OUT_07218,307.8244122178429
OUT_07219,961.3512104299868
OUT_07220,143.92830766522184
OUT_07221,111.70227730962
OUT_07222,99.17818516241798
OUT_07223,140.6306024745466
OUT_07224,130.81481010744983
OUT_07225,1208.386113999474
OUT_07226,155.2330137912576
OUT_07227,944.7216724160428
OUT_07228,133.48262567689264
OUT_07229,127.43460439035856
OUT_07230,117.2017756875188
OUT_07231,98.95688987573496
OUT_07232,261.37456791511374
OUT_07233,1170.1350738608423
OUT_07234,96.20533342206346
OUT_07235,336.7877531349583
OUT_07236,259.2149137736384
OUT_07237,325.04916827959914
OUT_07238,105.45979126957302
OUT_07239,270.64657038277994
OUT_07240,285.3425312797117
OUT_07241,126.50954685961418
OUT_07242,89.16520648121256
OUT_07243,359.01940167866866
OUT_07244,142.88054065245845
OUT_07245,352.11332265545303
OUT_07246,145.85533842407912
OUT_07247,289.7343578968094
OUT_07248,135.4566277757306
OUT_07249,313.4618428039417
OUT_07250,1142.2951564553805
OUT_07251,333.95777448303784
OUT_07252,342.2138506934988
OUT_07253,256.59944465914975
OUT_07254,216.07752609526113
OUT_07255,98.97969463507523
OUT_07256,264.66918331560237
OUT_07257,381.08755723329955
OUT_07258,969.1146657542732
OUT_07259,906.3329791950064
OUT_07260,131.5956794330923
OUT_07261,349.29159541088677
OUT_07262,334.03067230272393
OUT_07263,882.9624104839141
OUT_07264,331.24644708981214
OUT_07265,102.70277889778258
OUT_07266,971.2303300558584
OUT_07267,274.9281958050143
OUT_07268,305.60378896930314
OUT_07269,373.57734139733225
OUT_07270,117.158683978502
OUT_07271,196.6186085955317
OUT_07272,390.80143573922373
OUT_07273,1024.0899402595717
OUT_07274,901.38575724193
OUT_07275,157.5019538874714
OUT_07276,1228.4036888883377
OUT_07277,374.19536151239424
OUT_07278,92.01905487700589
OUT_07279,197.00294312607699
OUT_07280,352.7202394028413
OUT_07281,982.1978113843902
OUT_07282,302.7183631402369
OUT_07283,245.98427558241164
OUT_07284,393.664238676717
OUT_07285,1201.9815456785734
OUT_07286,300.9454514866849
OUT_07287,116.80968573771588
OUT_07288,119.27342997196669
OUT_07289,930.5637525729863
OUT_07290,184.0381342696985
OUT_07291,338.5537323054173
OUT_07292,183.774210731716
OUT_07293,198.62267177998592
OUT_07294,325.96895024352875
OUT_07295,144.1945038742982
OUT_07296,358.24415586275614
OUT_07297,175.77133088259035
OUT_07298,884.2392986741881
OUT_07299,176.93416666606092
OUT_07300,986.5137768660892
OUT_07301,115.22784449344283
OUT_07302,393.50516139437855
OUT_07303,234.44263521759166
OUT_07304,65.21595712001607
OUT_07305,929.7901218418124
OUT_07306,150.630990394261
OUT_07307,989.2823108785112
OUT_07308,123.3704515716941
OUT_07309,394.39732380364774
OUT_07310,260.87693992260733
OUT_07311,347.9210489505484
OUT_07312,126.78052001730697
OUT_07313,361.33703751768246
OUT_07314,885.4858364057167
OUT_07315,269.0030003481138
OUT_07316,1188.3640521310156
OUT_07317,830.6330397632274
OUT_07318,287.82151260311946
OUT_07319,76.91136970355154
OUT_07320,145.53509925914318
OUT_07321,1087.7131146627294
OUT_07322,345.17631010207907
OUT_07323,89.87868866323277
OUT_07324,971.0299664040868
OUT_07325,121.227238660391
OUT_07326,129.49269878186092
OUT_07327,946.0458269870836
OUT_07328,338.20891240930456
OUT_07329,328.4250837126113
OUT_07330,448.8842611924922
OUT_07331,870.4368525744574
OUT_07332,165.13868917316415
OUT_07333,317.91675251733534
OUT_07334,294.9198785528058
OUT_07335,948.0151303526286
OUT_07336,140.56419689924823
OUT_07337,130.40109006420525
OUT_07338,387.70216046233395
OUT_07339,185.0071562455561
OUT_07340,141.46090846704595
OUT_07341,916.13593874884
OUT_07342,299.7276721123044
OUT_07343,478.9504412165054
OUT_07344,133.376797679023
OUT_07345,120.12787191132348
OUT_07346,104.00070436082679
OUT_07347,309.8181019727889
OUT_07348,393.50571041326714
OUT_07349,925.296081013928
OUT_07350,199.97724718116206
OUT_07351,362.76775495147183
OUT_07352,322.57294336226
OUT_07353,90.95252470302896
OUT_07354,960.230498350688
OUT_07355,193.52357334982798
OUT_07356,312.3007392269716
OUT_07357,348.6498353833053
OUT_07358,371.27758383051184
OUT_07359,146.81188878818338
OUT_07360,94.07866154757409
OUT_07361,464.22218829593555
OUT_07362,486.50763745498466
OUT_07363,289.304068902857
OUT_07364,328.91305341985503
OUT_07365,129.28586617422567
OUT_07366,87.61956023261955
OUT_07367,940.0987492538618
OUT_07368,958.5434137305252
OUT_07369,448.9029870574833
OUT_07370,268.1478244758331
OUT_07371,352.0860913388357
OUT_07372,344.38100224487096
OUT_07373,322.79471758788395
OUT_07374,907.6212864640538
OUT_07375,149.70981668569567
OUT_07376,345.47005221162334
OUT_07377,97.26914746268405
OUT_07378,863.6828587684224
OUT_07379,159.44527052750328
OUT_07380,935.419575667652
OUT_07381,331.61444949559655
OUT_07382,290.13346824194673
OUT_07383,280.03304040789214
OUT_07384,349.7952974874037
OUT_07385,275.4751859859613
OUT_07386,983.5672126525398
OUT_07387,111.24288115686107
OUT_07388,1214.359541393268
OUT_07389,156.526540182158
OUT_07390,918.740522791876
OUT_07391,1153.986188512462
OUT_07392,121.11077515677589
OUT_07393,877.3662917512103
OUT_07394,96.87851747141048
OUT_07395,268.5498186220333
OUT_07396,386.6575726395589
OUT_07397,129.6500867578151
OUT_07398,172.80666798875774
OUT_07399,125.68993329833349
OUT_07400,342.6616231753807
OUT_07401,118.13437949224074
OUT_07402,301.3331982545267
OUT_07403,343.6334046293024
OUT_07404,310.38907223423803
OUT_07405,146.9962449671092
OUT_07406,266.391717203193
OUT_07407,121.48337898836807
OUT_07408,1355.8379158053308
OUT_07409,123.8772044983877
OUT_07410,237.8102601589242
OUT_07411,95.07125316788436
OUT_07412,127.16674460226838
OUT_07413,375.6568600674808
OUT_07414,270.7229593971694
OUT_07415,289.28982455256437
OUT_07416,349.5157510435684
OUT_07417,1103.98804672403
OUT_07418,951.3461442444952
OUT_07419,116.47684666539404
OUT_07420,398.5081692445699
OUT_07421,317.0733293211922
OUT_07422,943.0337810669208
OUT_07423,361.4320828803717
OUT_07424,99.24795180160989
OUT_07425,286.63179976288586
OUT_07426,426.17160258341664
OUT_07427,119.52867187486001
OUT_07428,303.9191454798243
OUT_07429,251.3356789509212
OUT_07430,263.7977736487482
OUT_07431,242.7302604433334
OUT_07432,895.8023348317554
OUT_07433,221.16365907250562
OUT_07434,109.33889711709276
OUT_07435,201.5378413761461
OUT_07436,260.4805734539053
OUT_07437,156.6060822840422
OUT_07438,188.4038277158259
OUT_07439,109.32379615510654
OUT_07440,416.0753231998424
OUT_07441,110.90923236612612
OUT_07442,112.3006591884114
OUT_07443,934.2881515801844
OUT_07444,331.04831636645395
OUT_07445,272.35819404938326
OUT_07446,156.9967217104741
OUT_07447,427.692688957516
OUT_07448,279.84376919412205
OUT_07449,366.5218345545702
OUT_07450,109.6407846675069
OUT_07451,923.2401658494108
OUT_07452,232.2406344619596
OUT_07453,266.15397234747707
OUT_07454,93.93976949950003
OUT_07455,265.80167232967057
OUT_07456,963.3898126259008
OUT_07457,201.21462150188017
OUT_07458,364.7792724903795
OUT_07459,118.5040373914705
OUT_07460,250.45436538047556
OUT_07461,255.4997320238072
OUT_07462,284.5603493430134
OUT_07463,298.80641717580704
OUT_07464,319.9976406626135
OUT_07465,426.3909701123357
OUT_07466,976.6747732583724
OUT_07467,320.3473775916377
OUT_07468,120.63676843338727
OUT_07469,846.8408666329912
OUT_07470,384.27700587907714
OUT_07471,244.6833170974671
OUT_07472,812.7512478168167
OUT_07473,106.9071208518426
OUT_07474,1191.0353272213272
OUT_07475,269.4102193777971
OUT_07476,91.0159468616434
OUT_07477,117.98509002891024
OUT_07478,300.2389150694487
OUT_07479,125.26243547922776
OUT_07480,937.4505977830448
OUT_07481,312.7107973683163
OUT_07482,161.83756750340095
OUT_07483,797.3284676320009
OUT_07484,412.77525516606124
OUT_07485,243.3801030838051
OUT_07486,403.6363626242319
OUT_07487,315.9663392919491
OUT_07488,319.25857474859777
OUT_07489,265.73334807880127
OUT_07490,879.5021397336907
OUT_07491,349.5383955006212
OUT_07492,1226.2715357979964
OUT_07493,273.70393057740927
OUT_07494,272.8228983432637
OUT_07495,434.95657155390177
OUT_07496,101.53781466759511
OUT_07497,373.32970964610195
OUT_07498,371.9719396632721
OUT_07499,331.55698123677075
OUT_07500,111.74859268346204
OUT_07501,264.4138170167702
OUT_07502,154.77599858800355
OUT_07503,362.353397160354
OUT_07504,1133.4080028214933
OUT_07505,880.1463025789832
OUT_07506,170.53273574791814
OUT_07507,131.55437528122536
OUT_07508,121.96546080610729
OUT_07509,145.05074590272474
OUT_07510,125.6434626172924
OUT_07511,142.51534293828465
OUT_07512,431.8860056777745
OUT_07513,288.3782766035422
OUT_07514,171.85862042892873
OUT_07515,1051.6524048807892
OUT_07516,102.73218205252942
OUT_07517,104.9913851045702
OUT_07518,97.71652711408552
OUT_07519,1231.074754551744
OUT_07520,423.95131006928216
OUT_07521,255.55903427062074
OUT_07522,334.4790704680533
OUT_07523,381.9618647439438
OUT_07524,314.9309517494276
OUT_07525,403.59151976329247
OUT_07526,138.85112692154493
OUT_07527,142.00030806037546
OUT_07528,359.60730913994416
OUT_07529,248.67074450867906
OUT_07530,354.6997641123303
OUT_07531,156.02886934416128
OUT_07532,345.6761636719183
OUT_07533,319.1345701112688
OUT_07534,98.60749321465131
OUT_07535,298.06139954364784
OUT_07536,849.1037307157495
OUT_07537,122.66918557317625
OUT_07538,151.48238997235154
OUT_07539,333.6356539919635
OUT_07540,100.54742032796618
OUT_07541,137.39040292501772
OUT_07542,113.16252615512772
OUT_07543,406.13695758494646
OUT_07544,86.74047779566017
OUT_07545,325.5377222829202
OUT_07546,1125.0628658252076
OUT_07547,351.6896108769171
OUT_07548,360.5142714210426
OUT_07549,92.43348977363058
OUT_07550,268.6051605646376
OUT_07551,462.8357817723356
OUT_07552,291.7760199978619
OUT_07553,1200.9989833533675
OUT_07554,86.82249201220368
OUT_07555,241.43922819415465
OUT_07556,376.4027105496409
OUT_07557,939.7287382808486
OUT_07558,107.42847179301077
OUT_07559,107.93372255176864
OUT_07560,216.33619575780259
OUT_07561,357.4680395890699
OUT_07562,340.0644110204216
OUT_07563,292.5284672923661
OUT_07564,286.03508083309055
OUT_07565,129.49296293537463
OUT_07566,320.7229219859633
OUT_07567,332.6720166635227
OUT_07568,193.97028431075847
OUT_07569,86.12813825261819
OUT_07570,148.7702242269803
OUT_07571,344.2840938094826
OUT_07572,475.31385492887284
OUT_07573,194.52110851509985
OUT_07574,880.7467931307573
OUT_07575,333.94572005639304
OUT_07576,286.8065392803834
OUT_07577,396.260493778046
OUT_07578,857.9811412171221
OUT_07579,312.5620982060143
OUT_07580,298.15722766179346
OUT_07581,969.6645416483728
OUT_07582,110.27096570620594
OUT_07583,155.49535379377934
OUT_07584,111.55354591826834
OUT_07585,130.2611665189752
OUT_07586,307.8385049015207
OUT_07587,715.7257420429875
OUT_07588,226.98035788243538
OUT_07589,153.21749047316655
OUT_07590,917.304206455792
OUT_07591,945.2640959057912
OUT_07592,112.17223268344726
OUT_07593,342.98649360899685
OUT_07594,331.6637613028464
OUT_07595,414.66205346691584
OUT_07596,90.14628581955166
OUT_07597,119.7542332670614
OUT_07598,388.2450663159682
OUT_07599,429.56403921859294
OUT_07600,982.4235505220328
OUT_07601,276.5000647329193
OUT_07602,151.2595611267367
OUT_07603,123.39856833580257
OUT_07604,1102.9477054282072
OUT_07605,1025.496608612846
OUT_07606,111.19016365942603
OUT_07607,328.5061200024253
OUT_07608,108.14279154557832
OUT_07609,339.806276447082
OUT_07610,141.90895858069587
OUT_07611,343.92145600744675
OUT_07612,158.06023276502157
OUT_07613,162.66786108138683
OUT_07614,146.46883010359988
OUT_07615,263.6468572348406
OUT_07616,189.2135068230569
OUT_07617,929.0165844964208
OUT_07618,92.69005086801036
OUT_07619,331.71308019845094
OUT_07620,399.145473947886
OUT_07621,316.4186426121506
OUT_07622,375.9880559002279
OUT_07623,127.44987845729423
OUT_07624,103.98623805155168
OUT_07625,916.7341707760316
OUT_07626,107.47832183703504
OUT_07627,870.6187667307877
OUT_07628,235.91239718940992
OUT_07629,958.7400287720396
OUT_07630,294.34184246598835
OUT_07631,160.50633758460123
OUT_07632,108.95138054486752
OUT_07633,1283.8191757284785
OUT_07634,118.89354426039532
OUT_07635,900.4578051238552
OUT_07636,950.8522332115288
OUT_07637,132.04021181728433
OUT_07638,308.7054675648204
OUT_07639,1190.0980626774483
OUT_07640,93.75135037177594
OUT_07641,234.6747843648271
OUT_07642,161.16849891798117
OUT_07643,398.0710648312229
OUT_07644,528.09653241334
OUT_07645,148.24641607677188
OUT_07646,367.4445990324041
OUT_07647,348.41425045079126
OUT_07648,126.25060686733524
OUT_07649,319.056340070382
OUT_07650,413.5140031740964
OUT_07651,154.67339290201954
OUT_07652,102.93912349404748
OUT_07653,372.8841189329569
OUT_07654,330.49612678926155
OUT_07655,1167.6177685759765
OUT_07656,112.99255720568353
OUT_07657,175.59184079565645
OUT_07658,1098.470180667518
OUT_07659,380.78080563023923
OUT_07660,337.6397419808357
OUT_07661,337.08267956348686
OUT_07662,365.2449744584346
OUT_07663,101.90770947171646
OUT_07664,339.4590124544426
OUT_07665,122.7121237137256
OUT_07666,140.37853469747262
OUT_07667,307.80074176882226
OUT_07668,110.47677365618854
OUT_07669,270.4278181149733
OUT_07670,209.83600205621997
OUT_07671,1034.83782055033
OUT_07672,159.09801431841768
OUT_07673,109.59648709703166
OUT_07674,891.0709605927991
OUT_07675,121.01301874201314
OUT_07676,162.43681177460795
OUT_07677,867.0323503654919
OUT_07678,812.4599826065621
OUT_07679,963.9835165475816
OUT_07680,146.45575090849655
OUT_07681,417.49306987079956
OUT_07682,952.9088865117404
OUT_07683,166.47335273917713
OUT_07684,350.64915819592034
OUT_07685,1032.3033096028466
OUT_07686,291.8397685770992
OUT_07687,1191.0471924717538
OUT_07688,1170.5566205722364
OUT_07689,311.62737994897304
OUT_07690,131.95053936513088
OUT_07691,205.5909799520037
OUT_07692,87.24362808997604
OUT_07693,355.1511772951248
OUT_07694,134.73581536912005
OUT_07695,119.10895650733012
OUT_07696,168.27183919114697
OUT_07697,198.94781086908853
OUT_07698,471.4399802939088
OUT_07699,160.90770847657464
OUT_07700,107.10954621992884
OUT_07701,224.91190644945465
OUT_07702,996.702906935426
OUT_07703,1093.65425677443
OUT_07704,915.5050967306536
OUT_07705,437.6096969851317
OUT_07706,242.49218342688647
OUT_07707,252.33048993026512
OUT_07708,279.4971117779287
OUT_07709,381.1711448374117
OUT_07710,199.9596441232455
OUT_07711,123.6573568895401
OUT_07712,385.0777536983992
OUT_07713,488.2887238869917
OUT_07714,274.1542125034367
OUT_07715,356.58339053487464
OUT_07716,167.91178961282745
OUT_07717,141.38800380956798
OUT_07718,262.5005366559781
OUT_07719,102.37051032856117
OUT_07720,1221.4189127584204
OUT_07721,334.45368363267085
OUT_07722,867.1734996371074
OUT_07723,97.82272797110994
OUT_07724,263.37710482568946
OUT_07725,303.643150336263
OUT_07726,125.46888534834162
OUT_07727,146.9284641799948
OUT_07728,237.5699314490171
OUT_07729,115.9815911023929
OUT_07730,306.17484990807907
OUT_07731,138.65451651901748
OUT_07732,284.3603450609044
OUT_07733,114.15134767756406
OUT_07734,988.6120668125568
OUT_07735,311.96565595725144
OUT_07736,1125.7293665226068
OUT_07737,116.27041824006994
OUT_07738,119.4058242524862
OUT_07739,435.2224890808129
OUT_07740,260.5599381436945
OUT_07741,122.45296270866176
OUT_07742,869.2641105862676
OUT_07743,185.30746783972563
OUT_07744,356.136146991752
OUT_07745,112.7900768253821
OUT_07746,969.2923624517048
OUT_07747,317.95321548994093
OUT_07748,239.11188933380524
OUT_07749,245.97111150622464
OUT_07750,304.91738287218413
OUT_07751,179.58416014044047
OUT_07752,226.64537205447698
OUT_07753,298.18130048983323
OUT_07754,259.22482695209
OUT_07755,340.1266608571097
OUT_07756,151.18064772728277
OUT_07757,94.29026062091393
OUT_07758,192.18789096338952
OUT_07759,210.22732886761486
OUT_07760,293.97579750044827
OUT_07761,117.51208128297436
OUT_07762,1107.7482577890978
OUT_07763,324.0620925726868
OUT_07764,281.4709691860013
OUT_07765,1129.7840362184875
OUT_07766,105.35107883673147
OUT_07767,387.94732146239005
OUT_07768,315.4235030801414
OUT_07769,915.333740291914
OUT_07770,128.01982239891774
OUT_07771,431.499973582444
OUT_07772,937.2821956680134
OUT_07773,288.8146228360765
OUT_07774,251.9574202941944
OUT_07775,920.4384906817024
OUT_07776,210.82078807741414
OUT_07777,309.5947776811853
OUT_07778,152.1284845703069
OUT_07779,363.82327102853674
OUT_07780,138.1473486496166
OUT_07781,370.69361478458393
OUT_07782,271.0782206768304
OUT_07783,133.16189602117612
OUT_07784,241.68235531234086
OUT_07785,398.04186653974114
OUT_07786,964.4840651590832
OUT_07787,971.7301385328244
OUT_07788,106.03357036539175
OUT_07789,105.0601895850655
OUT_07790,349.18077984483585
OUT_07791,942.037355199923
OUT_07792,977.7557107299608
OUT_07793,921.1409541502088
OUT_07794,351.12728550748534
OUT_07795,956.4279304678314
OUT_07796,1127.27928571402
OUT_07797,165.37563885129293
OUT_07798,331.2301818564583
OUT_07799,101.7927515316103
OUT_07800,97.20583977346605
OUT_07801,1001.208152574002
OUT_07802,118.38829522795984
OUT_07803,355.39075199958313
OUT_07804,194.95684708387824
OUT_07805,143.8971087547019
OUT_07806,329.7774751030125
OUT_07807,285.7256138473372
OUT_07808,206.20915583632177
OUT_07809,294.7912028685108
OUT_07810,1096.108193135932
OUT_07811,121.82009675335968
OUT_07812,253.02555703613828
OUT_07813,130.6729721401284
OUT_07814,109.50767118692536
OUT_07815,1188.391059400108
OUT_07816,313.7018674118408
OUT_07817,1023.1602959483672
OUT_07818,157.36812907655224
OUT_07819,369.66263624743954
OUT_07820,133.56118600251853
OUT_07821,100.39240723779152
OUT_07822,198.87836544346766
OUT_07823,907.0802911611048
OUT_07824,90.4846315839333
OUT_07825,304.6234126667387
OUT_07826,131.0953757133377
OUT_07827,422.09034348724333
OUT_07828,108.16425303661984
OUT_07829,222.6227560547287
OUT_07830,949.131799349156
OUT_07831,359.3679186830278
OUT_07832,950.8720624262456
OUT_07833,232.06863528732077
OUT_07834,415.3275198993025
OUT_07835,111.80469947992526
OUT_07836,304.3192184974437
OUT_07837,1161.8406167242515
OUT_07838,325.416907754074
OUT_07839,92.72251656182767
OUT_07840,318.0849963758208
OUT_07841,103.233203011897
OUT_07842,463.80369751469584
OUT_07843,99.77970104617664
OUT_07844,105.1823046381536
OUT_07845,930.168302265161
OUT_07846,296.2385557805211
OUT_07847,380.8328772554405
OUT_07848,102.90760760121093
OUT_07849,93.31774477668846
OUT_07850,211.83338092919402
OUT_07851,123.44342175501728
OUT_07852,167.80760340896052
OUT_07853,103.38744411897456
OUT_07854,141.4906454268743
OUT_07855,315.0430747055409
OUT_07856,297.8299520507311
OUT_07857,252.07883732657064
OUT_07858,970.7549307503698
OUT_07859,947.4240798610192
OUT_07860,436.2848516380644
OUT_07861,387.71924472358774
OUT_07862,111.9381274822332
OUT_07863,253.65429501881687
OUT_07864,325.8727670380014
OUT_07865,108.27165479252504
OUT_07866,152.37846439275663
OUT_07867,924.860926042755
OUT_07868,226.1876595733471
OUT_07869,339.43058505007343
OUT_07870,387.5762690533561
OUT_07871,160.71716003701715
OUT_07872,120.5932852637016
OUT_07873,96.2317129632978
OUT_07874,121.03386008636744
OUT_07875,970.6545745978152
OUT_07876,1170.391712977917
OUT_07877,1192.1374241152794
OUT_07878,116.90467143082984
OUT_07879,728.941573883705
OUT_07880,1212.159314585635
OUT_07881,109.86877197780989
OUT_07882,117.80903078031614
OUT_07883,949.0028880832516
OUT_07884,333.9074915667649
OUT_07885,195.88215515740018
OUT_07886,356.8583218217377
OUT_07887,238.39001882076477
OUT_07888,337.78863285090307
OUT_07889,159.66158107410632
OUT_07890,395.17194203397514
OUT_07891,376.01350534446715
OUT_07892,396.04675410200423
OUT_07893,1040.6958845354332
OUT_07894,135.02366166837393
OUT_07895,171.69530607726062
OUT_07896,1160.143862263158
OUT_07897,867.095683799362
OUT_07898,271.7940693094867
OUT_07899,377.1763036226616
OUT_07900,241.3629798985189
OUT_07901,904.9190244785544
OUT_07902,349.05945293570176
OUT_07903,144.7443467696435
OUT_07904,90.17360377215044
OUT_07905,242.37540154933637
OUT_07906,119.925246954789
OUT_07907,99.33105349623148
OUT_07908,945.3216228029518
OUT_07909,255.9274379442812
OUT_07910,367.319213203058
OUT_07911,883.0586345127949
OUT_07912,300.577485103169
OUT_07913,324.11674071005746
OUT_07914,372.39940295109557
OUT_07915,359.17037047417034
OUT_07916,1118.252084923491
OUT_07917,289.3815680694785
OUT_07918,190.90850933969932
OUT_07919,396.54955822212276
OUT_07920,324.56570966305185
OUT_07921,120.37664162471512
OUT_07922,272.15496251118327
OUT_07923,1169.730247234991
OUT_07924,892.0022556942349
OUT_07925,1119.41850660986
OUT_07926,135.4526331472098
OUT_07927,372.37931615997684
OUT_07928,147.46009376292164
OUT_07929,91.9520914532163
OUT_07930,891.6121594676456
OUT_07931,428.45342876851066
OUT_07932,276.8033940347547
OUT_07933,252.44061931415777
OUT_07934,290.5655490245133
OUT_07935,954.6478893124196
OUT_07936,295.8329472258671
OUT_07937,170.57575289816918
OUT_07938,937.6404854915636
OUT_07939,273.89788376363515
OUT_07940,177.36900209519575
OUT_07941,420.52696336947645
OUT_07942,201.35122273788008
OUT_07943,373.96637251271227
OUT_07944,254.40446369597268
OUT_07945,282.7542532907518
OUT_07946,407.599697924364
OUT_07947,242.21286448913128
OUT_07948,259.9973759338914
OUT_07949,992.2278338425868
OUT_07950,228.1642594629474
OUT_07951,121.61077333430256
OUT_07952,145.16800766771132
OUT_07953,344.6169053401185
OUT_07954,309.977674036874
OUT_07955,313.1024733992999
OUT_07956,392.76675495912286
OUT_07957,380.79537611489616
OUT_07958,106.77850273726872
OUT_07959,147.09478429958062
OUT_07960,219.98708261306442
OUT_07961,129.54164647236004
OUT_07962,306.15702283869996
OUT_07963,83.89493317668098
OUT_07964,86.87414083026174
OUT_07965,300.16197611697146
OUT_07966,296.9382072202054
OUT_07967,844.3071773105116
OUT_07968,140.09287087033374
OUT_07969,316.24184809645004
OUT_07970,812.5670284797353
OUT_07971,903.2930690615474
OUT_07972,297.960410627578
OUT_07973,213.85418630431354
OUT_07974,312.20223661795154
OUT_07975,278.2588929526794
OUT_07976,158.38142616992073
OUT_07977,119.69459494131732
OUT_07978,375.00333386490877
OUT_07979,219.96043042323743
OUT_07980,1329.7425736674888
OUT_07981,273.26467313244785
OUT_07982,212.0536647312891
OUT_07983,138.3679329091628
OUT_07984,167.62228611222096
OUT_07985,922.7652552601584
OUT_07986,126.79224393858624
OUT_07987,235.27186583298655
OUT_07988,442.184479507437
OUT_07989,157.49991935665662
OUT_07990,191.41243266324636
OUT_07991,918.951873388451
OUT_07992,256.72422650098673
OUT_07993,974.786065437047
OUT_07994,176.35040611260587
OUT_07995,321.1387290932927
OUT_07996,367.78067351718187
OUT_07997,400.80281913208887
OUT_07998,86.30554409655082
OUT_07999,362.4398871050229
OUT_08000,98.7069588698373
OUT_08001,941.6650970163018
OUT_08002,237.7874075770303
OUT_08003,267.1209647376038
OUT_08004,482.6134331214008
OUT_08005,149.79358259182825
OUT_08006,132.26788764082062
OUT_08007,231.0180798423039
OUT_08008,415.94671255932406
OUT_08009,113.37967901019944
OUT_08010,251.2761578801356
OUT_08011,152.53431811439538
OUT_08012,129.86972383981805
OUT_08013,235.5758149966746
OUT_08014,374.7865917735319
OUT_08015,939.2935661884432
OUT_08016,109.3323741002627
OUT_08017,99.0005568384631
OUT_08018,346.61573212836515
OUT_08019,360.4226483756229
OUT_08020,156.52482616308106
OUT_08021,70.79131526941536
OUT_08022,451.0768732504654
OUT_08023,269.930045753348
OUT_08024,107.26170391618324
OUT_08025,908.879035200022
OUT_08026,394.3054910620847
OUT_08027,344.15914994089326
OUT_08028,107.91014122039016
OUT_08029,963.414232902864
OUT_08030,843.9633328292402
OUT_08031,274.0063857196731
OUT_08032,1136.399129806059
OUT_08033,1194.7744464497105
OUT_08034,118.8200855871852
OUT_08035,276.5487737271934
OUT_08036,355.538473036529
OUT_08037,995.0829856365592
OUT_08038,437.7308652184878
OUT_08039,978.916916652694
OUT_08040,111.22018478745798
OUT_08041,904.4860160175048
OUT_08042,316.14201200686966
OUT_08043,388.33118657188413
OUT_08044,274.13665028619977
OUT_08045,1240.0441592993627
OUT_08046,100.14095986045729
OUT_08047,1209.586209732985
OUT_08048,305.92011992273115
OUT_08049,261.8556536406527
OUT_08050,939.2205090043598
OUT_08051,281.94449548350883
OUT_08052,324.2132212732815
OUT_08053,274.7215824995261
OUT_08054,126.70107300876865
OUT_08055,918.0885448120132
OUT_08056,222.83072556310668
OUT_08057,448.82466624595384
OUT_08058,304.984844783879
OUT_08059,879.1365607175467
OUT_08060,76.0123061974128
OUT_08061,469.2213798031512
OUT_08062,951.6818964714248
OUT_08063,357.17070966559754
OUT_08064,129.59922384148385
OUT_08065,373.0134654556516
OUT_08066,977.2181031990629
OUT_08067,1262.044006893041
OUT_08068,84.570539497771
OUT_08069,301.83922950485254
OUT_08070,457.65699777938573
OUT_08071,101.74488843971724
OUT_08072,390.7610340071502
OUT_08073,119.1612581297034
OUT_08074,126.58481786713726
OUT_08075,327.88257394062475
OUT_08076,422.5941773551599
OUT_08077,432.7519626976077
OUT_08078,263.8617116334738
OUT_08079,1173.2926195632913
OUT_08080,302.46607795112726
OUT_08081,334.362556564425
OUT_08082,214.1765512970744
OUT_08083,928.1272642902178
OUT_08084,126.51508670048749
OUT_08085,130.0812599698885
OUT_08086,196.39806809874506
OUT_08087,97.75771228225857
OUT_08088,261.6545704171821
OUT_08089,128.91480917248998
OUT_08090,1220.93713092106
OUT_08091,411.2216211715655
OUT_08092,131.374142655433
OUT_08093,325.0227211997958
OUT_08094,98.28416900759636
OUT_08095,244.46117177812337
OUT_08096,269.62754584696364
OUT_08097,986.9370033169528
OUT_08098,373.81316674843345
OUT_08099,830.0728895732864
OUT_08100,1117.6003637416884
OUT_08101,120.12643297964524
OUT_08102,407.4434624178681
OUT_08103,104.37771639362686
OUT_08104,99.03954342510347
OUT_08105,319.5498658684578
OUT_08106,210.69469894822902
OUT_08107,229.24416674407829
OUT_08108,110.00140221427486
OUT_08109,1197.887114368207
OUT_08110,189.04387320905033
OUT_08111,255.5358386724729
OUT_08112,923.85660138921
OUT_08113,317.90770865820303
OUT_08114,867.5215147798506
OUT_08115,107.28153323810524
OUT_08116,294.59021270229096
OUT_08117,142.86264103055476
OUT_08118,925.0028253365252
OUT_08119,216.5607578247505
OUT_08120,859.4045570277443
OUT_08121,91.11755651027472
OUT_08122,84.23921109731046
OUT_08123,273.66946743186827
OUT_08124,92.5141549903212
OUT_08125,340.8222502835407
OUT_08126,889.8662068045697
OUT_08127,865.3513470124757
OUT_08128,869.1114968509308
OUT_08129,885.6700824445838
OUT_08130,197.7650086287645
OUT_08131,900.9850723731432
OUT_08132,101.52679434268552
OUT_08133,100.80318543768198
OUT_08134,275.6848038858651
OUT_08135,470.0504777383916
OUT_08136,81.34397967253517
OUT_08137,245.1362944101947
OUT_08138,782.0666179943074
OUT_08139,372.45690977352194
OUT_08140,963.2221147837032
OUT_08141,227.6976132575038
OUT_08142,130.18243899264664
OUT_08143,307.2460850241651
OUT_08144,418.60342098233025
OUT_08145,904.9713006805003
OUT_08146,131.79707056579562
OUT_08147,252.17997628182124
OUT_08148,413.1837543714347
OUT_08149,72.69942662193708
OUT_08150,154.91800873425169
OUT_08151,256.0558478014501
OUT_08152,138.5657948230793
OUT_08153,259.67125311697606
OUT_08154,244.57361789828565
OUT_08155,116.15740209382734
OUT_08156,131.71618684886067
OUT_08157,139.88027530117358
OUT_08158,908.9165230173986
OUT_08159,1315.513797794315
OUT_08160,920.0412898239468
OUT_08161,110.02760449460176
OUT_08162,136.87160442735242
OUT_08163,94.40420951663424
OUT_08164,140.18336671254173
OUT_08165,309.12210139008187
OUT_08166,154.63322515319808
OUT_08167,326.6912041197405
OUT_08168,75.81868070924338
OUT_08169,190.0471686438608
OUT_08170,160.04147179373126
OUT_08171,140.18477750179034
OUT_08172,319.61637108523195
OUT_08173,250.02485901313867
OUT_08174,188.66861420910683
OUT_08175,949.4403650809896
OUT_08176,290.2341560969121
OUT_08177,1232.8461843666832
OUT_08178,309.00949438778423
OUT_08179,951.1819727410092
OUT_08180,403.71093092294564
OUT_08181,252.88074764499456
OUT_08182,355.64192598730506
OUT_08183,322.6467360060434
OUT_08184,152.3970714181007
OUT_08185,114.77194722931166
OUT_08186,890.1335909191982
OUT_08187,931.5640521870158
OUT_08188,322.0261913624836
OUT_08189,133.51070934347362
OUT_08190,426.9916072338316
OUT_08191,183.79732443079214
OUT_08192,343.15798794241346
OUT_08193,96.28526618910358
OUT_08194,106.54482113110896
OUT_08195,988.4689252056762
OUT_08196,221.60680380854257
OUT_08197,97.82909124269288
OUT_08198,271.45246305374167
OUT_08199,479.36443750321746
OUT_08200,87.91626821123249
OUT_08201,1219.2650224014697
OUT_08202,135.11225769287023
OUT_08203,128.621824188445
OUT_08204,511.17937180938907
OUT_08205,104.1654685203909
OUT_08206,940.4932347126456
OUT_08207,106.06925609321172
OUT_08208,268.2223517754534
OUT_08209,347.33238919391715
OUT_08210,120.45880538429657
OUT_08211,164.43745750420285
OUT_08212,220.99419141315417
OUT_08213,313.2288903700139
OUT_08214,318.29957366790666
OUT_08215,378.62665682651743
OUT_08216,831.3050044148745
OUT_08217,836.9995649027583
OUT_08218,1196.455409933803
OUT_08219,250.41600734677235
OUT_08220,449.15542512271793
OUT_08221,918.7900915354558
OUT_08222,1075.126531513279
OUT_08223,125.60451454056405
OUT_08224,344.9529938251663
OUT_08225,969.8113699679936
OUT_08226,1239.4229780046428
OUT_08227,927.848058524268
OUT_08228,868.7976926016639
OUT_08229,315.5062828771195
OUT_08230,424.65883064407524
OUT_08231,1192.0113103957617
OUT_08232,96.417408138616
OUT_08233,928.0817702612524
OUT_08234,842.5076430331289
OUT_08235,103.56745503533992
OUT_08236,158.21286067865816
OUT_08237,932.311960848748
OUT_08238,415.67252061002534
OUT_08239,261.4964800312491
OUT_08240,214.40292506179765
OUT_08241,947.0628387766068
OUT_08242,113.19942281889996
OUT_08243,928.5272151820776
OUT_08244,344.03571236608343
OUT_08245,99.6443595467276
OUT_08246,143.24384963486818
OUT_08247,429.5916090302924
OUT_08248,187.22055174321974
OUT_08249,135.74650847469997
OUT_08250,366.77320611170046
OUT_08251,424.8142014399135
OUT_08252,416.4332754213634
OUT_08253,114.5856853009884
OUT_08254,330.410986984014
OUT_08255,350.99374010189524
OUT_08256,484.71751250203977
OUT_08257,315.7683622356158
OUT_08258,450.63380154793856
OUT_08259,241.73654366073035
OUT_08260,885.6572570573137
OUT_08261,971.092047148866
OUT_08262,291.7589235641258
OUT_08263,109.04859602834676
OUT_08264,315.23666895553043
OUT_08265,115.82300970098794
OUT_08266,53.75319617188547
OUT_08267,408.07336066832397
OUT_08268,155.81259002014653
OUT_08269,342.5392805055015
OUT_08270,276.06645161687106
OUT_08271,909.2937991407211
OUT_08272,336.6679617834866
OUT_08273,976.4104693789455
OUT_08274,130.26477467475954
OUT_08275,918.3464346752623
OUT_08276,103.75598351865014
OUT_08277,214.29088483400025
OUT_08278,1158.644905589464
OUT_08279,416.5160684039148
OUT_08280,898.471835576737
OUT_08281,903.445158811147
OUT_08282,180.55934410740355
OUT_08283,92.21467778876466
OUT_08284,134.69209241248092
OUT_08285,137.46982822635215
OUT_08286,291.6195227225304
OUT_08287,312.84022784102444
OUT_08288,409.1181227219812
OUT_08289,142.3112970051642
OUT_08290,248.2389585477539
OUT_08291,333.14683654567875
OUT_08292,997.5410887497104
OUT_08293,95.25347355920346
OUT_08294,404.462306562049
OUT_08295,128.21190772425848
OUT_08296,1197.2697347274634
OUT_08297,114.79095984563553
OUT_08298,1110.1048642438063
OUT_08299,133.2433826176114
OUT_08300,324.9150182153673
OUT_08301,193.53724070040604
OUT_08302,109.61677066823964
OUT_08303,369.3027342533436
OUT_08304,1092.898781361102
OUT_08305,985.6988862429062
OUT_08306,341.3764346765597
OUT_08307,1158.2695709363506
OUT_08308,385.05563879075385
OUT_08309,322.0241552882276
OUT_08310,305.0651845805276
OUT_08311,102.63689922070304
OUT_08312,138.44579840569486
OUT_08313,924.8091092659112
OUT_08314,107.84305365502476
OUT_08315,115.754471857255
OUT_08316,358.77295148797174
OUT_08317,141.89134933655106
OUT_08318,189.47393518009775
OUT_08319,350.554339443734
OUT_08320,354.88739490003513
OUT_08321,289.0517560245496
OUT_08322,131.49140754049432
OUT_08323,260.97490765001254
OUT_08324,123.20862337991007
OUT_08325,288.120598006169
OUT_08326,418.74909415316665
OUT_08327,922.4784680140036
OUT_08328,324.7759729093516
OUT_08329,309.6678279461231
OUT_08330,915.5434625997082
OUT_08331,926.1304436478972
OUT_08332,887.686674706578
OUT_08333,88.43414794669506
OUT_08334,159.64764506475495
OUT_08335,394.73606384702964
OUT_08336,142.65385618111023
OUT_08337,96.05222278590036
OUT_08338,315.3078805484039
OUT_08339,305.4597461631061
OUT_08340,468.6285473633129
OUT_08341,187.36411707306
OUT_08342,350.9720437099037
OUT_08343,147.44401473850064
OUT_08344,115.83816866513736
OUT_08345,170.46772079102783
OUT_08346,261.95838466292065
OUT_08347,915.4870480111408
OUT_08348,918.6079788796496
OUT_08349,100.51492076716576
OUT_08350,90.60285487366976
OUT_08351,215.02749122463615
OUT_08352,142.36273749368667
OUT_08353,93.61653361394488
OUT_08354,161.10300808569124
OUT_08355,913.2520075510334
OUT_08356,350.0025458508852
OUT_08357,370.3481531634683
OUT_08358,318.3001441622627
OUT_08359,154.5535487229476
OUT_08360,1027.1082684421376
OUT_08361,354.89341174180606
OUT_08362,911.0799980603506
OUT_08363,153.4365604296362
OUT_08364,132.51148145756184
OUT_08365,94.9575557574762
OUT_08366,433.1769260375106
OUT_08367,112.06540902678893
OUT_08368,161.78201157606526
OUT_08369,117.95054628472812
OUT_08370,200.04292256466465
OUT_08371,363.743026534302
OUT_08372,286.74912369398737
OUT_08373,183.7258302676849
OUT_08374,290.36566257650054
OUT_08375,132.1643751451784
OUT_08376,109.3683183821104
OUT_08377,261.8359498722928
OUT_08378,272.9631547080408
OUT_08379,212.01793333399985
OUT_08380,381.884053187743
OUT_08381,379.3103992295429
OUT_08382,907.862717287557
OUT_08383,282.5359869026571
OUT_08384,129.33625948269875
OUT_08385,305.79005767844706
OUT_08386,266.4356201833446
OUT_08387,452.226247983172
OUT_08388,368.4951127461775
OUT_08389,132.49477122837652
OUT_08390,325.6482263241441
OUT_08391,268.5708660750798
OUT_08392,340.6633153573866
OUT_08393,76.78263497179167
OUT_08394,141.2981350171805
OUT_08395,329.75949775296823
OUT_08396,406.32045968391105
OUT_08397,315.9664177485523
OUT_08398,267.7381242967696
OUT_08399,104.11930092775086
OUT_08400,977.908311917494
OUT_08401,461.34521287731013
OUT_08402,1084.7934206185935
OUT_08403,163.8768667472952
OUT_08404,181.48349424781145
OUT_08405,126.68755615330204
OUT_08406,415.2594961449329
OUT_08407,448.7057600510449
OUT_08408,869.4184508636562
OUT_08409,88.43296989434488
OUT_08410,122.03468074130976
OUT_08411,358.1917994320918
OUT_08412,113.45251058419497
OUT_08413,365.94595768492513
OUT_08414,310.2026606014411
OUT_08415,183.7883261770155
OUT_08416,93.01507494044
OUT_08417,109.23198260390669
OUT_08418,231.33265076091527
OUT_08419,138.8062588998565
OUT_08420,142.19263781781933
OUT_08421,220.6923018455061
OUT_08422,240.016687196112
OUT_08423,96.33836945232042
OUT_08424,110.16250016633715
OUT_08425,117.05514885215594
OUT_08426,137.7549021153593
OUT_08427,951.8781484559364
OUT_08428,138.18641677305084
OUT_08429,215.47487357330357
OUT_08430,133.6497186644061
OUT_08431,116.1372530340495
OUT_08432,1092.0084012502264
OUT_08433,120.30704814410404
OUT_08434,134.3578233877967
OUT_08435,100.85467810292708
OUT_08436,349.5422876352952
OUT_08437,1013.3633066095288
OUT_08438,922.9128578356084
OUT_08439,147.69026198590154
OUT_08440,140.59931115735202
OUT_08441,160.50033757574104
OUT_08442,1109.2846517239416
OUT_08443,305.18794167867924
OUT_08444,250.1476523656281
OUT_08445,112.36103638302976
OUT_08446,393.88404822132907
OUT_08447,97.58035756237793
OUT_08448,347.43453927296446
OUT_08449,932.462399343307
OUT_08450,130.6467554153924
OUT_08451,353.0757027748198
OUT_08452,1205.0684684907435
OUT_08453,215.1212018846711
OUT_08454,208.89297282333035
OUT_08455,937.2083033627672
OUT_08456,158.42280999600206
OUT_08457,883.969927528118
OUT_08458,970.9291786271712
OUT_08459,237.41212520431827
OUT_08460,250.97536458542612
OUT_08461,411.3902306858016
OUT_08462,247.16306605922023
OUT_08463,342.4226202459086
OUT_08464,814.0523747135794
OUT_08465,291.8495417716304
OUT_08466,337.6286454195298
OUT_08467,237.49992807904977
OUT_08468,293.69272113177743
OUT_08469,286.6584216167508
OUT_08470,409.57532608794895
OUT_08471,118.55000399311716
OUT_08472,309.84937636872723
OUT_08473,445.2473614282359
OUT_08474,978.5804199406718
OUT_08475,104.85732707305162
OUT_08476,379.6745106042723
OUT_08477,970.5317383674918
OUT_08478,129.34052878335484
OUT_08479,244.88955629152105
OUT_08480,258.30870481699094
OUT_08481,204.55338724049298
OUT_08482,392.5984552832747
OUT_08483,116.94341055115578
OUT_08484,1133.081297100784
OUT_08485,1111.3678776183574
OUT_08486,111.52391205452967
OUT_08487,258.4167912133531
OUT_08488,104.75506743950204
OUT_08489,971.1229469158848
OUT_08490,398.76777667352167
OUT_08491,304.9560512195993
OUT_08492,365.597854008847
OUT_08493,889.6942715980207
OUT_08494,191.81461348673218
OUT_08495,100.20544102936684
OUT_08496,949.7246275126304
OUT_08497,123.9764995142855
OUT_08498,144.1364979641388
OUT_08499,122.66158165438678
OUT_08500,144.49309279554836
OUT_08501,171.40084321251817
OUT_08502,813.1772292127873
OUT_08503,107.0786462846045
OUT_08504,318.83102346886903
OUT_08505,166.8241094564653
OUT_08506,876.3010202276802
OUT_08507,279.32711394127324
OUT_08508,321.43062233441407
OUT_08509,305.3497429906141
OUT_08510,146.78834269276985
OUT_08511,62.2911786834024
OUT_08512,947.3881521271838
OUT_08513,318.59713812718326
OUT_08514,353.0244762683535
OUT_08515,340.7918201758715
OUT_08516,145.35570599265168
OUT_08517,940.9340311568412
OUT_08518,289.68298035351734
OUT_08519,102.95063191463764
OUT_08520,209.17844331704973
OUT_08521,129.19975926695156
OUT_08522,88.38962929095851
OUT_08523,324.65821759980486
OUT_08524,365.3679540226458
OUT_08525,407.1631574404403
OUT_08526,1144.0439726279585
OUT_08527,324.7954371636108
OUT_08528,127.4895067597778
OUT_08529,122.18580036297057
OUT_08530,393.1763208529472
OUT_08531,155.81625039139044
OUT_08532,365.77699620618273
OUT_08533,236.4351748131847
OUT_08534,232.625540744335
OUT_08535,262.4232226978686
OUT_08536,112.93111204401072
OUT_08537,832.6121221440563
OUT_08538,109.10597592740346
OUT_08539,323.76933800017576
OUT_08540,955.7417996523704
OUT_08541,384.4084936369464
OUT_08542,110.0405677573574
OUT_08543,367.71354526584946
OUT_08544,862.3706395091854
OUT_08545,310.4266670567202
OUT_08546,114.34935949653972
OUT_08547,136.00267720126524
OUT_08548,262.609337072014
OUT_08549,1114.0201022563713
OUT_08550,804.3056283286132
OUT_08551,130.75588624430333
OUT_08552,975.6448886724636
OUT_08553,342.8980983203095
OUT_08554,300.7401026177042
OUT_08555,941.2415336110172
OUT_08556,421.104210579392
OUT_08557,142.8263421492285
OUT_08558,128.60200654964996
OUT_08559,797.9245188813734
OUT_08560,363.5449025263963
OUT_08561,248.71785802719688
OUT_08562,109.32358716003812
OUT_08563,405.1701335923525
OUT_08564,865.518784859793
OUT_08565,962.0319554673284
OUT_08566,395.2556307310899
OUT_08567,161.1203629459709
OUT_08568,907.6686931617344
OUT_08569,109.4744744962326
OUT_08570,246.04885070200572
OUT_08571,279.7192495106063
OUT_08572,88.49321164262365
OUT_08573,399.3850235416636
OUT_08574,266.3403948662609
OUT_08575,320.7943347964525
OUT_08576,192.34909319145572
OUT_08577,281.5177786512204
OUT_08578,407.25754632189944
OUT_08579,395.40771110629873
OUT_08580,372.58348505420815
OUT_08581,446.5258923585601
OUT_08582,431.5929400195904
OUT_08583,1115.5135075248613
OUT_08584,271.4700199036858
OUT_08585,486.0118913157063
OUT_08586,407.51434112725883
OUT_08587,141.52131876329406
OUT_08588,293.0973993367142
OUT_08589,116.5098748496182
OUT_08590,366.2417619510586
OUT_08591,530.4827425795655
OUT_08592,332.27632960953616
OUT_08593,203.47983202242554
OUT_08594,246.6401311898537
OUT_08595,337.71851259892765
OUT_08596,406.33614793249956
OUT_08597,187.09729778990504
OUT_08598,90.17101536258846
OUT_08599,222.0055222453514
OUT_08600,207.42144774124853
OUT_08601,131.0590844986949
OUT_08602,352.9613820675289
OUT_08603,834.8211338223748
OUT_08604,413.79927343393945
OUT_08605,135.68567733490084
OUT_08606,897.4287564114088
OUT_08607,287.51084795270924
OUT_08608,409.62620446713834
OUT_08609,114.7198503714271
OUT_08610,159.04140557049647
OUT_08611,271.26246806516906
OUT_08612,312.1454109001992
OUT_08613,380.7411124631177
OUT_08614,1102.2369509657517
OUT_08615,215.6337121387147
OUT_08616,130.9130980938158
OUT_08617,137.37935007708617
OUT_08618,316.3136333455365
OUT_08619,1204.7503825341864
OUT_08620,138.1610217363196
OUT_08621,145.56287767811608
OUT_08622,196.7159342107881
OUT_08623,267.6353790574019
OUT_08624,114.29873380073263
OUT_08625,1216.447812773944
OUT_08626,229.94611332671536
OUT_08627,125.89414911396742
OUT_08628,107.23139144752282
OUT_08629,128.06445563999955
OUT_08630,993.628003109232
OUT_08631,1014.4696593255763
OUT_08632,92.24085191682738
OUT_08633,404.6034711949884
OUT_08634,166.68886447745743
OUT_08635,106.8037350266458
OUT_08636,1220.221119017924
OUT_08637,271.6544886144087
OUT_08638,339.53562265323444
OUT_08639,157.99709051629065
OUT_08640,383.59422135936313
OUT_08641,299.38477195660505
OUT_08642,1039.093447889913
OUT_08643,311.11216210182266
OUT_08644,190.04823806711627
OUT_08645,272.2462156683911
OUT_08646,138.75544689647802
OUT_08647,1077.6678644991352
OUT_08648,359.8830803383737
OUT_08649,242.76022284473206
OUT_08650,279.3936495311018
OUT_08651,1173.5552580938077
OUT_08652,969.4735337864436
OUT_08653,981.2719629619014
OUT_08654,118.53061390515899
OUT_08655,380.8024381290014
OUT_08656,273.19766148503993
OUT_08657,346.05654952253263
OUT_08658,949.893201499162
OUT_08659,318.493536584631
OUT_08660,1191.66308199988
OUT_08661,376.63900930800094
OUT_08662,270.64881757980487
OUT_08663,98.49262038030452
OUT_08664,76.23911804418638
OUT_08665,1009.2191798037225
OUT_08666,1222.2228952964472
OUT_08667,132.19717715851615
OUT_08668,146.75710061079087
OUT_08669,140.65520239408986
OUT_08670,980.4441908067072
OUT_08671,147.94566479095704
OUT_08672,105.5599507851125
OUT_08673,985.9489871573852
OUT_08674,400.0707470403638
OUT_08675,124.431959713314
OUT_08676,1370.7259965763694
OUT_08677,234.3696197926895
OUT_08678,130.92999881525455
OUT_08679,376.19567675008716
OUT_08680,336.88849579812734
OUT_08681,143.68478642727413
OUT_08682,925.227669161378
OUT_08683,115.17686167119874
OUT_08684,239.73441643161712
OUT_08685,298.76491141680873
OUT_08686,399.2738346238366
OUT_08687,343.488659034944
OUT_08688,254.9074244421058
OUT_08689,89.38967498828278
OUT_08690,99.47168622191892
OUT_08691,280.7624057160054
OUT_08692,259.1015159177441
OUT_08693,322.7060851360991
OUT_08694,432.22716447623463
OUT_08695,927.6345230962772
OUT_08696,121.79133158403246
OUT_08697,119.77215534436118
OUT_08698,337.455825427044
OUT_08699,371.0862489564869
OUT_08700,373.9843952237147
OUT_08701,295.2268052973719
OUT_08702,376.0850888863521
OUT_08703,104.983273407753
OUT_08704,982.0931961916856
OUT_08705,290.1768792818906
OUT_08706,181.7718810239745
OUT_08707,230.63364212213796
OUT_08708,901.5860482077454
OUT_08709,361.1530251964929
OUT_08710,102.29410590163808
OUT_08711,424.459858235758
OUT_08712,107.6995288907018
OUT_08713,307.41871892411086
OUT_08714,346.10899940809736
OUT_08715,120.85562752077045
OUT_08716,1073.4949013101725
OUT_08717,335.6136961260364
OUT_08718,113.03147661803511
OUT_08719,440.91917083167186
OUT_08720,104.16155867311178
OUT_08721,886.5070434796361
OUT_08722,298.0723717338956
OUT_08723,398.5077465764816
OUT_08724,123.92398934429224
OUT_08725,99.99286572718114
OUT_08726,108.91750034891898
OUT_08727,117.29922450100672
OUT_08728,386.22599882295424
OUT_08729,225.75071827652533
OUT_08730,340.8178958176411
OUT_08731,124.06306310344627
OUT_08732,467.7095552101165
OUT_08733,146.29721699686314
OUT_08734,188.68663682686056
OUT_08735,410.7637324071295
OUT_08736,870.6492908954696
OUT_08737,114.933054149136
OUT_08738,289.6569400183764
OUT_08739,1168.3524929224602
OUT_08740,256.07104621387776
OUT_08741,209.57300879180156
OUT_08742,195.16262623472124
OUT_08743,106.16742354686528
OUT_08744,276.7419444629915
OUT_08745,296.14326059529685
OUT_08746,303.2413375870891
OUT_08747,334.91278948693787
OUT_08748,103.4812512063302
OUT_08749,422.33899671923234
OUT_08750,276.0379847105056
OUT_08751,258.7677361972851
OUT_08752,374.43580302412954
OUT_08753,938.1302681774712
OUT_08754,225.72969410127456
OUT_08755,73.95550292864408
OUT_08756,943.2712571519525
OUT_08757,189.38267852765895
OUT_08758,106.48370967398884
OUT_08759,975.442844294904
OUT_08760,117.92251710534963
OUT_08761,941.3286923617148
OUT_08762,111.61567516607532
OUT_08763,404.5792080446811
OUT_08764,863.8392563910314
OUT_08765,373.1066112875304
OUT_08766,127.269128516872
OUT_08767,911.1506284012428
OUT_08768,106.42014549740394
OUT_08769,130.4125088157391
OUT_08770,309.7779153419705
OUT_08771,244.82767451001055
OUT_08772,240.6361641273873
OUT_08773,128.299183792346
OUT_08774,125.76044498085034
OUT_08775,329.6786352508426
OUT_08776,704.1897388842377
OUT_08777,391.16562120733545
OUT_08778,180.3304183062124
OUT_08779,342.0018870527066
OUT_08780,1003.0132746360608
OUT_08781,370.9051287128359
OUT_08782,324.44854604192926
OUT_08783,972.03793294172
OUT_08784,231.7052690167393
OUT_08785,937.9505756230736
OUT_08786,98.33395028503143
OUT_08787,235.3698262922071
OUT_08788,98.93691085827122
OUT_08789,795.0236844091427
OUT_08790,145.727642073512
OUT_08791,420.1875394999597
OUT_08792,316.92086054177116
OUT_08793,170.72471297501477
OUT_08794,315.5776729938438
OUT_08795,121.0186109091273
OUT_08796,330.3079600097951
OUT_08797,104.71147978811489
OUT_08798,176.08265859362433
OUT_08799,334.9820617933742
OUT_08800,361.0048676254909
OUT_08801,338.8471340936897
OUT_08802,120.54149649491067
OUT_08803,297.6292816607025
OUT_08804,454.8279251649401
OUT_08805,1256.2284385439032
OUT_08806,84.94675982656253
OUT_08807,415.5999217407409
OUT_08808,294.3608950244716
OUT_08809,341.72233898171453
OUT_08810,231.81779027642844
OUT_08811,123.89862268879722
OUT_08812,430.45708281791553
OUT_08813,272.98374635328116
OUT_08814,120.41351821890792
OUT_08815,838.2209508197752
OUT_08816,90.79378759691323
OUT_08817,257.9777857051888
OUT_08818,349.81589603340643
OUT_08819,263.8210405996497
OUT_08820,134.39918121296208
OUT_08821,385.34924089548133
OUT_08822,320.9484299397079
OUT_08823,279.90183319074225
OUT_08824,142.6323591889432
OUT_08825,125.11304664304706
OUT_08826,881.1185505432948
OUT_08827,1317.3384109003168
OUT_08828,227.09853611809973
OUT_08829,87.91684542487558
OUT_08830,105.84167432080592
OUT_08831,1093.260086695513
OUT_08832,246.96088599417027
OUT_08833,97.70446935071516
OUT_08834,340.405423882595
OUT_08835,1109.8786459294936
OUT_08836,99.80857821985516
OUT_08837,318.5907033321158
OUT_08838,299.13401107033405
OUT_08839,127.08422361221436
OUT_08840,898.8811905238077
OUT_08841,1233.7827240240556
OUT_08842,152.37361104838098
OUT_08843,902.0787034536536
OUT_08844,332.11605113859537
OUT_08845,239.9960965140452
OUT_08846,428.58752170024763
OUT_08847,281.5999075535706
OUT_08848,300.63425387647106
OUT_08849,398.1960547709102
OUT_08850,938.408611073462
OUT_08851,184.10733581261678
OUT_08852,293.7709642477471
OUT_08853,828.9215986386864
OUT_08854,103.41372351078743
OUT_08855,922.0503910552952
OUT_08856,122.26177321293744
OUT_08857,257.1863365190169
OUT_08858,403.347538316582
OUT_08859,120.18073580629049
OUT_08860,827.2507997430444
OUT_08861,105.15665163783378
OUT_08862,143.78190141403215
OUT_08863,91.01164299044585
OUT_08864,389.32566047821535
OUT_08865,296.5920554497186
OUT_08866,114.74780152091964
OUT_08867,317.32998070632334
OUT_08868,116.67528899178733
OUT_08869,372.3725138028585
OUT_08870,390.6950947014965
OUT_08871,1363.6202145495677
OUT_08872,1148.4892320157237
OUT_08873,141.57257208952973
OUT_08874,161.87991414987502
OUT_08875,456.94853482209555
OUT_08876,449.34709546711633
OUT_08877,932.5979886318032
OUT_08878,338.68125894293223
OUT_08879,274.3257454315899
OUT_08880,206.91027670868155
OUT_08881,106.97855385538055
OUT_08882,281.98225232371846
OUT_08883,747.6052644227877
OUT_08884,887.7930507659394
OUT_08885,432.0408597504379
OUT_08886,915.7033064357634
OUT_08887,261.1492796809304
OUT_08888,136.302781676003
OUT_08889,357.22074471359406
OUT_08890,315.69542357368107
OUT_08891,945.5960216927087
OUT_08892,417.1047842896612
OUT_08893,324.1647121576729
OUT_08894,203.90016054024528
OUT_08895,947.6254824629136
OUT_08896,106.45081342230856
OUT_08897,399.0971365184022
OUT_08898,899.1977872894773
OUT_08899,309.0318243975839
OUT_08900,127.8754136078489
OUT_08901,469.3847598828669
OUT_08902,338.5379335303662
OUT_08903,296.8237288907975
OUT_08904,321.2228953028886
OUT_08905,105.27068211066997
OUT_08906,312.260676097918
OUT_08907,386.7596502140608
OUT_08908,148.15077235113762
OUT_08909,104.77620514720216
OUT_08910,942.6920410947088
OUT_08911,97.63046262624792
OUT_08912,298.08659754285065
OUT_08913,902.7579871753588
OUT_08914,999.892551449718
OUT_08915,124.475376923764
OUT_08916,120.31078555898225
OUT_08917,138.83630503241858
OUT_08918,293.26904653423367
OUT_08919,143.24781176053278
OUT_08920,127.15244259169104
OUT_08921,1173.431253855782
OUT_08922,331.25758248731813
OUT_08923,153.3659829596424
OUT_08924,321.39819141686894
OUT_08925,1005.8527930269428
OUT_08926,433.9318572882132
OUT_08927,365.1164628900069
OUT_08928,935.5112403446664
OUT_08929,1101.6458553676391
OUT_08930,301.88775090524854
OUT_08931,90.85254638429534
OUT_08932,146.37406745025584
OUT_08933,312.2808254117865
OUT_08934,295.54928176017177
OUT_08935,347.4176698300345
OUT_08936,142.73796751611906
OUT_08937,306.26110770527737
OUT_08938,788.6690053784415
OUT_08939,88.72164703887665
OUT_08940,86.62222368784259
OUT_08941,183.91133362220688
OUT_08942,341.5241691674403
OUT_08943,195.1768678604245
OUT_08944,749.2471906185725
OUT_08945,118.4801595763172
OUT_08946,936.7735723640146
OUT_08947,909.9154468954048
OUT_08948,222.45835995458793
OUT_08949,278.2253468363733
OUT_08950,294.9123147596948
OUT_08951,109.45985599131582
OUT_08952,262.4694322335592
OUT_08953,78.04861127145492
OUT_08954,138.67487932287054
OUT_08955,76.14460868171749
OUT_08956,232.50609557362594
OUT_08957,115.54255726783757
OUT_08958,950.3353643383472
OUT_08959,428.4607000574397
OUT_08960,172.22418227291385
OUT_08961,227.154244162719
OUT_08962,105.70401603164444
OUT_08963,146.5837471669216
OUT_08964,918.7903067450856
OUT_08965,1000.5639978877688
OUT_08966,351.56918411646905
OUT_08967,112.83525136829644
OUT_08968,431.8285912760289
OUT_08969,961.5052729507292
OUT_08970,457.1654764490813
OUT_08971,423.3134230366244
OUT_08972,179.59172202594402
OUT_08973,228.49256460523048
OUT_08974,299.13731103794373
OUT_08975,186.63393451686505
OUT_08976,328.3639538503121
OUT_08977,103.9432208590856
OUT_08978,861.7148760733724
OUT_08979,947.392420423218
OUT_08980,268.86499002154994
OUT_08981,161.3581373871412
OUT_08982,475.39835060886367
OUT_08983,347.6039202042397
OUT_08984,159.79864641319148
OUT_08985,153.97081660650304
OUT_08986,867.9371095903288
OUT_08987,241.81099036819788
OUT_08988,237.19755506249507
OUT_08989,187.57197081986482
OUT_08990,102.91192721566252
OUT_08991,291.18735479381354
OUT_08992,885.4711011898908
OUT_08993,68.45140788778833
OUT_08994,315.06896882356085
OUT_08995,1177.3322269928017
OUT_08996,96.87472277156039
OUT_08997,511.77356931999
OUT_08998,394.80895292793014
OUT_08999,299.4671522726965
OUT_09000,264.9133220699389
OUT_09001,214.06025002601234
OUT_09002,247.01283909192898
OUT_09003,206.21750574687152
OUT_09004,189.4899303106244
OUT_09005,231.05939718390567
OUT_09006,1204.754412377186
OUT_09007,1151.303815167692
OUT_09008,135.22964015203002
OUT_09009,115.0768500545566
OUT_09010,969.0952395051464
OUT_09011,981.742914480402
OUT_09012,1105.6598943414044
OUT_09013,141.0861774270846
OUT_09014,916.8489665136532
OUT_09015,1223.6046000811668
OUT_09016,256.5954224398157
OUT_09017,134.41704952963514
OUT_09018,174.58533047491278
OUT_09019,299.5221780247367
OUT_09020,220.24422956888588
OUT_09021,184.589867501726
OUT_09022,409.7498072774632
OUT_09023,111.88614616112676
OUT_09024,1305.3670946825257
OUT_09025,324.1741871559676
OUT_09026,125.21175517156048
OUT_09027,253.34174637963463
OUT_09028,389.03107150191306
OUT_09029,142.40071418007443
OUT_09030,205.50073287430294
OUT_09031,405.42150361651466
OUT_09032,337.19080864979264
OUT_09033,121.9317739367872
OUT_09034,418.4141401192263
OUT_09035,351.3652426769624
OUT_09036,1374.1657360761312
OUT_09037,226.77554135161523
OUT_09038,302.8194263873479
OUT_09039,989.7977229943592
OUT_09040,298.5238005030615
OUT_09041,426.019844961363
OUT_09042,973.440132630492
OUT_09043,983.2325884008942
OUT_09044,448.5752239077591
OUT_09045,366.7175150397876
OUT_09046,317.38595439630114
OUT_09047,931.5304496953902
OUT_09048,949.4415772062116
OUT_09049,347.1688145315791
OUT_09050,942.5844005309611
OUT_09051,952.7441206720332
OUT_09052,114.15753182991418
OUT_09053,417.11069991548504
OUT_09054,346.5484653808516
OUT_09055,189.4911154806805
OUT_09056,334.096000637947
OUT_09057,301.71521380976526
OUT_09058,947.3441499748744
OUT_09059,136.97264691694738
OUT_09060,193.99926292791497
OUT_09061,355.4662219560454
OUT_09062,234.60101956127386
OUT_09063,141.6759584299707
OUT_09064,949.86813956273
OUT_09065,337.6699478765428
OUT_09066,272.69817937269875
OUT_09067,141.70868600116896
OUT_09068,954.6500278921663
OUT_09069,386.5267862671893
OUT_09070,931.7065257028852
OUT_09071,1072.7780271725107
OUT_09072,1201.1658781638662
OUT_09073,409.12955666579046
OUT_09074,948.5214554651408
OUT_09075,257.81639138783464
OUT_09076,354.4687126207903
OUT_09077,125.38078422951072
OUT_09078,455.10319177826693
OUT_09079,334.11524920916247
OUT_09080,335.89324463613224
OUT_09081,914.3743781761872
OUT_09082,149.45229515357033
OUT_09083,266.9199793663033
OUT_09084,343.9699274037969
OUT_09085,131.68422823068076
OUT_09086,259.2307313819658
OUT_09087,269.4238514333732
OUT_09088,134.91708584952335
OUT_09089,982.1484724677337
OUT_09090,317.1422858759654
OUT_09091,323.5333104351244
OUT_09092,91.7028310309658
OUT_09093,967.844215058824
OUT_09094,318.2776950258557
OUT_09095,408.9646448768026
OUT_09096,326.11736266191133
OUT_09097,940.1083550629436
OUT_09098,163.43078739889484
OUT_09099,427.3641532813481
OUT_09100,293.8846662236967
OUT_09101,285.0301304208427
OUT_09102,319.3368127096453
OUT_09103,164.9188457081651
OUT_09104,964.8059923737028
OUT_09105,144.48504204788435
OUT_09106,264.3495050478423
OUT_09107,179.74267530517156
OUT_09108,360.4739752863711
OUT_09109,198.43941454307583
OUT_09110,884.6358738742308
OUT_09111,1121.2053301825526
OUT_09112,376.3466013005224
OUT_09113,166.42187709058186
OUT_09114,291.3173990597739
OUT_09115,132.6854166744664
OUT_09116,183.19413040648791
OUT_09117,394.1645325094156
OUT_09118,215.85186941387502
OUT_09119,244.8065433896071
OUT_09120,916.6270778815864
OUT_09121,222.57713699836006
OUT_09122,964.6522850559757
OUT_09123,436.92880870702686
OUT_09124,206.56065806328985
OUT_09125,91.16394499625942
OUT_09126,144.05324919866692
OUT_09127,204.73331361157315
OUT_09128,387.006427292695
OUT_09129,330.6349290177066
OUT_09130,108.260135594827
OUT_09131,402.0241343621186
OUT_09132,120.14862927507684
OUT_09133,294.1827908481049
OUT_09134,1303.470660609212
OUT_09135,178.74895242440104
OUT_09136,139.5311853567727
OUT_09137,96.71743394435094
OUT_09138,145.2230515752647
OUT_09139,378.3936848918106
OUT_09140,324.58237628425326
OUT_09141,118.12939139912194
OUT_09142,390.84354337302864
OUT_09143,310.352824857808
OUT_09144,140.6709501483837
OUT_09145,148.29502262314557
OUT_09146,314.3673867484817
OUT_09147,260.6574323595596
OUT_09148,321.83932701695994
OUT_09149,83.31183133596834
OUT_09150,139.15272735351525
OUT_09151,976.291349012021
OUT_09152,190.10896274018853
OUT_09153,192.5840227509419
OUT_09154,434.2822392176337
OUT_09155,94.19226555502206
OUT_09156,157.0413518053456
OUT_09157,255.23036745912216
OUT_09158,316.34184047455915
OUT_09159,309.6714750043476
OUT_09160,135.37008699382196
OUT_09161,131.1969669186731
OUT_09162,138.48407975005847
OUT_09163,109.76832409278649
OUT_09164,330.41378487899976
OUT_09165,315.00371253332116
OUT_09166,150.55982547868385
OUT_09167,338.5693111674303
OUT_09168,189.468997853664
OUT_09169,124.15281514894508
OUT_09170,896.1219871438828
OUT_09171,173.40181048112507
OUT_09172,382.06523454898866
OUT_09173,269.0761072457394
OUT_09174,342.1128726280085
OUT_09175,332.53967368330615
OUT_09176,125.31873883575182
OUT_09177,157.24642171026943
OUT_09178,137.82437449017715
OUT_09179,148.6420120698847
OUT_09180,383.03032993263
OUT_09181,285.0503088665802
OUT_09182,351.75660535636166
OUT_09183,938.207413663852
OUT_09184,122.96854330315028
OUT_09185,992.158697603317
OUT_09186,975.6244895369484
OUT_09187,354.9320954456064
OUT_09188,340.87912915101924
OUT_09189,197.46435165809385
OUT_09190,354.019098003202
OUT_09191,888.9715195815434
OUT_09192,343.6040224119811
OUT_09193,176.21286014269634
OUT_09194,349.94279488580946
OUT_09195,144.61880512894194
OUT_09196,82.12841183786117
OUT_09197,304.9876561759568
OUT_09198,949.367550755991
OUT_09199,163.1338912422347
OUT_09200,915.1248761253112
OUT_09201,298.5380612413999
OUT_09202,210.9589961015351
OUT_09203,100.49814007552264
OUT_09204,295.07842006234154
OUT_09205,142.7983128474777
OUT_09206,95.60041582260814
OUT_09207,959.520135365404
OUT_09208,116.0465945678064
OUT_09209,134.7573077661068
OUT_09210,411.1813163190782
OUT_09211,470.7743402697929
OUT_09212,133.7671194841047
OUT_09213,378.2264263420153
OUT_09214,1205.1956120965554
OUT_09215,1247.361625946786
OUT_09216,1235.506207184389
OUT_09217,946.6236445219726
OUT_09218,101.96492752085572
OUT_09219,230.091749670852
OUT_09220,281.34019743764264
OUT_09221,1117.2343324075182
OUT_09222,393.6953869383359
OUT_09223,149.6607419270086
OUT_09224,298.45721329176905
OUT_09225,288.2451251437286
OUT_09226,183.5261729456206
OUT_09227,93.06559679250822
OUT_09228,129.521365558848
OUT_09229,326.70439655394625
OUT_09230,116.5364999435574
OUT_09231,209.5653003456036
OUT_09232,976.687869989563
OUT_09233,971.2950084623284
OUT_09234,100.42152158036654
OUT_09235,104.43510572786954
OUT_09236,998.0575292696652
OUT_09237,137.4660565250723
OUT_09238,307.6962639135484
OUT_09239,114.55244005709338
OUT_09240,191.76057804005836
OUT_09241,302.7548502419075
OUT_09242,290.2954628125291
OUT_09243,927.171115299466
OUT_09244,262.7807494515488
OUT_09245,199.31741592084063
OUT_09246,149.2466073600591
OUT_09247,154.86140217717835
OUT_09248,128.09180295411429
OUT_09249,316.88611309532064
OUT_09250,308.3374507979133
OUT_09251,254.51470529059827
OUT_09252,231.06354673872113
OUT_09253,420.8978146632338
OUT_09254,234.61752671342504
OUT_09255,349.33216411648823
OUT_09256,250.0285810114065
OUT_09257,1162.4365080198804
OUT_09258,138.13228722021887
OUT_09259,928.6876370604746
OUT_09260,133.7269365862147
OUT_09261,289.03830391609193
OUT_09262,927.273125278943
OUT_09263,859.6290741427474
OUT_09264,101.06933589847192
OUT_09265,929.7066701123867
OUT_09266,114.2508306448838
OUT_09267,369.56970968376015
OUT_09268,241.14627439812517
OUT_09269,167.78648798315737
OUT_09270,236.24669838042746
OUT_09271,284.2458684585676
OUT_09272,264.8237160636629
OUT_09273,384.8184843963048
OUT_09274,1186.4757939869153
OUT_09275,1120.001018549582
OUT_09276,112.106415480835
OUT_09277,321.9288192915574
OUT_09278,148.33203293414678
OUT_09279,134.5844023904496
OUT_09280,100.286410411632
OUT_09281,144.83772325460856
OUT_09282,124.35902872961675
OUT_09283,324.2805418191665
OUT_09284,391.3565706751489
OUT_09285,82.89023128154953
OUT_09286,340.3198165164513
OUT_09287,121.54781935934292
OUT_09288,957.1900132265564
OUT_09289,147.44528189341182
OUT_09290,253.2327001005085
OUT_09291,299.1842785048844
OUT_09292,148.79406880998175
OUT_09293,295.89658841680654
OUT_09294,330.56367040304053
OUT_09295,143.99032800780384
OUT_09296,119.41270272534636
OUT_09297,877.3673733093182
OUT_09298,121.96573890057996
OUT_09299,153.63617889907647
OUT_09300,153.2530358565515
OUT_09301,318.4869579717581
OUT_09302,408.7276635248435
OUT_09303,1296.4699364656742
OUT_09304,966.3571225877172
OUT_09305,154.4731223968121
OUT_09306,343.1066456400851
OUT_09307,1028.9039716135103
OUT_09308,136.3986658176961
OUT_09309,256.6796702398301
OUT_09310,1289.6422686884764
OUT_09311,138.63800979360872
OUT_09312,176.67434990045552
OUT_09313,441.05209062094673
OUT_09314,471.2275175870179
OUT_09315,258.1940263447457
OUT_09316,339.7494858769043
OUT_09317,988.4664296588368
OUT_09318,963.4690395275854
OUT_09319,425.9354907771541
OUT_09320,996.3761770857352
OUT_09321,279.8592685049776
OUT_09322,150.6639959801956
OUT_09323,1175.9808712506974
OUT_09324,279.2979308132997
OUT_09325,116.01085619954263
OUT_09326,266.3472893076101
OUT_09327,141.98173135126598
OUT_09328,431.9097466168058
OUT_09329,115.28594736537966
OUT_09330,267.5021170671155
OUT_09331,319.17894146445724
OUT_09332,998.7228353774988
OUT_09333,97.79887468251184
OUT_09334,183.88308578448203
OUT_09335,120.58665439398104
OUT_09336,975.5843267652564
OUT_09337,113.82473182782302
OUT_09338,135.0099802607332
OUT_09339,218.92408985063827
OUT_09340,860.0761183575892
OUT_09341,184.9035982810892
OUT_09342,948.734575907542
OUT_09343,354.86824421685185
OUT_09344,155.64633606453023
OUT_09345,183.0192614680464
OUT_09346,281.9693537777018
OUT_09347,378.641099768673
OUT_09348,118.0246735246683
OUT_09349,281.6604085077625
OUT_09350,298.1013018619072
OUT_09351,254.31006208660483
OUT_09352,291.8990069455389
OUT_09353,106.23196441344244
OUT_09354,905.205864484843
OUT_09355,373.2478502016136
OUT_09356,276.17059968388344
OUT_09357,961.896817148616
OUT_09358,130.4693084133557
OUT_09359,111.5492640605155
OUT_09360,269.1938235035957
OUT_09361,124.55815908210984
OUT_09362,149.49328075197673
OUT_09363,109.93842308345518
OUT_09364,181.50072312425095
OUT_09365,973.9748075423956
OUT_09366,267.9398046706036
OUT_09367,147.4947836826973
OUT_09368,230.69975962113097
OUT_09369,1211.9751466682565
OUT_09370,312.3567036093457
OUT_09371,260.0402617169433
OUT_09372,414.0863804897343
OUT_09373,255.54575962757437
OUT_09374,181.48908238156406
OUT_09375,303.77030437775727
OUT_09376,166.2211656846178
OUT_09377,878.7426816446092
OUT_09378,284.3624418482277
OUT_09379,251.34600331138404
OUT_09380,317.96088463283377
OUT_09381,355.5665108413289
OUT_09382,291.3909490982501
OUT_09383,431.43286978602544
OUT_09384,84.75100943863532
OUT_09385,436.84592340681513
OUT_09386,392.88422737548694
OUT_09387,143.7852320712342
OUT_09388,283.21918504613785
OUT_09389,152.71148088274566
OUT_09390,1109.7529862747724
OUT_09391,383.7970542480235
OUT_09392,97.21711537996698
OUT_09393,210.93805821189807
OUT_09394,336.86516825684294
OUT_09395,286.6174436309252
OUT_09396,558.9494928454401
OUT_09397,308.2950990603022
OUT_09398,302.44943879867054
OUT_09399,334.8018407282447
OUT_09400,1401.4062404799645
OUT_09401,351.72035354366216
OUT_09402,111.94729338000457
OUT_09403,165.58609687923175
OUT_09404,287.2103536954558
OUT_09405,349.6086772555475
OUT_09406,338.7313027665426
OUT_09407,997.0285737362152
OUT_09408,133.0788839555433
OUT_09409,206.55200240919888
OUT_09410,950.0811491072776
OUT_09411,370.8197593671068
OUT_09412,103.66471063980926
OUT_09413,301.2031230953603
OUT_09414,386.3521736145814
OUT_09415,319.3046287711197
OUT_09416,170.8069075236412
OUT_09417,402.00832305819176
OUT_09418,426.928057191124
OUT_09419,202.58767884626656
OUT_09420,148.38828474728135
OUT_09421,504.8332147294891
OUT_09422,1085.332470831944
OUT_09423,311.24730593604784
OUT_09424,491.15071257157445
OUT_09425,380.90426299466753
OUT_09426,107.37602771621812
OUT_09427,330.94758669645694
OUT_09428,156.2729300179257
OUT_09429,298.1192027435222
OUT_09430,375.61433210691536
OUT_09431,144.51527919576944
OUT_09432,281.61885861890653
OUT_09433,141.31787625859855
OUT_09434,211.55376702952347
OUT_09435,125.57789779098053
OUT_09436,366.19827424797336
OUT_09437,135.84671913903534
OUT_09438,275.64695686799325
OUT_09439,229.68994912262858
OUT_09440,113.67611822460636
OUT_09441,311.82567463802644
OUT_09442,355.4186003434387
OUT_09443,219.12015793736225
OUT_09444,116.5448834983453
OUT_09445,1237.321976327266
OUT_09446,297.09687512940627
OUT_09447,354.49029231041817
OUT_09448,975.8779712687718
OUT_09449,163.10833706351426
OUT_09450,900.9706027127507
OUT_09451,142.08636160709034
OUT_09452,242.51181165339443
OUT_09453,309.0136582973033
OUT_09454,161.0689859067591
OUT_09455,450.6349527885776
OUT_09456,110.10813006200308
OUT_09457,121.69708446722132
OUT_09458,390.0649801776043
OUT_09459,96.07397427533353
OUT_09460,454.77291565677535
OUT_09461,339.0405219627163
OUT_09462,108.95253882508662
OUT_09463,955.6115650988384
OUT_09464,247.0513343068948
OUT_09465,358.9149874054016
OUT_09466,313.73031471092776
OUT_09467,351.0412655128588
OUT_09468,129.62561110698422
OUT_09469,896.4940214722463
OUT_09470,364.76294153030244
OUT_09471,363.97854066963504
OUT_09472,155.16366136509632
OUT_09473,343.37371100848304
OUT_09474,142.60793733215536
OUT_09475,104.19782352857904
OUT_09476,888.3737225638936
OUT_09477,897.5979269697398
OUT_09478,116.93265274273436
OUT_09479,431.2883168800749
OUT_09480,302.58602331090697
OUT_09481,314.5435450013897
OUT_09482,1162.2543596409266
OUT_09483,237.67856366944034
OUT_09484,802.9943055573716
OUT_09485,299.93237885254223
OUT_09486,366.9072952705419
OUT_09487,925.9466503212024
OUT_09488,115.51211341114096
OUT_09489,119.65412335015958
OUT_09490,88.01151500193727
OUT_09491,922.5577812111106
OUT_09492,403.10606531101985
OUT_09493,95.38261244629275
OUT_09494,315.0879922548422
OUT_09495,328.85512958538027
OUT_09496,139.61349101275192
OUT_09497,110.6041979830223
OUT_09498,280.9589913703292
OUT_09499,285.722109382956
OUT_09500,158.8092971322978
OUT_09501,1195.620527913453
OUT_09502,141.91356851962036
OUT_09503,97.43595068732448
OUT_09504,129.85938539874363
OUT_09505,307.37669034410214
OUT_09506,116.96894571041294
OUT_09507,366.5215492061743
OUT_09508,425.3375300018645
OUT_09509,972.9697516335472
OUT_09510,311.81433014373
OUT_09511,150.04793570006058
OUT_09512,89.84830373421379
OUT_09513,318.0705074950997
OUT_09514,131.99466850749883
OUT_09515,1411.6071187744226
OUT_09516,134.90263483950184
OUT_09517,207.56507953643467
OUT_09518,296.9789641883992
OUT_09519,837.5743134147472
OUT_09520,263.702521021272
OUT_09521,345.755092287648
OUT_09522,135.28351715141517
OUT_09523,1170.2098321741305
OUT_09524,341.0075132158848
OUT_09525,416.9913164422693
OUT_09526,90.53005255216804
OUT_09527,104.63074371378414
OUT_09528,302.0188659984525
OUT_09529,424.46302318760786
OUT_09530,154.96738800677227
OUT_09531,140.65330008256106
OUT_09532,439.6526025847469
OUT_09533,1187.925919658304
OUT_09534,263.6731856693183
OUT_09535,330.8196158713183
OUT_09536,368.2645619759603
OUT_09537,291.495553241783
OUT_09538,157.0769277956083
OUT_09539,132.95567978481807
OUT_09540,910.0526237106512
OUT_09541,287.30840140715213
OUT_09542,285.0813157076184
OUT_09543,368.5965838364002
OUT_09544,77.15820145423857
OUT_09545,320.1593358468411
OUT_09546,134.85158053518407
OUT_09547,368.7769256717273
OUT_09548,928.5910105464344
OUT_09549,289.5338785617942
OUT_09550,381.43853004406606
OUT_09551,358.6606243038794
OUT_09552,925.2610743773118
OUT_09553,293.1293794445836
OUT_09554,122.51667137858934
OUT_09555,117.7286895734002
OUT_09556,99.24483858504354
OUT_09557,132.14418149711386
OUT_09558,106.05538110475072
OUT_09559,332.2184255346595
OUT_09560,102.6554048359819
OUT_09561,205.52646465613128
OUT_09562,161.690758874022
OUT_09563,162.5570067635245
OUT_09564,107.98891678672624
OUT_09565,142.4914569933278
OUT_09566,136.20932219226745
OUT_09567,351.8723365880305
OUT_09568,924.182190251893
OUT_09569,477.8376523129963
OUT_09570,961.0127566200384
OUT_09571,292.0652422893563
OUT_09572,311.28414142083284
OUT_09573,329.18716472407675
OUT_09574,149.89928954459896
OUT_09575,111.04892611049891
OUT_09576,1008.6668782957196
OUT_09577,86.5728425246612
OUT_09578,290.51931875610194
OUT_09579,883.8093315797826
OUT_09580,345.8301509748652
OUT_09581,920.7359652029024
OUT_09582,1171.4032178538464
OUT_09583,946.7797733741604
OUT_09584,122.26851168424966
OUT_09585,1011.0634754418752
OUT_09586,1208.7314809755032
OUT_09587,226.3454808176567
OUT_09588,276.4428066844227
OUT_09589,294.8560474502461
OUT_09590,387.0547875040477
OUT_09591,324.595986648635
OUT_09592,1085.502939003322
OUT_09593,207.4055043945429
OUT_09594,363.2998327078691
OUT_09595,337.4180432626359
OUT_09596,377.9013295051436
OUT_09597,317.95594686012447
OUT_09598,484.240635065985
OUT_09599,197.78498455023953
OUT_09600,993.786853336339
OUT_09601,139.02988430392136
OUT_09602,103.23592275587072
OUT_09603,1143.0016733581838
OUT_09604,165.01382565808117
OUT_09605,335.0539297133895
OUT_09606,373.7290467645941
OUT_09607,890.117635530118
OUT_09608,1177.7806299210024
OUT_09609,340.30575843757833
OUT_09610,385.9667084864178
OUT_09611,114.20416407392112
OUT_09612,197.52939028342274
OUT_09613,124.98997954735736
OUT_09614,1157.9973784439858
OUT_09615,267.0920268096801
OUT_09616,145.28318113563694
OUT_09617,156.01343435609556
OUT_09618,326.1312058939481
OUT_09619,246.63607094380822
OUT_09620,322.9362132337004
OUT_09621,96.49423597207787
OUT_09622,399.35544904086237
OUT_09623,126.10487904935928
OUT_09624,219.38684949712666
OUT_09625,120.67296762469626
OUT_09626,337.0867242473755
OUT_09627,284.9367857138029
OUT_09628,161.84604378681988
OUT_09629,281.80410070287485
OUT_09630,105.97704773995224
OUT_09631,384.50576490600395
OUT_09632,184.30505276599524
OUT_09633,398.6787853196555
OUT_09634,1218.6985048824044
OUT_09635,280.4202941014075
OUT_09636,954.0461384355232
OUT_09637,1076.6816211270348
OUT_09638,94.02324234940566
OUT_09639,158.8385995294244
OUT_09640,124.82879150320406
OUT_09641,258.4272050664723
OUT_09642,179.09666472884538
OUT_09643,441.3092246302058
OUT_09644,323.1518813586067
OUT_09645,239.88049099321213
OUT_09646,130.93201617855112
OUT_09647,365.98005613966984
OUT_09648,879.3325837772439
OUT_09649,282.06169625832126
OUT_09650,106.02425569410394
OUT_09651,195.96458090600794
OUT_09652,136.7990683016433
OUT_09653,332.59859941041475
OUT_09654,352.71094896737134
OUT_09655,92.11778125806309
OUT_09656,961.9073331601256
OUT_09657,340.35487010106596
OUT_09658,198.7220649324121
OUT_09659,174.50948215169507
OUT_09660,381.2753792724603
OUT_09661,284.3577242561277
OUT_09662,127.62074659389684
OUT_09663,261.0785223719595
OUT_09664,134.07037889534254
OUT_09665,266.2780257549062
OUT_09666,143.97414721975142
OUT_09667,326.07620941808847
OUT_09668,408.2475848924598
OUT_09669,224.73173875724814
OUT_09670,388.5796223539638
OUT_09671,295.8077768033611
OUT_09672,121.07890342819866
OUT_09673,315.9000957883531
OUT_09674,135.91940170732246
OUT_09675,112.8647091588547
OUT_09676,419.93829792250017
OUT_09677,129.5751975036261
OUT_09678,157.6393055577438
OUT_09679,268.973719490505
OUT_09680,346.2143981109869
OUT_09681,81.90141052679232
OUT_09682,948.1693072849029
OUT_09683,345.414083026226
OUT_09684,164.8850355271387
OUT_09685,341.97452624137975
OUT_09686,111.43450781338804
OUT_09687,262.26183044408737
OUT_09688,376.2448438766943
OUT_09689,131.58936879355002
OUT_09690,154.61386372703748
OUT_09691,113.6037155655992
OUT_09692,294.68644556971003
OUT_09693,347.9698902640497
OUT_09694,915.7333191539318
OUT_09695,305.7641596811144
OUT_09696,262.73247361922284
OUT_09697,350.2547882764335
OUT_09698,273.8625086811566
OUT_09699,168.3873620143122
OUT_09700,93.4987226040552
OUT_09701,200.90171388406054
OUT_09702,149.73270913549703
OUT_09703,117.00388102767796
OUT_09704,157.86846594796984
OUT_09705,259.9834214584425
OUT_09706,85.96687936235453
OUT_09707,1177.255023776553
OUT_09708,105.8156760483796
OUT_09709,563.7774201471613
OUT_09710,1116.3539586968145
OUT_09711,315.5375221947996
OUT_09712,329.7652360742457
OUT_09713,139.12113963467203
OUT_09714,160.78615779322973
OUT_09715,1182.9880038003375
OUT_09716,896.7777837372713
OUT_09717,940.292129811736
OUT_09718,980.1609296651473
OUT_09719,894.7726073455815
OUT_09720,122.21087721234036
OUT_09721,286.7169173563716
OUT_09722,220.9572975500766
OUT_09723,327.6653411815526
OUT_09724,140.8830609260713
OUT_09725,113.01768976348367
OUT_09726,175.43162430741435
OUT_09727,1167.369671926643
OUT_09728,162.0192339766856
OUT_09729,119.5019116961802
OUT_09730,143.97917806532652
OUT_09731,1216.9843232324988
OUT_09732,112.98875151401174
OUT_09733,84.00078337751285
OUT_09734,121.1195326042716
OUT_09735,133.1029173575108
OUT_09736,392.9064352091003
OUT_09737,97.3778588831142
OUT_09738,96.09500686423264
OUT_09739,344.4762523670646
OUT_09740,241.53736327245193
OUT_09741,107.1496269977765
OUT_09742,375.23519645359534
OUT_09743,148.7061100767307
OUT_09744,245.44143041592054
OUT_09745,133.47460716403887
OUT_09746,138.88673678391118
OUT_09747,120.23212114357229
OUT_09748,917.840160183384
OUT_09749,130.07017539451724
OUT_09750,1125.4192050790398
OUT_09751,140.90188944132842
OUT_09752,122.41455181691992
OUT_09753,154.61235663737284
OUT_09754,378.2044751447661
OUT_09755,827.0684377825312
OUT_09756,289.2142046947019
OUT_09757,205.2047680248179
OUT_09758,435.6097685282731
OUT_09759,400.0447531899505
OUT_09760,233.43026254064495
OUT_09761,290.8533619264556
OUT_09762,942.4272619821162
OUT_09763,1283.293072451452
OUT_09764,330.3027561067116
OUT_09765,116.03644970715084
OUT_09766,391.618763949249
OUT_09767,262.5347177819101
OUT_09768,958.8779373628568
OUT_09769,127.00108915586256
OUT_09770,258.96669021973025
OUT_09771,167.18035868010585
OUT_09772,910.9062946728388
OUT_09773,293.6703964128332
OUT_09774,937.7587944431964
OUT_09775,94.8347384676031
OUT_09776,147.86410498374894
OUT_09777,277.71241273852684
OUT_09778,1175.7247054213626
OUT_09779,357.95130879667494
OUT_09780,1158.5945868778208
OUT_09781,190.9717632483472
OUT_09782,394.7748117018807
OUT_09783,978.3829518262884
OUT_09784,434.06227745979766
OUT_09785,105.72954088723722
OUT_09786,421.3576848081426
OUT_09787,994.481627504776
OUT_09788,855.4725129121589
OUT_09789,107.9082386448299
OUT_09790,277.84720382288276
OUT_09791,121.6683820640818
OUT_09792,908.0402124245738
OUT_09793,382.53019008676165
OUT_09794,475.7538226510892
OUT_09795,968.3691669368222
OUT_09796,285.7459453890002
OUT_09797,155.337863823628
OUT_09798,343.9180435189779
OUT_09799,292.4240131830742
OUT_09800,101.99643481973482
OUT_09801,188.0456837356266
OUT_09802,351.2448821903788
OUT_09803,144.95071598316179
OUT_09804,112.30645392418036
OUT_09805,129.75113678671667
OUT_09806,792.3589060649657
OUT_09807,324.62836652321084
OUT_09808,930.0770878482922
OUT_09809,392.06066222473044
OUT_09810,128.06802953199323
OUT_09811,889.9212545751212
OUT_09812,1192.562062819417
OUT_09813,896.4217741592953
OUT_09814,129.88754525641352
OUT_09815,335.837549522617
OUT_09816,130.9024846008142
OUT_09817,1173.4346604120549
OUT_09818,86.63795120475312
OUT_09819,142.54767655591317
OUT_09820,293.748548169474
OUT_09821,113.85383399760185
OUT_09822,103.27177167780872
OUT_09823,435.03664429862795
OUT_09824,123.02283960836814
OUT_09825,151.57948770463307
OUT_09826,147.35730228509357
OUT_09827,290.9359429368937
OUT_09828,342.08640541699015
OUT_09829,941.2877664059864
OUT_09830,426.7549545512961
OUT_09831,148.81158790487237
OUT_09832,391.9205115736495
OUT_09833,132.34148098226697
OUT_09834,113.29233954072909
OUT_09835,373.45587850248535
OUT_09836,154.53310359781858
OUT_09837,1186.047769913703
OUT_09838,113.7430902251433
OUT_09839,289.4145769262757
OUT_09840,920.5702673546652
OUT_09841,105.05830135506775
OUT_09842,272.0866503860108
OUT_09843,143.8234828672102
OUT_09844,130.54897369500998
OUT_09845,135.62877712699594
OUT_09846,338.9449647036273
OUT_09847,356.0027975081683
OUT_09848,339.83405766417434
OUT_09849,180.07479459545038
OUT_09850,116.22397719405755
OUT_09851,283.19142358592035
OUT_09852,372.17238427865334
OUT_09853,166.86408368105617
OUT_09854,130.10784861099154
OUT_09855,160.71036410888385
OUT_09856,139.49476044067717
OUT_09857,401.8792330194008
OUT_09858,147.5347777180069
OUT_09859,949.115209573356
OUT_09860,149.40333162157785
OUT_09861,908.0251988690686
OUT_09862,371.199338254168
OUT_09863,350.25359830792786
OUT_09864,262.0967441202596
OUT_09865,214.93768869001704
OUT_09866,277.47570809831063
OUT_09867,371.05792959415686
OUT_09868,960.2949478323094
OUT_09869,159.8729501526646
OUT_09870,250.91824306653243
OUT_09871,351.6385546195605
OUT_09872,294.9279818176052
OUT_09873,162.66621624158552
OUT_09874,948.1788788157093
OUT_09875,112.02794124773861
OUT_09876,303.96310443915735
OUT_09877,1010.6244359344712
OUT_09878,145.9463793954205
OUT_09879,421.9160155762995
OUT_09880,108.68741865653902
OUT_09881,320.3011677544777
OUT_09882,361.9390797044892
OUT_09883,253.3836683374655
OUT_09884,157.73471484589237
OUT_09885,242.08851628274326
OUT_09886,118.03021067796745
OUT_09887,421.761704300044
OUT_09888,278.6833930057401
OUT_09889,164.40474184955423
OUT_09890,281.6197428484326
OUT_09891,128.3186572024115
OUT_09892,357.4261469568514
OUT_09893,302.2999332688985
OUT_09894,156.8382891854486
OUT_09895,390.03938923961005
OUT_09896,353.08569742527277
OUT_09897,144.95848353362277
OUT_09898,179.86148341762424
OUT_09899,180.48297276183428
OUT_09900,409.854234636648
OUT_09901,75.43071553385747
OUT_09902,183.84872422241267
OUT_09903,1170.540213381663
OUT_09904,348.2777638810951
OUT_09905,118.44779473828237
OUT_09906,291.05442626031265
OUT_09907,302.82231418349835
OUT_09908,245.77584619176872
OUT_09909,135.1824842863467
OUT_09910,200.60155437998017
OUT_09911,876.0187220029625
OUT_09912,992.6432761035506
OUT_09913,446.82329457009826
OUT_09914,938.6570307454988
OUT_09915,275.4433668930846
OUT_09916,330.6811683050662
OUT_09917,257.0330929018224
OUT_09918,161.662916206178
OUT_09919,141.91967339024544
OUT_09920,176.83749713466784
OUT_09921,107.28705959619354
OUT_09922,1094.1556191087982
OUT_09923,99.12070721690571
OUT_09924,323.0527962088024
OUT_09925,328.665485140251
OUT_09926,249.04514732760686
OUT_09927,392.2737461414521
OUT_09928,316.8688761953133
OUT_09929,291.31880237272253
OUT_09930,421.56941423745377
OUT_09931,477.53344136534986
OUT_09932,339.69229304599924
OUT_09933,1206.749635300361
OUT_09934,948.0748302453834
OUT_09935,947.9191907019792
OUT_09936,311.8256839434458
OUT_09937,893.3935865355529
OUT_09938,220.53270212453242
OUT_09939,342.04447585312187
OUT_09940,124.8325321925542
OUT_09941,143.63931968722522
OUT_09942,241.4521946225151
OUT_09943,301.6259014974472
OUT_09944,116.55605379974631
OUT_09945,174.08631054919664
OUT_09946,995.7267217691208
OUT_09947,382.86937018229435
OUT_09948,110.49641485705769
OUT_09949,134.3914422090798
OUT_09950,119.05160933085207
OUT_09951,156.50208429997502
OUT_09952,941.857758834596
OUT_09953,381.70183813469976
OUT_09954,134.52075930477366
OUT_09955,117.30343333624845
OUT_09956,320.7824277012512
OUT_09957,319.89001853658976
OUT_09958,112.91107961750947
OUT_09959,385.4234363675346
OUT_09960,183.90266237645264
OUT_09961,984.6617425617368
OUT_09962,110.44714328507534
OUT_09963,941.926754629277
OUT_09964,315.9522987366477
OUT_09965,100.30771104946717
OUT_09966,969.7180432242836
OUT_09967,93.7469427236294
OUT_09968,341.62802994514607
OUT_09969,167.45063439639722
OUT_09970,121.6552762164592
OUT_09971,505.54807446220866
OUT_09972,397.38390182515093
OUT_09973,114.26325377947994
OUT_09974,141.92206944628364
OUT_09975,168.23569751639775
OUT_09976,83.41290458118728
OUT_09977,979.49327217569
OUT_09978,329.7755441833182
OUT_09979,916.5315403648232
OUT_09980,111.51506760179352
OUT_09981,122.29592542403762
OUT_09982,1110.99558764462
OUT_09983,136.1992817202384
OUT_09984,319.3951335744806
OUT_09985,365.5491670081364
OUT_09986,267.50310626766594
OUT_09987,923.5963079947728
OUT_09988,315.8499550513673
OUT_09989,957.502023962726
OUT_09990,370.2458714809168
OUT_09991,102.49742345181014
OUT_09992,277.7423991824768
OUT_09993,140.25595516379417
OUT_09994,136.96448520708853
OUT_09995,258.0056768723392
OUT_09996,271.2535528283067
OUT_09997,295.3114494071183
OUT_09998,362.22042226070704
OUT_09999,146.0822081562032
OUT_10000,315.0455677658293
OUT_10001,112.46218233647112
OUT_10002,447.4885079352084
OUT_10003,420.5992691166358
OUT_10004,203.79312389369233
OUT_10005,160.21736004521551
OUT_10006,871.1735357036171
OUT_10007,1175.3107496267996
OUT_10008,159.61874833547324
OUT_10009,364.7451080500326
OUT_10010,104.2525060299529
OUT_10011,993.6648796360948
OUT_10012,343.64156683297995
OUT_10013,224.31111083616253
OUT_10014,203.96145817567998
OUT_10015,200.02384675451495
OUT_10016,383.76088688342566
OUT_10017,330.2492199808908
OUT_10018,144.32073236795156
OUT_10019,303.842980766958
OUT_10020,134.47528729204885
OUT_10021,405.74547265937065
OUT_10022,307.95940147010936
OUT_10023,1210.4127705518058
OUT_10024,243.48299146367867
OUT_10025,288.1196018911576
OUT_10026,415.20697728962625
OUT_10027,176.84166899657708
OUT_10028,163.72259359839683
OUT_10029,134.89905567253334
OUT_10030,248.91887969159808
OUT_10031,95.19509243068944
OUT_10032,131.9030043929787
OUT_10033,275.869346569159
OUT_10034,954.4064539105816
OUT_10035,141.4612733466757
OUT_10036,403.9571572499947
OUT_10037,376.67256996155186
OUT_10038,344.66403777897915
OUT_10039,387.42486516454085
OUT_10040,350.0374828755952
OUT_10041,982.2053365021048
OUT_10042,917.9149822727852
OUT_10043,275.64023609052794
OUT_10044,111.0057898010606
OUT_10045,224.61374554197155
OUT_10046,390.9482212210977
OUT_10047,132.49486470542553
OUT_10048,939.4934910529104
OUT_10049,402.47981909096393
OUT_10050,224.51608764938078
OUT_10051,1168.25474998161
OUT_10052,347.72872953560375
OUT_10053,159.29253576520424
OUT_10054,116.80821096886606
OUT_10055,997.3435066998776
OUT_10056,101.68810970094626
OUT_10057,413.98470858155315
OUT_10058,948.5939240048568
OUT_10059,87.54742524320864
OUT_10060,914.9621375150512
OUT_10061,362.5410546234323
OUT_10062,299.4392572381371
OUT_10063,496.1122245430124
OUT_10064,422.83402126569365
OUT_10065,221.52599453920553
OUT_10066,396.19218551752544
OUT_10067,345.4227423487039
OUT_10068,329.9449468767551
OUT_10069,275.39283074848595
OUT_10070,117.51616623624004
OUT_10071,270.1547901192953
OUT_10072,107.61623010301084
OUT_10073,209.80072439969075
OUT_10074,346.8801667042169
OUT_10075,252.3520214243883
OUT_10076,968.8528654610736
OUT_10077,319.7522680933589
OUT_10078,377.2799323578922
OUT_10079,111.29112718567302
OUT_10080,105.37653872089707
OUT_10081,189.79964228289913
OUT_10082,419.0136990642733
OUT_10083,353.5488310578654
OUT_10084,92.05310602177798
OUT_10085,336.47016090462296
OUT_10086,378.22518434139704
OUT_10087,113.81634615843508
OUT_10088,963.8685807360112
OUT_10089,374.5700022314642
OUT_10090,882.9519245646391
OUT_10091,303.2052326643823
OUT_10092,145.48269412407012
OUT_10093,320.9692108388833
OUT_10094,152.28879055718366
OUT_10095,271.0321748594789
OUT_10096,899.7027483815895
OUT_10097,210.8797920692949
OUT_10098,104.02201448496876
OUT_10099,164.55513089716783
OUT_10100,151.97434858411563
OUT_10101,355.1519634595904
OUT_10102,109.70770362273184
OUT_10103,264.35714326545053
OUT_10104,1028.589298767124
OUT_10105,1116.2818614711166
OUT_10106,137.012152411613
OUT_10107,963.0836363393264
OUT_10108,962.748818032912
OUT_10109,189.01801725768354
OUT_10110,361.74015529871167
OUT_10111,296.61227380586075
OUT_10112,292.8155603370607
OUT_10113,93.78553029620691
OUT_10114,406.07590627820696
OUT_10115,133.56055924284718
OUT_10116,1178.2504293682705
OUT_10117,150.19905680234535
OUT_10118,277.1689105333114
OUT_10119,277.1932990094941
OUT_10120,310.7021545869741
OUT_10121,380.4038990346965
OUT_10122,209.11702462418307
OUT_10123,251.7646627172864
OUT_10124,897.455512280432
OUT_10125,128.33426311008924
OUT_10126,119.97044146170724
OUT_10127,374.5575237828007
OUT_10128,334.2036993113776
OUT_10129,406.24143285882496
OUT_10130,977.5864487765424
OUT_10131,1108.0704254948646
OUT_10132,342.0110197628983
OUT_10133,354.8473444068741
OUT_10134,910.5945237669748
OUT_10135,428.96469251958683
OUT_10136,132.6951098908884
OUT_10137,181.02662690310024
OUT_10138,279.11775414202293
OUT_10139,294.4208010872123
OUT_10140,951.2938632831116
OUT_10141,284.3485976121104
OUT_10142,1125.7310654166963
OUT_10143,294.69118185736045
OUT_10144,334.5361395624425
OUT_10145,303.02291702153866
OUT_10146,345.90552498166664
OUT_10147,193.89336314671687
OUT_10148,403.02177413377467
OUT_10149,367.8868238664744
OUT_10150,121.8653963782958
OUT_10151,99.37219529915191
OUT_10152,120.70101605974442
OUT_10153,288.3934864586365
OUT_10154,317.1930725673149
OUT_10155,349.88858725298826
OUT_10156,124.68862709266176
OUT_10157,853.3793309274655
OUT_10158,250.3284738320671
OUT_10159,1000.587724712056
OUT_10160,463.3844498267489
OUT_10161,316.71316133946175
OUT_10162,174.81307022466504
OUT_10163,347.41096211675574
OUT_10164,916.1486506466938
OUT_10165,900.5948178774286
OUT_10166,114.79986921870682
OUT_10167,997.7851976078382
OUT_10168,850.7087904461328
OUT_10169,291.3071301091997
OUT_10170,132.06990934568967
OUT_10171,311.57297154076934
OUT_10172,111.43912504461773
OUT_10173,329.5746357729726
OUT_10174,1192.9115567901
OUT_10175,346.2691448961151
OUT_10176,133.67811126374147
OUT_10177,454.2318006625038
OUT_10178,863.2527413370544
OUT_10179,147.20807829617422
OUT_10180,309.3823260601764
OUT_10181,1028.0407310197795
OUT_10182,393.892155361753
OUT_10183,870.0975008848142
OUT_10184,871.6028570060035
OUT_10185,1236.7892912977627
OUT_10186,288.33940360346014
OUT_10187,319.88251634504104
OUT_10188,436.40802490395515
OUT_10189,127.31679621208905
OUT_10190,855.4257910532041
OUT_10191,300.3336198665261
OUT_10192,328.20590480647064
OUT_10193,870.4566931048242
OUT_10194,267.83020110769087
OUT_10195,320.0602682129573
OUT_10196,1390.1677034170084
OUT_10197,368.29159121071143
OUT_10198,127.27596866347852
OUT_10199,477.0139314463464
OUT_10200,113.03298522324933
OUT_10201,434.388920681787
OUT_10202,302.4575037806026
OUT_10203,97.9157928836014
OUT_10204,310.4141901728998
OUT_10205,103.63446717314528
OUT_10206,932.5672471888832
OUT_10207,305.5862661224596
OUT_10208,1012.6300140087396
OUT_10209,336.9428746791448
OUT_10210,307.53651372875345
OUT_10211,309.0560197900595
OUT_10212,349.8975723331811
OUT_10213,1172.05459799677
OUT_10214,322.6491493274588
OUT_10215,1115.8337342626292
OUT_10216,138.46713244757382
OUT_10217,387.54051583189187
OUT_10218,964.2568486159493
OUT_10219,145.7786355865257
OUT_10220,175.45467467108
OUT_10221,112.64360978622024
OUT_10222,369.52061279582506
OUT_10223,123.57518666433288
OUT_10224,156.9112400574207
OUT_10225,146.01152471695008
OUT_10226,313.7959195119856
OUT_10227,905.9150476217492
OUT_10228,102.05540789308846
OUT_10229,931.269527785041
OUT_10230,102.71201917484905
OUT_10231,961.0810885392516
OUT_10232,133.985208945438
OUT_10233,303.4316520273427
OUT_10234,346.6520065156376
OUT_10235,969.5604497791876
OUT_10236,140.81044660499637
OUT_10237,314.8341422748125
OUT_10238,331.0782200489921
OUT_10239,336.0217178152236
OUT_10240,233.82782962947675
OUT_10241,120.88328825727976
OUT_10242,326.445112642758
OUT_10243,990.9279818186918
OUT_10244,1175.7962674051307
OUT_10245,254.3283353286254
OUT_10246,279.1483888098394
OUT_10247,349.8210394055312
OUT_10248,965.7556169301682
OUT_10249,277.3358772195349
OUT_10250,1305.5044083465416
OUT_10251,115.4203862063626
OUT_10252,363.05086694799365
OUT_10253,303.3626004381373
OUT_10254,970.3768076981968
OUT_10255,223.42771944343238
OUT_10256,318.6803587019615
OUT_10257,96.40695962522008
OUT_10258,124.1989416101253
OUT_10259,960.9243256960448
OUT_10260,970.7050091187244
OUT_10261,145.71641286059617
OUT_10262,939.7059847111692
OUT_10263,404.771919163712
OUT_10264,338.8316543817282
OUT_10265,364.5154251875566
OUT_10266,374.4700843467797
OUT_10267,443.08003196458935
OUT_10268,902.891673035866
OUT_10269,277.9157303278399
OUT_10270,102.06237694423662
OUT_10271,137.06675236529028
OUT_10272,191.47250690318396
OUT_10273,224.99389812845664
OUT_10274,966.7221472309084
OUT_10275,306.0802996001911
OUT_10276,293.40301555047654
OUT_10277,120.2040413696142
OUT_10278,108.66441999456929
OUT_10279,400.7680221096648
OUT_10280,110.99256854162655
OUT_10281,218.30526750667627
OUT_10282,919.525726115307
OUT_10283,1014.9584930282494
OUT_10284,275.38482381872626
OUT_10285,128.13946694693232
OUT_10286,344.36939308905863
OUT_10287,115.7538839931335
OUT_10288,355.1027341618829
OUT_10289,279.80629054535086
OUT_10290,138.01374053947745
OUT_10291,928.1523423165996
OUT_10292,364.77848811780666
OUT_10293,159.40298386234934
OUT_10294,1129.05154520197
OUT_10295,172.32868343252883
OUT_10296,319.24078701669737
OUT_10297,333.1050614019747
OUT_10298,276.7246621676791
OUT_10299,1237.3335870407643
OUT_10300,112.2804971806601
OUT_10301,302.6723693370118
OUT_10302,994.5203857403268
OUT_10303,886.4395945032753
OUT_10304,388.6926660618242
OUT_10305,132.8780531153543
OUT_10306,153.28155923439436
OUT_10307,107.76493544588106
OUT_10308,1082.299001032707
OUT_10309,103.78491872362258
OUT_10310,961.0859765138968
OUT_10311,311.5725600715973
OUT_10312,360.8401074063989
OUT_10313,135.26391335379807
OUT_10314,345.3636285358149
OUT_10315,135.67856332449173
OUT_10316,1046.334811900025
OUT_10317,358.3683637270621
OUT_10318,350.3078378647575
OUT_10319,311.07977802157694
OUT_10320,110.6700888565922
OUT_10321,124.21020060715708
OUT_10322,87.11737537742778
OUT_10323,226.13738452735507
OUT_10324,78.08177005225235
OUT_10325,307.04018231751013
OUT_10326,129.96930446821813
OUT_10327,875.7361984607082
OUT_10328,341.5356435828542
OUT_10329,161.45784497942293
OUT_10330,361.3346580672969
OUT_10331,151.37231947136303
OUT_10332,277.2961644735142
OUT_10333,110.56548382302014
OUT_10334,922.2662153915622
OUT_10335,924.6982883012728
OUT_10336,359.19368633741624
OUT_10337,157.4329169075956
OUT_10338,135.36138071580703
OUT_10339,124.10902756071256
OUT_10340,430.12001673683756
OUT_10341,128.92564573079386
OUT_10342,271.32862155817713
OUT_10343,1169.8679208915587
OUT_10344,137.11559100178786
OUT_10345,308.1617497540186
OUT_10346,918.7985600585324
OUT_10347,246.20721527687064
OUT_10348,117.39560616954452
OUT_10349,1034.4955997200818
OUT_10350,857.8334843793292
OUT_10351,142.65982233393
OUT_10352,974.1464965774186
OUT_10353,97.053664265639
OUT_10354,109.92963820351828
OUT_10355,986.3013909720044
OUT_10356,144.86109615681494
OUT_10357,139.74810455755656
OUT_10358,307.08504364052715
OUT_10359,137.81035686325262
OUT_10360,448.84887337342457
OUT_10361,392.6942400568491
OUT_10362,360.35985068314994
OUT_10363,356.4297687342509
OUT_10364,383.61773542522303
OUT_10365,373.4450117273154
OUT_10366,335.6045926867092
OUT_10367,291.42880049029736
OUT_10368,497.023351685982
OUT_10369,220.9929778956802
OUT_10370,330.3652341551276
OUT_10371,96.79720370535505
OUT_10372,994.6812082949124
OUT_10373,156.96733274662566
OUT_10374,970.2370230824226
OUT_10375,969.4293031663768
OUT_10376,157.14755389855935
OUT_10377,345.1120030454571
OUT_10378,159.22244445100682
OUT_10379,103.16770504796384
OUT_10380,329.42513212684304
OUT_10381,995.7721676302748
OUT_10382,955.19734061387
OUT_10383,132.94223064331126
OUT_10384,145.8345796325141
OUT_10385,289.8876088997852
OUT_10386,121.70770211213156
OUT_10387,301.6945483304602
OUT_10388,344.9821003518059
OUT_10389,273.0358793389909
OUT_10390,355.39584245793765
OUT_10391,1131.9916027275792
OUT_10392,285.0458247383094
OUT_10393,147.9443609174865
OUT_10394,385.71109936611606
OUT_10395,233.59549022406037
OUT_10396,949.439962146429
OUT_10397,1256.3176677987367
OUT_10398,171.76595325484723
OUT_10399,971.5031070493352
OUT_10400,346.708533822234
OUT_10401,418.282064412375
OUT_10402,413.3316184647457
OUT_10403,336.34522133253347
OUT_10404,143.30093098832486
OUT_10405,102.01394923152796
OUT_10406,142.20086984906732
OUT_10407,931.3885752837962
OUT_10408,145.38750635820617
OUT_10409,360.5783032693996
OUT_10410,170.2455924766144
OUT_10411,138.85140310707078
OUT_10412,947.934467290606
OUT_10413,121.46075236892013
OUT_10414,258.2649382029091
OUT_10415,391.04398881732106
OUT_10416,294.72724285103664
OUT_10417,120.0609794950636
OUT_10418,319.457716593749
OUT_10419,159.62088765959277
OUT_10420,187.64985426852337
OUT_10421,155.8879783254809
OUT_10422,293.88723844768765
OUT_10423,980.812370801224
OUT_10424,224.79696048725464
OUT_10425,144.02727995293512
OUT_10426,202.26236203421797
OUT_10427,138.2877665076888
OUT_10428,900.0286872720922
OUT_10429,294.3493443788384
OUT_10430,160.26875223537675
OUT_10431,938.867828205919
OUT_10432,1418.71237825249
OUT_10433,956.341556837811
OUT_10434,917.1376363461394
OUT_10435,356.7000576948536
OUT_10436,343.0875589805983
OUT_10437,144.5932409253516
OUT_10438,952.6696377953734
OUT_10439,91.95611771141924
OUT_10440,408.6701492603728
OUT_10441,358.2727967152541
OUT_10442,125.68351021248225
OUT_10443,141.58463275436142
OUT_10444,348.06191500813884
OUT_10445,336.4898896013136
OUT_10446,446.7442772247002
OUT_10447,313.793017002022
OUT_10448,962.0511972322668
OUT_10449,301.36647695352286
OUT_10450,449.78650816696313
OUT_10451,144.855342836484
OUT_10452,117.8832634829961
OUT_10453,134.14395424141404
OUT_10454,393.5085158757487
OUT_10455,137.8925112619607
OUT_10456,800.8433661528322
OUT_10457,977.5022195669104
OUT_10458,330.1843300536199
OUT_10459,954.0528173553356
OUT_10460,298.0575795213055
OUT_10461,159.463847225631
OUT_10462,151.16058164166154
OUT_10463,101.94546904103562
OUT_10464,150.67801528039186
OUT_10465,173.7507820181534
OUT_10466,105.26302309805963
OUT_10467,326.4921525729923
OUT_10468,353.08531159412075
OUT_10469,321.9113929261885
OUT_10470,184.2146243364433
OUT_10471,243.21733272560718
OUT_10472,445.1849359844399
OUT_10473,434.57978460494485
OUT_10474,146.4201677886332
OUT_10475,230.3423629254195
OUT_10476,303.2742037035564
OUT_10477,105.418981274405
OUT_10478,131.64954124309568
OUT_10479,1187.0865668121692
OUT_10480,95.83760893938776
OUT_10481,92.28033039903347
OUT_10482,929.81154647486
OUT_10483,347.41554390188617
OUT_10484,364.88720445585966
OUT_10485,121.23900761914405
OUT_10486,163.19920754760216
OUT_10487,124.28887153164769
OUT_10488,289.72188464015875
OUT_10489,943.4249181127828
OUT_10490,355.97212736121065
OUT_10491,247.03703965262625
OUT_10492,115.00675240901616
OUT_10493,905.285798935138
OUT_10494,1005.6410417001592
OUT_10495,307.5835656046515
OUT_10496,328.47537886359373
OUT_10497,218.40487475280185
OUT_10498,409.5062355773372
OUT_10499,137.67011546051356
OUT_10500,116.90626620515022
OUT_10501,977.8374615399408
OUT_10502,109.9858219022748
OUT_10503,977.9109203860518
OUT_10504,1235.7324323414475
OUT_10505,939.8930121613828
OUT_10506,317.8665705752021
OUT_10507,1176.8716813028616
OUT_10508,1202.1712502118053
OUT_10509,326.28960985064646
OUT_10510,950.4677212397904
OUT_10511,103.5279007448801
OUT_10512,238.95763886226527
OUT_10513,134.81513320969754
OUT_10514,312.2697164139901
OUT_10515,103.17746418286414
OUT_10516,778.6744552084232
OUT_10517,193.64467572313876
OUT_10518,122.3336938074905
OUT_10519,123.12120514280905
OUT_10520,982.8498339931934
OUT_10521,1064.7532282208265
OUT_10522,956.7696640548864
OUT_10523,315.71648285817116
OUT_10524,346.50461403937226
OUT_10525,399.5541872684827
OUT_10526,123.23042174459299
OUT_10527,141.9412932364752
OUT_10528,389.25115067151114
OUT_10529,323.163781862232
OUT_10530,940.2155911568798
OUT_10531,125.0020149891119
OUT_10532,154.93134424157597
OUT_10533,980.8050653341504
OUT_10534,92.38343832166584
OUT_10535,386.12451358461226
OUT_10536,109.12845014621264
OUT_10537,314.9322541892425
OUT_10538,113.7485808580154
OUT_10539,120.77445523003328
OUT_10540,185.424584501962
OUT_10541,1009.5611708818468
OUT_10542,284.90982680674347
OUT_10543,410.44558225653725
OUT_10544,303.89087807455513
OUT_10545,1175.0988679407492
OUT_10546,123.3073745652959
OUT_10547,354.76365521799073
OUT_10548,207.1111266030357
OUT_10549,386.05439228892305
OUT_10550,961.4967425563576
OUT_10551,209.80508203255994
OUT_10552,112.85618081545869
OUT_10553,246.4881829906254
OUT_10554,325.32028683091374
OUT_10555,309.94599523892225
OUT_10556,131.7454455690422
OUT_10557,413.53136130955045
OUT_10558,122.6841451969255
OUT_10559,116.19066893792504
OUT_10560,320.12704092647243
OUT_10561,124.85562172155443
OUT_10562,137.16225512382695
OUT_10563,101.33403560982266
OUT_10564,931.272333402242
OUT_10565,443.6553258621241
OUT_10566,335.7442809773692
OUT_10567,406.8769946539279
OUT_10568,126.44612682006046
OUT_10569,935.346231631461
OUT_10570,275.96091575435554
OUT_10571,344.84518120069373
OUT_10572,246.5178426090904
OUT_10573,450.29233107060315
OUT_10574,287.57220789383456
OUT_10575,123.05370918380729
OUT_10576,351.7213438411982
OUT_10577,143.90671085947994
OUT_10578,178.81334379627583
OUT_10579,256.4137519713661
OUT_10580,327.1839034787621
OUT_10581,319.0394935419491
OUT_10582,93.98473097884275
OUT_10583,896.7310629229106
OUT_10584,111.64451788395925
OUT_10585,129.4082553213181
OUT_10586,349.77085908515903
OUT_10587,358.33984788978205
OUT_10588,133.40153146292067
OUT_10589,345.5744840500217
OUT_10590,129.5534692693418
OUT_10591,122.72026036884266
OUT_10592,374.1172240373004
OUT_10593,951.4178077922058
OUT_10594,416.05285094579415
OUT_10595,151.62388920701
OUT_10596,125.51846927138696
OUT_10597,367.2058418836038
OUT_10598,891.1782809465294
OUT_10599,384.6321446442158
OUT_10600,905.522483641756
OUT_10601,358.38175478211554
OUT_10602,232.49595010027988
OUT_10603,222.72214666558145
OUT_10604,323.1342843987446
OUT_10605,109.77862067148762
OUT_10606,134.72309622868124
OUT_10607,153.1950985269272
OUT_10608,259.43679199698767
OUT_10609,122.4586735235833
OUT_10610,337.5570191311814
OUT_10611,303.01579763452384
OUT_10612,127.48271221626965
OUT_10613,299.2812616127443
OUT_10614,396.3878395182578
OUT_10615,266.37857327159384
OUT_10616,370.60371714666337
OUT_10617,927.9651416290226
OUT_10618,458.34185998014095
OUT_10619,104.64687720506733
OUT_10620,111.64165142398693
OUT_10621,335.03790555310803
OUT_10622,310.8555462468376
OUT_10623,274.1587937737322
OUT_10624,322.1943787899686
OUT_10625,310.14587465256557
OUT_10626,310.7273149871825
OUT_10627,184.52741085696556
OUT_10628,118.02318094584996
OUT_10629,281.72181548320947
OUT_10630,927.196303808474
OUT_10631,189.97530289521026
OUT_10632,999.6435908225928
OUT_10633,896.0409325008116
OUT_10634,115.60107542256634
OUT_10635,131.43733060662612
OUT_10636,952.853096986472
OUT_10637,128.5069108546384
OUT_10638,113.6593759606434
OUT_10639,245.919587941217
OUT_10640,164.741874861764
OUT_10641,363.24437750481593
OUT_10642,1109.872120755608
OUT_10643,115.99671798563543
OUT_10644,917.281102293453
OUT_10645,355.678311745649
OUT_10646,366.3153011579119
OUT_10647,120.40788665496936
OUT_10648,406.26271964812577
OUT_10649,127.68122169592434
OUT_10650,146.30910270491677
OUT_10651,244.80355076503798
OUT_10652,341.97620002336976
OUT_10653,1201.3506205344693
OUT_10654,470.29131748020086
OUT_10655,83.6105951279677
OUT_10656,146.3409642683922
OUT_10657,1336.027696838937
OUT_10658,122.05819996405724
OUT_10659,272.5129806797388
OUT_10660,1071.247254698457
OUT_10661,127.1655242381511
OUT_10662,109.78885551565018
OUT_10663,292.72009542655246
OUT_10664,421.9978622812862
OUT_10665,289.41641205875163
OUT_10666,408.9667171232427
OUT_10667,357.62221580073344
OUT_10668,106.14123008971843
OUT_10669,1201.5648977716023
OUT_10670,950.1698351744476
OUT_10671,274.7798814723487
OUT_10672,385.85612270938384
OUT_10673,271.09545990654533
OUT_10674,407.818473900753
OUT_10675,105.3964010794132
OUT_10676,457.3549098003981
OUT_10677,160.38944222526814
OUT_10678,125.32286094541048
OUT_10679,349.1495453142122
OUT_10680,314.42638926883376
OUT_10681,368.5682925258876
OUT_10682,180.3643333350587
OUT_10683,912.4016140542993
OUT_10684,206.50295339913328
OUT_10685,399.5281832786891
OUT_10686,313.8106809457645
OUT_10687,377.20850805154714
OUT_10688,309.4060581592274
OUT_10689,383.34759567918513
OUT_10690,153.10690700038145
OUT_10691,391.7675586371462
OUT_10692,344.3909965573456
OUT_10693,157.79564180154884
OUT_10694,278.7284399515185
OUT_10695,426.5961251102077
OUT_10696,958.0471976196212
OUT_10697,175.23230346982035
OUT_10698,220.98827955757082
OUT_10699,1194.9309870878185
OUT_10700,173.12223460379892
OUT_10701,141.2697630085381
OUT_10702,251.1218141070562
OUT_10703,279.0997037726398
OUT_10704,355.25595518641967
OUT_10705,1194.0910480596535
OUT_10706,257.8792464223812
OUT_10707,137.92910698880493
OUT_10708,1163.0485550551466
OUT_10709,382.72913744206915
OUT_10710,1284.8347747960995
OUT_10711,912.545845868595
OUT_10712,132.44465189449124
OUT_10713,142.27301685136797
OUT_10714,385.58399228969313
OUT_10715,401.6466523512197
OUT_10716,365.8361767009464
OUT_10717,920.4909006767682
OUT_10718,143.82578669769316
OUT_10719,1108.78330759519
OUT_10720,333.8966210243534
OUT_10721,268.56958476534527
OUT_10722,384.5600311797115
OUT_10723,324.83484810289485
OUT_10724,147.8816682946314
OUT_10725,248.76657512931226
OUT_10726,101.19551350636044
OUT_10727,260.0479188295233
OUT_10728,1183.3217444522113
OUT_10729,136.92767450810527
OUT_10730,1111.343901361036
OUT_10731,142.71235292763592
OUT_10732,150.37861159272438
OUT_10733,256.6201655786042
OUT_10734,366.23158088334935
OUT_10735,321.62872175974417
OUT_10736,168.17214708996767
OUT_10737,336.34431297453835
OUT_10738,122.83450936941942
OUT_10739,272.19450662746203
OUT_10740,103.59934279615531
OUT_10741,80.69293428198432
OUT_10742,161.0362781127979
OUT_10743,436.6445579447852
OUT_10744,125.75144297789204
OUT_10745,131.28925903746793
OUT_10746,165.51800703183008
OUT_10747,926.6472710044184
OUT_10748,132.35785025080716
OUT_10749,159.9733696703809
OUT_10750,150.87912427382346
OUT_10751,178.6407082228746
OUT_10752,289.1028092801704
OUT_10753,135.9931493403472
OUT_10754,211.3529290530721
OUT_10755,258.71603547719826
OUT_10756,338.1501691838338
OUT_10757,164.7089967061762
OUT_10758,1212.0126501738775
OUT_10759,268.7273276148351
OUT_10760,1002.878454500856
OUT_10761,322.97672547959763
OUT_10762,245.06752254006983
OUT_10763,409.99190510736753
OUT_10764,342.37812091681616
OUT_10765,376.72229345048197
OUT_10766,85.89217657542635
OUT_10767,101.07537230745416
OUT_10768,298.77131993232166
OUT_10769,101.70919829450452
OUT_10770,968.9328496669752
OUT_10771,213.52883841888885
OUT_10772,151.52409471036344
OUT_10773,357.03276430125663
OUT_10774,119.73546140343808
OUT_10775,368.9373104570292
OUT_10776,932.755074960632
OUT_10777,150.85802611978883
OUT_10778,310.84028365896194
OUT_10779,939.7069712248384
OUT_10780,369.5573781466828
OUT_10781,1210.142879830231
OUT_10782,410.3862394316982
OUT_10783,369.9542095698217
OUT_10784,152.24440993403977
OUT_10785,217.2641772819847
OUT_10786,136.72128827662496
OUT_10787,114.39973576377636
OUT_10788,912.3006576338904
OUT_10789,231.89625129471153
OUT_10790,340.3997533372224
OUT_10791,143.51886979352736
OUT_10792,288.91828518178784
OUT_10793,942.3965780456354
OUT_10794,1108.2248491092691
OUT_10795,134.83295211284968
OUT_10796,369.6356345360981
OUT_10797,148.40019695774433
OUT_10798,1224.6883101570031
OUT_10799,135.11441165633823
OUT_10800,419.114305462551
OUT_10801,961.2952918739254
OUT_10802,115.80914729247016
OUT_10803,901.7161564513392
OUT_10804,1107.898775314491
OUT_10805,889.7922507632993
OUT_10806,457.8306819311812
OUT_10807,133.68531500797175
OUT_10808,102.9079601572901
OUT_10809,204.977929908142
OUT_10810,307.10268021030964
OUT_10811,131.00883020518745
OUT_10812,449.3187726444604
OUT_10813,98.27990370954927
OUT_10814,185.08217529984898
OUT_10815,314.00652867176075
OUT_10816,365.4997625740764
OUT_10817,417.1618024987266
OUT_10818,1687.9197969707516
OUT_10819,428.9624277476828
OUT_10820,125.33343600444715
OUT_10821,354.92702663713777
OUT_10822,111.24245522762666
OUT_10823,316.02897289663963
OUT_10824,141.56884272758606
OUT_10825,271.03128866220743
OUT_10826,983.0555617473352
OUT_10827,920.7756545562316
OUT_10828,1214.8123828721991
OUT_10829,244.3481573696593
OUT_10830,104.0723547482573
OUT_10831,124.07614796552929
OUT_10832,137.16258765272573
OUT_10833,431.2987609366047
OUT_10834,1206.0869264335706
OUT_10835,111.63364801367796
OUT_10836,115.59899914771852
OUT_10837,185.53914732079477
OUT_10838,291.53726084030944
OUT_10839,307.01622383158474
OUT_10840,444.47298678456093
OUT_10841,991.2148294155168
OUT_10842,373.2558098007174
OUT_10843,111.40579508722284
OUT_10844,423.2820998507875
OUT_10845,900.4961732348372
OUT_10846,235.47117442449326
OUT_10847,126.8881810153716
OUT_10848,162.8555796828102
OUT_10849,1091.1765475383625
OUT_10850,135.92383401790002
OUT_10851,95.04284981973007
OUT_10852,288.7446508224147
OUT_10853,113.2679929120808
OUT_10854,976.2644666999896
OUT_10855,312.4216301414649
OUT_10856,331.1185996983981
OUT_10857,404.5629119008664
OUT_10858,304.1126678378147
OUT_10859,1014.6991079558884
OUT_10860,229.91800387634666
OUT_10861,425.10191851467425
OUT_10862,106.45830221508234
OUT_10863,293.7752647677427
OUT_10864,271.3509026606624
OUT_10865,352.0484972627347
OUT_10866,104.8810809984227
OUT_10867,341.11469318262704
OUT_10868,131.71346150544554
OUT_10869,158.28260047789118
OUT_10870,120.47149891701189
OUT_10871,306.05445444310067
OUT_10872,894.0387264086831
OUT_10873,129.67193846640447
OUT_10874,97.86121852126084
OUT_10875,805.5121771145559
OUT_10876,942.5870609012504
OUT_10877,356.29669512747466
OUT_10878,128.29401693783402
OUT_10879,333.16014577181807
OUT_10880,309.3915631809265
OUT_10881,94.485525743302
OUT_10882,980.5918939772034
OUT_10883,1156.550171366248
OUT_10884,135.30956264795472
OUT_10885,183.0931515762345
OUT_10886,288.1100442251343
OUT_10887,938.4121472991792
OUT_10888,81.93866471261278
OUT_10889,398.3578721511474
OUT_10890,337.6294892045367
OUT_10891,912.1169809410608
OUT_10892,77.095297573743
OUT_10893,178.4058873761818
OUT_10894,951.4109538839964
OUT_10895,130.96265523573902
OUT_10896,128.22967045655068
OUT_10897,141.98346585973167
OUT_10898,114.37000246528017
OUT_10899,129.32450864297164
OUT_10900,103.58359807773982
OUT_10901,118.85566350643992
OUT_10902,855.3993550368784
OUT_10903,952.0416733959104
OUT_10904,329.96108069657146
OUT_10905,338.2081526103058
OUT_10906,359.68895612412643
OUT_10907,256.9594840602185
OUT_10908,130.46620153118945
OUT_10909,125.86970972176783
OUT_10910,845.3051060208925
OUT_10911,272.5258459485069
OUT_10912,489.75884379352306
OUT_10913,379.9001418327624
OUT_10914,1018.4659610978906
OUT_10915,285.85964854222186
OUT_10916,421.0200105240757
OUT_10917,352.20660689353474
OUT_10918,389.0934023574299
OUT_10919,141.16673243365895
OUT_10920,200.74668460447378
OUT_10921,968.9574223297268
OUT_10922,408.0154864724103
OUT_10923,988.6945869668556
OUT_10924,986.4966976100598
OUT_10925,1069.7627446756849
OUT_10926,237.36905213899053
OUT_10927,169.8834177221034
OUT_10928,243.85547425610852
OUT_10929,983.604585670376
OUT_10930,915.2924780237852
OUT_10931,145.1518488341924
OUT_10932,1039.916268254818
OUT_10933,346.65764152084273
OUT_10934,160.72492144617848
OUT_10935,1028.8115288706167
OUT_10936,141.61634747294275
OUT_10937,332.7557709407347
OUT_10938,979.2123189522562
OUT_10939,310.1044427305627
OUT_10940,964.7016790366504
OUT_10941,844.658232417381
OUT_10942,102.42089283824394
OUT_10943,810.3057786885275
OUT_10944,200.3196911619839
OUT_10945,165.6390225017912
OUT_10946,201.8185327046449
OUT_10947,159.41890995980435
OUT_10948,121.92727916225076
OUT_10949,112.62633999913587
OUT_10950,130.2392203131123
OUT_10951,155.7487646802813
OUT_10952,922.4264328447522
OUT_10953,290.58924786776026
OUT_10954,1205.8140819836583
OUT_10955,111.66786486723963
OUT_10956,128.07298336002253
OUT_10957,893.3707112505737
OUT_10958,559.6092368346705
OUT_10959,1022.2983454104605
OUT_10960,262.3524552349081
OUT_10961,147.22013171880087
OUT_10962,1192.3931073794708
OUT_10963,1093.6771349246385
OUT_10964,1152.348563392304
OUT_10965,224.69775092458872
OUT_10966,1126.2780618018307
OUT_10967,890.0632421759451
OUT_10968,977.5721690681326
OUT_10969,143.634610860032
OUT_10970,308.89173171013204
OUT_10971,369.86315117304264
OUT_10972,359.6983545156983
OUT_10973,171.00935194129104
OUT_10974,344.2062622944956
OUT_10975,344.3140269158239
OUT_10976,157.0317480617471
OUT_10977,111.39555518596431
OUT_10978,428.7284027652237
OUT_10979,88.36851096459989
OUT_10980,937.0988172908496
OUT_10981,137.39215226452697
OUT_10982,348.73816059719894
OUT_10983,323.64677955626803
OUT_10984,98.7606009374089
OUT_10985,298.2045182232719
OUT_10986,114.58862181124692
OUT_10987,367.6075063026452
OUT_10988,309.4409008682655
OUT_10989,987.263369212368
OUT_10990,918.5194380070768
OUT_10991,302.8217787462105
OUT_10992,145.0825975605576
OUT_10993,930.4069477578252
OUT_10994,160.24341634447185
OUT_10995,268.75964775686293
OUT_10996,1226.7478662852386
OUT_10997,1141.5552662995633
OUT_10998,248.67255539471736
OUT_10999,930.4122558744264
OUT_11000,292.32131532810916
OUT_11001,361.5310064921232
OUT_11002,151.38354303900286
OUT_11003,1089.4675045272027
OUT_11004,150.6221712297203
OUT_11005,337.2359293402631
OUT_11006,423.4154914240821
OUT_11007,254.86128872167026
OUT_11008,924.7540786426572
OUT_11009,373.749450819465
OUT_11010,382.3706664965028
OUT_11011,426.50244715630527
OUT_11012,194.75375946098183
OUT_11013,299.17548957455654
OUT_11014,118.23421059159664
OUT_11015,971.8119213844832
OUT_11016,161.5824098727146
OUT_11017,968.5129782953388
OUT_11018,143.48958103223194
OUT_11019,302.0600925528866
OUT_11020,115.9323240121088
OUT_11021,995.8566228235132
OUT_11022,126.45907321309006
OUT_11023,404.0295195827116
OUT_11024,387.6552416467764
OUT_11025,377.5833150477803
OUT_11026,110.78181279028075
OUT_11027,287.94605851015274
OUT_11028,325.89736805722663
OUT_11029,1189.7820722618258
OUT_11030,163.58217019712544
OUT_11031,145.39569566446477
OUT_11032,128.0639268953717
OUT_11033,316.0515084580346
OUT_11034,314.94885942900265
OUT_11035,295.9175266752294
OUT_11036,278.9257179211308
OUT_11037,258.3400631667843
OUT_11038,258.50293525910195
OUT_11039,890.6818544280766
OUT_11040,144.92485405792996
OUT_11041,260.6819305159919
OUT_11042,401.55804482876056
OUT_11043,986.6129987279622
OUT_11044,171.00645450290088
OUT_11045,452.4888521597844
OUT_11046,363.77436843024213
OUT_11047,123.8041692298208
OUT_11048,397.2718620420726
OUT_11049,297.2733356764421
OUT_11050,284.6787239970509
OUT_11051,474.27264426972135
OUT_11052,941.2034418145616
OUT_11053,221.4252880764555
OUT_11054,330.84196148324605
OUT_11055,365.0417429701189
OUT_11056,1217.899742760482
OUT_11057,349.69535292706917
OUT_11058,135.63829608353603
OUT_11059,217.91972044965507
OUT_11060,325.6442253454392
OUT_11061,295.7027493074189
OUT_11062,135.46539466543325
OUT_11063,946.3056791079922
OUT_11064,321.9169926106833
OUT_11065,133.51058559234932
OUT_11066,294.4856752745836
OUT_11067,110.23982095796858
OUT_11068,969.7114932763584
OUT_11069,948.0647681781824
OUT_11070,318.4511939095818
OUT_11071,128.95140931719908
OUT_11072,87.05733285844624
OUT_11073,381.11558599020873
OUT_11074,116.29898901038464
OUT_11075,156.38622182077967
OUT_11076,389.25821423612274
OUT_11077,962.767684268478
OUT_11078,138.83968440574066
OUT_11079,357.35496752822337
OUT_11080,136.5858463769139
OUT_11081,410.30168689164896
OUT_11082,143.9601088231869
OUT_11083,335.8894775092168
OUT_11084,303.65865032764754
OUT_11085,154.3796239933475
OUT_11086,147.4299249814646
OUT_11087,160.30449629669513
OUT_11088,114.46690291057568
OUT_11089,434.05049989162467
OUT_11090,919.3896756077216
OUT_11091,321.50202714538796
OUT_11092,323.7551556743443
OUT_11093,364.35181502536955
OUT_11094,1122.5790599399315
OUT_11095,339.1062568039358
OUT_11096,103.53512251986352
OUT_11097,370.8240039558168
OUT_11098,975.1524375788116
OUT_11099,102.4255577069182
OUT_11100,141.64964092186676
OUT_11101,1412.421119603996
OUT_11102,132.70982281408735
OUT_11103,136.09653962669552
OUT_11104,350.44296057222925
OUT_11105,905.2369203298456
OUT_11106,906.704613276422
OUT_11107,337.0153335693558
OUT_11108,1218.3098218265775
OUT_11109,325.04164575774325
OUT_11110,317.9373762669362
OUT_11111,154.49835462543865
OUT_11112,940.6704137644176
OUT_11113,322.60179117368403
OUT_11114,302.4605059457674
OUT_11115,120.06175863384536
OUT_11116,156.97681853652705
OUT_11117,451.06103148277214
OUT_11118,101.1032064033318
OUT_11119,406.0637788567354
OUT_11120,935.5589449986716
OUT_11121,139.3762031166945
OUT_11122,157.04314183765155
OUT_11123,946.1077287294348
OUT_11124,1001.9194618119976
OUT_11125,332.22782989674306
OUT_11126,286.7420060881187
OUT_11127,168.06838803263875
OUT_11128,1209.4709457629287
OUT_11129,133.57615388054754
OUT_11130,369.72254083741177
OUT_11131,1004.0062594231296
OUT_11132,339.67372788547647
OUT_11133,323.35922848495875
OUT_11134,126.03845212253661
OUT_11135,381.40391047394303
OUT_11136,174.19633135534522
OUT_11137,135.6690102458378
OUT_11138,365.5190788232812
OUT_11139,304.98521966437664
OUT_11140,974.3643318041889
OUT_11141,296.7531217785952
OUT_11142,169.57087964144534
OUT_11143,1101.867787473972
OUT_11144,99.00774733059956
OUT_11145,324.989651563229
OUT_11146,128.41341913939544
OUT_11147,281.7465370948677
OUT_11148,284.83404348567996
OUT_11149,243.6061293914922
OUT_11150,941.4834534744537
OUT_11151,390.43341705949047
OUT_11152,878.2321198686066
OUT_11153,376.96847386589815
OUT_11154,97.10759613174552
OUT_11155,191.6914127488727
OUT_11156,103.06218442518724
OUT_11157,318.83574981707886
OUT_11158,350.6657763733216
OUT_11159,131.56768571632034
OUT_11160,409.162176950715
OUT_11161,220.774382820857
OUT_11162,138.58293335438287
OUT_11163,317.51730517521804
OUT_11164,114.71008859660068
OUT_11165,1188.6392266792377
OUT_11166,157.15363874085617
OUT_11167,384.40568457982806
OUT_11168,1199.4084239811089
OUT_11169,234.31764007404172
OUT_11170,118.77109772892524
OUT_11171,317.9117372345954
OUT_11172,290.78421105907273
OUT_11173,172.9364191339343
OUT_11174,82.53024044086717
OUT_11175,389.9105399178218
OUT_11176,306.92196755745783
OUT_11177,1007.5260386405688
OUT_11178,301.9162962505227
OUT_11179,227.3686588000436
OUT_11180,229.1709077416624
OUT_11181,355.00022512890394
OUT_11182,920.2672309306854
OUT_11183,366.56835296515555
OUT_11184,385.91166402655904
OUT_11185,277.4544400413801
OUT_11186,344.1299650762504
OUT_11187,937.1989170713688
OUT_11188,126.75840667025868
OUT_11189,300.7798354470065
OUT_11190,281.72583485888487
OUT_11191,122.0194590273576
OUT_11192,443.1344269812182
OUT_11193,116.53704901815873
OUT_11194,150.82820727158105
OUT_11195,326.76421850517096
OUT_11196,201.58946048345695
OUT_11197,372.07170704599935
OUT_11198,373.4689559958722
OUT_11199,875.4525070178727
OUT_11200,115.98562696783496
OUT_11201,343.9427772170392
OUT_11202,94.08184807854398
OUT_11203,98.38188188740762
OUT_11204,1195.8697916550846
OUT_11205,113.54672951337427
OUT_11206,269.87713191911587
OUT_11207,123.36770770370654
OUT_11208,891.0870811608755
OUT_11209,260.4514303284052
OUT_11210,307.87411036030943
OUT_11211,292.10772574818304
OUT_11212,384.00630680788595
OUT_11213,318.29769680923454
OUT_11214,1249.9874718789406
OUT_11215,147.50610916506585
OUT_11216,142.2329770464134
OUT_11217,1185.3842662146114
OUT_11218,293.26162371076055
OUT_11219,973.1057700487888
OUT_11220,109.69372570222215
OUT_11221,86.11871092455993
OUT_11222,1138.9245948970902
OUT_11223,127.43271841690805
OUT_11224,257.7727270466022
OUT_11225,1111.6353643776688
OUT_11226,307.60140359683203
OUT_11227,116.97977835847496
OUT_11228,141.15783813539872
OUT_11229,322.31920121224584
OUT_11230,110.20516430584257
OUT_11231,331.9466378584186
OUT_11232,1228.3554635585065
OUT_11233,929.8244067522736
OUT_11234,348.17481785265625
OUT_11235,152.62776903907664
OUT_11236,265.61083957746206
OUT_11237,112.02396395572987
OUT_11238,118.66566402254504
OUT_11239,817.6539663781651
OUT_11240,355.30241310427897
OUT_11241,88.38171558832865
OUT_11242,130.80725707753095
OUT_11243,437.0309234657294
OUT_11244,134.05435668043404
OUT_11245,314.00779271651174
OUT_11246,237.99426208325934
OUT_11247,324.3201713956154
OUT_11248,170.02651225468927
OUT_11249,449.4037340099045
OUT_11250,367.848569787561
OUT_11251,1122.675948802182
OUT_11252,358.4330196885544
OUT_11253,998.4887071336613
OUT_11254,355.8958629927546
OUT_11255,340.2241035465387
OUT_11256,287.93367465414934
OUT_11257,170.23660535437307
OUT_11258,169.10674649904428
OUT_11259,161.45317466678054
OUT_11260,904.6479207247652
OUT_11261,1164.0971350051768
OUT_11262,144.48761694658467
OUT_11263,118.4434532338673
OUT_11264,336.27314818026366
OUT_11265,945.8977158377568
OUT_11266,142.68650993030684
OUT_11267,139.02291341824332
OUT_11268,311.36024467877644
OUT_11269,1188.3283484484432
OUT_11270,108.22160858536256
OUT_11271,150.9744645781694
OUT_11272,115.22479149770248
OUT_11273,342.9713820944627
OUT_11274,240.06057359443577
OUT_11275,133.18490219943823
OUT_11276,379.062345214112
OUT_11277,166.98381039165204
OUT_11278,227.97690540342478
OUT_11279,127.42349807768385
OUT_11280,997.9714841666354
OUT_11281,445.3729799141057
OUT_11282,156.93712358829927
OUT_11283,149.64819690173525
OUT_11284,458.54801687670897
OUT_11285,351.7122445664686
OUT_11286,324.8505197401594
OUT_11287,332.9080488324037
OUT_11288,948.613404039934
OUT_11289,182.42454317329629
OUT_11290,286.0231628414602
OUT_11291,1260.6200102516243
OUT_11292,161.27547925311916
OUT_11293,292.96727675324126
OUT_11294,401.4543726892815
OUT_11295,117.19249136531131
OUT_11296,944.9339110464232
OUT_11297,280.1137124789867
OUT_11298,427.0596366392606
OUT_11299,153.61967275585835
OUT_11300,113.43208422745964
OUT_11301,119.8609909715591
OUT_11302,124.49686294271835
OUT_11303,919.4219637413498
OUT_11304,105.61462085413632
OUT_11305,1114.3660091189709
OUT_11306,249.91469558147895
OUT_11307,1108.029300211854
OUT_11308,376.71455139812474
OUT_11309,940.274729267048
OUT_11310,420.75795487938126
OUT_11311,364.0543350875571
OUT_11312,200.59032240173354
OUT_11313,123.30968832824432
OUT_11314,915.7244650100602
OUT_11315,419.63017586416674
OUT_11316,1211.348157298755
OUT_11317,996.6102173005456
OUT_11318,926.171392088164
OUT_11319,275.2752324437241
OUT_11320,74.39761464332813
OUT_11321,229.46492409675002
OUT_11322,997.0921851736176
OUT_11323,304.86593323314594
OUT_11324,134.676398221594
OUT_11325,156.70798175807911
OUT_11326,436.8986642223555
OUT_11327,130.8011746239215
OUT_11328,949.3293420987708
OUT_11329,239.43854538261604
OUT_11330,958.893019815218
OUT_11331,323.9255331876331
OUT_11332,146.12439434597002
OUT_11333,370.290951351727
OUT_11334,397.223458849949
OUT_11335,99.42456483896515
OUT_11336,388.00159709997536
OUT_11337,309.0755076500887
OUT_11338,342.299252814247
OUT_11339,128.38740320797382
OUT_11340,422.36708771292206
OUT_11341,306.6192795083908
OUT_11342,390.9745555761581
OUT_11343,124.5472378007115
OUT_11344,89.8232104644184
OUT_11345,107.95897254440852
OUT_11346,385.58932347027144
OUT_11347,325.6812312296348
OUT_11348,117.03541577681894
OUT_11349,121.83590484027371
OUT_11350,313.97075110101804
OUT_11351,99.41278183784463
OUT_11352,401.5298091720854
OUT_11353,291.78799612036784
OUT_11354,976.9389671797873
OUT_11355,250.03337989294047
OUT_11356,304.58125251244496
OUT_11357,291.4332998552486
OUT_11358,177.74618178043136
OUT_11359,1112.4479026489223
OUT_11360,257.84502969573816
OUT_11361,257.716306025214
OUT_11362,338.30924011298544
OUT_11363,97.0525432751846
OUT_11364,145.01467024762078
OUT_11365,349.701061366455
OUT_11366,266.12240000985355
OUT_11367,155.31561444440922
OUT_11368,1139.4435021897018
OUT_11369,184.23461146637402
OUT_11370,121.56605541939086
OUT_11371,403.8904367945271
OUT_11372,877.444435880455
OUT_11373,442.0064393066847
OUT_11374,120.2840200244312
OUT_11375,432.3888960384986
OUT_11376,250.2692398592644
OUT_11377,441.4436445473516
OUT_11378,352.2594709009064
OUT_11379,115.0685019473214
OUT_11380,194.64068626935284
OUT_11381,364.35032257445073
OUT_11382,342.9287991551056
OUT_11383,318.5012409644451
OUT_11384,264.9224728544134
OUT_11385,417.14006016643907
OUT_11386,358.8635837997124
OUT_11387,143.52916056137514
OUT_11388,452.30594156185475
OUT_11389,117.78735671019513
OUT_11390,88.85450412695722
OUT_11391,100.77050217430386
OUT_11392,915.8088333864785
OUT_11393,210.9252726226788
OUT_11394,868.9473238762107
OUT_11395,488.3605904829616
OUT_11396,403.08079493817434
OUT_11397,1207.4726201328594
OUT_11398,379.94997352235
OUT_11399,282.8578036322523
OUT_11400,131.195681806252
OUT_11401,363.2610194387806
OUT_11402,134.15526622354733
OUT_11403,1215.8954727166642
OUT_11404,161.55120879815846
OUT_11405,157.7857873286669
OUT_11406,897.7092690848845
OUT_11407,131.24622684066802
OUT_11408,215.31942120810135
OUT_11409,365.62974110869175
OUT_11410,389.68509112705556
OUT_11411,267.8192787823748
OUT_11412,74.30519430549434
OUT_11413,987.0398109510244
OUT_11414,221.74843043666323
OUT_11415,226.49618125930522
OUT_11416,941.322835626581
OUT_11417,148.40311100098126
OUT_11418,99.42012938290532
OUT_11419,112.00916722423166
OUT_11420,339.5256907739874
OUT_11421,915.0140028379616
OUT_11422,438.47548849781197
OUT_11423,441.6961787818599
OUT_11424,281.0434756374908
OUT_11425,144.04757487021985
OUT_11426,1127.167472420915
OUT_11427,392.52378516067245
OUT_11428,352.3644993958466
OUT_11429,253.142342589171
OUT_11430,132.8413628454824
OUT_11431,278.91450061500376
OUT_11432,395.16128629623245
OUT_11433,140.6346357718506
OUT_11434,898.5789354654574
OUT_11435,116.55675977490552
OUT_11436,152.4760115572671
OUT_11437,920.3161762373207
OUT_11438,902.0682994971688
OUT_11439,345.0554150279819
OUT_11440,167.81914005130082
OUT_11441,141.27265134115893
OUT_11442,83.51356442322194
OUT_11443,143.14012070679516
OUT_11444,176.29079184738907
OUT_11445,196.39336650269138
OUT_11446,314.9982046123629
OUT_11447,894.5288095683833
OUT_11448,142.98419075332347
OUT_11449,347.59895656299557
OUT_11450,126.2387064862249
OUT_11451,129.99752061665907
OUT_11452,150.98452831554445
OUT_11453,379.059850201715
OUT_11454,360.9930355834583
OUT_11455,306.6860475472913
OUT_11456,155.92400822798473
OUT_11457,346.7797092920569
OUT_11458,1136.894476206126
OUT_11459,408.58300541478457
OUT_11460,1243.8779377418834
OUT_11461,156.83526871469422
OUT_11462,331.64498639366536
OUT_11463,94.03243181155176
OUT_11464,314.0886243856411
OUT_11465,1115.1950713250264
OUT_11466,130.71074946065838
OUT_11467,128.57100673415601
OUT_11468,318.39266743896746
OUT_11469,381.869047313333
OUT_11470,136.06609699791954
OUT_11471,311.6603488384711
OUT_11472,142.58632719623
OUT_11473,302.0834860271656
OUT_11474,276.60576904117573
OUT_11475,882.340105833692
OUT_11476,123.53317072520994
OUT_11477,94.79218190226638
OUT_11478,210.8593242736468
OUT_11479,238.867042495738
OUT_11480,130.71162917551328
OUT_11481,113.5233835527228
OUT_11482,297.7514326603711
OUT_11483,415.0532576101259
OUT_11484,310.4957096589154
OUT_11485,434.2899252091298
OUT_11486,404.17132995274926
OUT_11487,313.8816130063989
OUT_11488,373.172226572408
OUT_11489,360.7320868434275
OUT_11490,343.3150590529224
OUT_11491,398.5408632245528
OUT_11492,402.94257606511735
OUT_11493,403.5809669033397
OUT_11494,98.05648880800588
OUT_11495,375.1157252762641
OUT_11496,99.57040807291052
OUT_11497,1113.4633951567173
OUT_11498,87.19225844262195
OUT_11499,316.96378895048724
OUT_11500,988.8923269006636
OUT_11501,118.9520585619071
OUT_11502,831.5872341484151
OUT_11503,294.2832397531841
OUT_11504,975.4692476073004
OUT_11505,132.40703842855956
OUT_11506,366.4956934343412
OUT_11507,170.19458721248657
OUT_11508,307.16086351690876
OUT_11509,210.47644756764467
OUT_11510,317.8065144624654
OUT_11511,329.09959394898243
OUT_11512,930.3362173174836
OUT_11513,251.67721726608244
OUT_11514,90.88079052296423
OUT_11515,950.3834257943076
OUT_11516,157.82400198351397
OUT_11517,373.00716617913054
OUT_11518,143.8797490324794
OUT_11519,177.3574647658599
OUT_11520,264.7577391743974
OUT_11521,360.3094791877822
OUT_11522,329.77877255629005
OUT_11523,1198.5167172348931
OUT_11524,155.105139547799
OUT_11525,276.12372789023806
OUT_11526,161.1653281284988
OUT_11527,306.3715474592133
OUT_11528,115.0609957296153
OUT_11529,111.43971942040363
OUT_11530,127.32399737723094
OUT_11531,229.13446400355423
OUT_11532,951.0744598138688
OUT_11533,127.42983045308428
OUT_11534,983.8778680470768
OUT_11535,411.55300347196044
OUT_11536,312.14509891487467
OUT_11537,125.4396800115261
OUT_11538,150.4630969016304
OUT_11539,353.0645103530598
OUT_11540,974.3642971094304
OUT_11541,313.01150768000804
OUT_11542,98.5167637085519
OUT_11543,122.28569482880269
OUT_11544,116.23483741820034
OUT_11545,938.1354578345127
OUT_11546,377.12175421041024
OUT_11547,886.8160874242893
OUT_11548,381.22887015237336
OUT_11549,465.38499507600875
OUT_11550,211.31101156237605
OUT_11551,105.74088849318812
OUT_11552,374.3375297423527
OUT_11553,144.46496084801123
OUT_11554,442.1909574214775
OUT_11555,134.65384645007137
OUT_11556,383.5470322542618
OUT_11557,305.59474722529137
OUT_11558,117.92018397604934
OUT_11559,959.3252336958766
OUT_11560,310.5352518306122
OUT_11561,150.61897250646038
OUT_11562,344.0623694344193
OUT_11563,860.9337106402709
OUT_11564,96.22348183623004
OUT_11565,308.95178128028704
OUT_11566,257.8897734622517
OUT_11567,917.5527545059962
OUT_11568,200.82010515741945
OUT_11569,994.740268861318
OUT_11570,101.46095703516238
OUT_11571,417.0762242825608
OUT_11572,120.09100967443264
OUT_11573,285.6010137565309
OUT_11574,345.8846763764126
OUT_11575,139.1238010191537
OUT_11576,313.0320128979145
OUT_11577,180.0340351429421
OUT_11578,313.0891699386946
OUT_11579,138.40131749241996
OUT_11580,110.97710719210288
OUT_11581,118.31650265147641
OUT_11582,287.3493230807376
OUT_11583,303.01544797905734
OUT_11584,949.5323129668684
OUT_11585,394.64925965911107
OUT_11586,155.54098594211442
OUT_11587,288.90208757872506
OUT_11588,1222.3859751744917
OUT_11589,323.13912914986577
OUT_11590,1142.739809580499
OUT_11591,243.94853572486207
OUT_11592,102.88578282975678
OUT_11593,154.7556645755328
OUT_11594,115.33377819446808
OUT_11595,90.66434961504768
OUT_11596,278.26443978359964
OUT_11597,290.92442056049686
OUT_11598,410.8296079418758
OUT_11599,838.8043073711065
OUT_11600,83.98389034571298
OUT_11601,1220.5085350050351
OUT_11602,128.22426063522715
OUT_11603,131.73886093751216
OUT_11604,266.878689623975
OUT_11605,1216.5125688712706
OUT_11606,396.7705218442983
OUT_11607,345.39008937747
OUT_11608,101.40444009372372
OUT_11609,209.38183168342277
OUT_11610,131.67608883177638
OUT_11611,989.8163543708364
OUT_11612,115.70251411318556
OUT_11613,973.1650396021304
OUT_11614,156.44453791784736
OUT_11615,268.8350644881393
OUT_11616,384.48156572705113
OUT_11617,305.23330282831625
OUT_11618,301.4316175231859
OUT_11619,1197.5036556592368
OUT_11620,127.36030927478978
OUT_11621,316.64186135782734
OUT_11622,1011.3564044417052
OUT_11623,320.29573058022066
OUT_11624,119.09861496107396
OUT_11625,203.4659147244632
OUT_11626,127.14174434986415
OUT_11627,154.0130108971832
OUT_11628,303.7406364405241
OUT_11629,193.0653707696656
OUT_11630,881.9294552234692
OUT_11631,322.601434274396
OUT_11632,424.4329008582333
OUT_11633,894.6100334593452
OUT_11634,85.17003827469372
OUT_11635,137.96911843778196
OUT_11636,1123.6743414483558
OUT_11637,889.0728964774665
OUT_11638,128.5882861902206
OUT_11639,132.11493587080773
OUT_11640,340.7039038735051
OUT_11641,250.98278225989503
OUT_11642,922.5151266078273
OUT_11643,1199.7297876411378
OUT_11644,1218.1714305187973
OUT_11645,134.01888442206746
OUT_11646,942.935751928979
OUT_11647,136.65178177370268
OUT_11648,302.39473396004814
OUT_11649,161.73750721104034
OUT_11650,143.9441787729854
OUT_11651,144.4483225075906
OUT_11652,931.1091016848816
OUT_11653,114.20181065030371
OUT_11654,135.47592123873176
OUT_11655,99.6901035492842
OUT_11656,303.2829453514679
OUT_11657,252.63053345413746
OUT_11658,142.37627038269255
OUT_11659,93.55961261053028
OUT_11660,125.46467487141234
OUT_11661,112.0148188052627
OUT_11662,918.1599303640274
OUT_11663,95.22111145215936
OUT_11664,135.41954522047328
OUT_11665,1192.4594403119445
OUT_11666,981.4731341555632
OUT_11667,272.8496160099359
OUT_11668,309.8650072666127
OUT_11669,497.11703379674486
OUT_11670,99.97533945134312
OUT_11671,124.27468533314956
OUT_11672,996.74149779193
OUT_11673,249.4695963166968
OUT_11674,951.5263970278896
OUT_11675,183.1662806008523
OUT_11676,436.50814444712535
OUT_11677,127.47775403506952
OUT_11678,95.89329863916484
OUT_11679,94.67636519258178
OUT_11680,907.4686077471536
OUT_11681,263.3356445290828
OUT_11682,302.5766673857065
OUT_11683,846.9735062554349
OUT_11684,204.51882019165225
OUT_11685,356.45497015695764
OUT_11686,912.6798037309762
OUT_11687,225.0414476563713
OUT_11688,950.4036529412592
OUT_11689,363.5693252181103
OUT_11690,142.8991195882104
OUT_11691,190.69217923815611
OUT_11692,959.3370081449926
OUT_11693,402.0271853313915
OUT_11694,176.6629849644607
OUT_11695,140.11261431339054
OUT_11696,955.2597502113824
OUT_11697,1180.8767953709298
OUT_11698,129.5302302573492
OUT_11699,353.147597952624
OUT_11700,339.4588537567613
OUT_11701,134.93961280875388
OUT_11702,346.9393050635946
OUT_11703,335.73353981717526
OUT_11704,953.004744738527
OUT_11705,189.59335669110376
OUT_11706,116.05372917241766
OUT_11707,297.9883511943124
OUT_11708,280.460296466357
OUT_11709,133.8041454972657
OUT_11710,370.22771112711723
OUT_11711,345.1677923706474
OUT_11712,352.6636354489233
OUT_11713,349.6532423653491
OUT_11714,91.50055611887836
OUT_11715,406.733078440747
OUT_11716,337.6969976806255
OUT_11717,953.78252068578
OUT_11718,330.30354374560494
OUT_11719,324.24034482617486
OUT_11720,1142.3518533665715
OUT_11721,324.8537180389052
OUT_11722,96.14502361318324
OUT_11723,239.61096773719117
OUT_11724,141.82753266206362
OUT_11725,283.57105958166187
OUT_11726,128.35205459431944
OUT_11727,325.0525412071437
OUT_11728,125.74763452483596
OUT_11729,146.9525954806153
OUT_11730,137.0649538108014
OUT_11731,118.9500378946378
OUT_11732,160.9018410125899
OUT_11733,953.3341522282924
OUT_11734,211.0203508295883
OUT_11735,114.92638988523716
OUT_11736,119.30705591093265
OUT_11737,117.21636109091084
OUT_11738,125.77190441035486
OUT_11739,125.7874120546904
OUT_11740,150.9971415931767
OUT_11741,272.5971636835011
OUT_11742,368.02236171828804
OUT_11743,325.9694667435192
OUT_11744,102.01457658932497
OUT_11745,289.89220809666256
OUT_11746,934.4333948737265
OUT_11747,343.38181817020677
OUT_11748,131.67335314109658
OUT_11749,345.54293408732605
OUT_11750,299.0639062279471
OUT_11751,128.12347202418385
OUT_11752,139.40520244707074
OUT_11753,275.89548552930376
OUT_11754,206.65729164165765
OUT_11755,928.734081434274
OUT_11756,138.96924919208138
OUT_11757,1005.1752371865476
OUT_11758,236.0206109653152
OUT_11759,99.23426656857356
OUT_11760,111.44673364181999
OUT_11761,382.140008399983
OUT_11762,896.6015054421924
OUT_11763,384.6342486681276
OUT_11764,396.78687594639246
OUT_11765,183.6087801281457
OUT_11766,128.04467663893493
OUT_11767,1271.8098454473673
OUT_11768,135.1132409696159
OUT_11769,918.8947707790804
OUT_11770,1107.2859285899797
OUT_11771,422.99996131159287
OUT_11772,332.33284642624943
OUT_11773,125.92914286067771
OUT_11774,74.00511653554673
OUT_11775,328.8137539919462
OUT_11776,121.4229336887713
OUT_11777,150.1660089876152
OUT_11778,146.20611770528097
OUT_11779,236.5365006318877
OUT_11780,923.9252263876716
OUT_11781,86.31577513899835
OUT_11782,117.54268941853584
OUT_11783,327.1828041168551
OUT_11784,362.6613517154491
OUT_11785,110.95251380274132
OUT_11786,142.99472874483035
OUT_11787,117.70121346535427
OUT_11788,1209.8286685878086
OUT_11789,997.2556617574376
OUT_11790,328.04557089594545
OUT_11791,965.0953511702588
OUT_11792,348.38842529292674
OUT_11793,251.1529633096329
OUT_11794,113.97505486891173
OUT_11795,132.82056459137033
OUT_11796,337.22384254809344
OUT_11797,922.769188386137
OUT_11798,411.61355230646836
OUT_11799,378.8172755860535
OUT_11800,268.4876451471033
OUT_11801,230.60779423836075
OUT_11802,270.0792873676908
OUT_11803,107.30437783520024
OUT_11804,1229.789415527364
OUT_11805,363.2963871862248
OUT_11806,269.69713866342113
OUT_11807,276.7855024797647
OUT_11808,298.91918213161824
OUT_11809,289.16022117390764
OUT_11810,148.3263916785805
OUT_11811,146.21970960323813
OUT_11812,294.56636281268084
OUT_11813,330.4135754364576
OUT_11814,255.39596503118693
OUT_11815,145.18104430436858
OUT_11816,915.7392180798269
OUT_11817,324.15377070847796
OUT_11818,97.32867577264844
OUT_11819,931.8973377965284
OUT_11820,1002.5244799955065
OUT_11821,239.77261929923586
OUT_11822,143.80133121884526
OUT_11823,930.5359831574632
OUT_11824,463.40919103334363
OUT_11825,313.3217709835808
OUT_11826,407.9777114
OUT_11827,243.1842370221785
OUT_11828,234.03063671532476
OUT_11829,133.13148175757428
OUT_11830,279.5242275153953
OUT_11831,154.05342842726836
OUT_11832,188.40204177762774
OUT_11833,372.04674761277556
OUT_11834,418.0852000380861
OUT_11835,114.63495887610668
OUT_11836,310.8513764161346
OUT_11837,330.6667510275804
OUT_11838,282.89251627970333
OUT_11839,158.90462679359098
OUT_11840,127.91914095581664
OUT_11841,120.3412275123312
OUT_11842,367.71852839318296
OUT_11843,1199.8733537228927
OUT_11844,138.10695796299623
OUT_11845,933.5644773829154
OUT_11846,150.39016596138012
OUT_11847,352.4218882309963
OUT_11848,927.4821793764166
OUT_11849,296.0459767796483
OUT_11850,377.1545533565619
OUT_11851,355.999188792436
OUT_11852,971.1720625898206
OUT_11853,1130.605002943805
OUT_11854,227.7763768807846
OUT_11855,301.3459968241299
OUT_11856,366.76480813974763
OUT_11857,993.1982204422492
OUT_11858,313.3528527029062
OUT_11859,899.9835068109682
OUT_11860,97.18616754912722
OUT_11861,412.50392173144223
OUT_11862,395.4859913356988
OUT_11863,167.4747577566854
OUT_11864,127.44761341099095
OUT_11865,323.0262379294654
OUT_11866,310.6313048226129
OUT_11867,324.01519557291346
OUT_11868,972.2643732944764
OUT_11869,147.43908700693805
OUT_11870,328.7374248819424
OUT_11871,111.00534390891474
OUT_11872,354.69477371137384
OUT_11873,377.9901707448158
OUT_11874,119.38189026975722
OUT_11875,341.48868317414656
OUT_11876,373.76916046102224
OUT_11877,308.1022929020352
OUT_11878,358.70296846383917
OUT_11879,375.3158447191511
OUT_11880,154.68298948639085
OUT_11881,355.7046261381281
OUT_11882,346.24956728012273
OUT_11883,963.9045399024324
OUT_11884,144.11672178491216
OUT_11885,395.43139147467184
OUT_11886,368.7510651188543
OUT_11887,114.84492066834424
OUT_11888,367.44758236379255
OUT_11889,296.1192735915357
OUT_11890,244.8560743335607
OUT_11891,239.5686309449179
OUT_11892,147.0661810841789
OUT_11893,118.6568668970386
OUT_11894,904.4036670619284
OUT_11895,120.99195473095745
OUT_11896,174.33563156906274
OUT_11897,946.8643274715572
OUT_11898,906.2252365923116
OUT_11899,160.84825564303134
OUT_11900,882.0340190819979
OUT_11901,147.25189027648054
OUT_11902,293.31252790865346
OUT_11903,238.49672389870014
OUT_11904,159.84289042108696
OUT_11905,141.67070177169538
OUT_11906,120.76564947251381
OUT_11907,136.54589544206792
OUT_11908,177.32030093845947
OUT_11909,832.331838664605
OUT_11910,325.78390933129964
OUT_11911,928.29574345275
OUT_11912,301.01175227291
OUT_11913,167.24144837308629
OUT_11914,294.4982975892232
OUT_11915,413.86741638127796
OUT_11916,202.68426252375775
OUT_11917,147.52774505806474
OUT_11918,96.90977572437254
OUT_11919,129.94364190844072
OUT_11920,935.3800413767602
OUT_11921,139.599889399853
OUT_11922,984.9431236285772
OUT_11923,94.9580024273493
OUT_11924,148.24137370249522
OUT_11925,98.15478698839493
OUT_11926,120.66184923430944
OUT_11927,137.84213789497818
OUT_11928,497.5048843140464
OUT_11929,953.1887614044364
OUT_11930,273.8365269188142
OUT_11931,129.4561289394232
OUT_11932,212.49973261917808
OUT_11933,138.79422987122047
OUT_11934,323.7339336118497
OUT_11935,111.75726127260768
OUT_11936,100.6451348717112
OUT_11937,106.41905008795345
OUT_11938,150.9509382592043
OUT_11939,308.8260798782416
OUT_11940,407.0949974728186
OUT_11941,156.7630931153147
OUT_11942,360.35622467745577
OUT_11943,936.404364273577
OUT_11944,937.6399386390708
OUT_11945,165.6444582680943
OUT_11946,173.75664998240825
OUT_11947,341.52653204056315
OUT_11948,143.27727480557505
OUT_11949,1202.6420758475804
OUT_11950,1107.7008577730141
OUT_11951,958.110936221988
OUT_11952,188.63197169700473
OUT_11953,137.94988854540608
OUT_11954,228.27723526336365
OUT_11955,217.61022369812437
OUT_11956,137.08767877034688
OUT_11957,264.8330369745952
OUT_11958,966.9877025247994
OUT_11959,112.14046790526064
OUT_11960,884.2993110357493
OUT_11961,982.349873520478
OUT_11962,428.96658460553
OUT_11963,1018.9165849099784
OUT_11964,163.04514186837253
OUT_11965,374.16541329281563
OUT_11966,108.25773469759724
OUT_11967,130.21480696911306
OUT_11968,946.5930267710676
OUT_11969,952.0141407084362
OUT_11970,879.3405115047017
OUT_11971,148.07694920522644
OUT_11972,280.86042802822794
OUT_11973,133.22816099164604
OUT_11974,258.2202885321634
OUT_11975,294.9838613846487
OUT_11976,939.624564328016
OUT_11977,425.9326278471309
OUT_11978,388.50134390363667
OUT_11979,127.39470232720716
OUT_11980,165.7602455922837
OUT_11981,1077.4528909186645
OUT_11982,475.1634885524734
OUT_11983,332.8863793804947
OUT_11984,341.31183259178346
OUT_11985,144.87839281908276
OUT_11986,339.84495393475106
OUT_11987,277.39192414685675
OUT_11988,329.27010947334645
OUT_11989,413.6039271403614
OUT_11990,318.01832342894784
OUT_11991,277.6648919583104
OUT_11992,338.24945191476206
OUT_11993,280.35073910964456
OUT_11994,102.40903417744882
OUT_11995,389.91483934145504
OUT_11996,349.38751002508536
OUT_11997,156.37780885763837
OUT_11998,359.2152256891122
OUT_11999,306.4202409059518
OUT_12000,324.99735467402786
OUT_12001,249.58645260934367
OUT_12002,407.09033974964535
OUT_12003,310.3065396390441
OUT_12004,1108.251954761977
OUT_12005,128.76873616710168
OUT_12006,409.2842626416825
OUT_12007,345.7461420517966
OUT_12008,924.1870528216568
OUT_12009,125.26498476772548
OUT_12010,165.75158779507012
OUT_12011,146.31728851053106
OUT_12012,1044.028315200694
OUT_12013,355.27493448510893
OUT_12014,326.2719651479736
OUT_12015,1181.0310472501849
OUT_12016,154.96991721837702
OUT_12017,333.93354741322605
OUT_12018,293.94142632300554
OUT_12019,136.07361257439996
OUT_12020,130.10715631136375
OUT_12021,248.8956321580908
OUT_12022,383.357787332885
OUT_12023,153.03755996332177
OUT_12024,102.97576068009488
OUT_12025,304.488660001261
OUT_12026,1181.9825917399528
OUT_12027,106.50826849128322
OUT_12028,378.96093112287826
OUT_12029,364.84498994280193
OUT_12030,1000.806386694298
OUT_12031,162.33162433282894
OUT_12032,324.0317229501045
OUT_12033,320.96042004516505
OUT_12034,127.10667889893124
OUT_12035,358.91225870995174
OUT_12036,921.6586725752873
OUT_12037,139.7121560676215
OUT_12038,327.91333318671707
OUT_12039,129.0052501052652
OUT_12040,160.6894698079991
OUT_12041,375.2324117967686
OUT_12042,311.7593566865269
OUT_12043,242.84934202579583
OUT_12044,338.9184312974627
OUT_12045,312.101991780924
OUT_12046,165.74591777649132
OUT_12047,200.35185516475752
OUT_12048,432.89670160174603
OUT_12049,912.0369209518348
OUT_12050,153.8988886653859
OUT_12051,112.33914385348726
OUT_12052,228.5796404973803
OUT_12053,216.83605262216463
OUT_12054,304.7457219910948
OUT_12055,1023.391226162062
OUT_12056,301.8473560055678
OUT_12057,197.84314911082862
OUT_12058,975.7139937661592
OUT_12059,155.4047505671799
OUT_12060,1230.9584712677213
OUT_12061,128.00406437843208
OUT_12062,345.67987366241726
OUT_12063,385.22904402014797
OUT_12064,255.72529158710583
OUT_12065,115.28531424521056
OUT_12066,137.65756370384526
OUT_12067,110.55966611323528
OUT_12068,181.82746558454082
OUT_12069,130.6843867626363
OUT_12070,364.14123291314615
OUT_12071,960.678420147281
OUT_12072,262.96326884888856
OUT_12073,128.754160436403
OUT_12074,919.6709740435208
OUT_12075,91.25748581587058
OUT_12076,275.44219919426484
OUT_12077,122.74505328009516
OUT_12078,150.63560114234588
OUT_12079,90.78383032467217
OUT_12080,116.5993053010132
OUT_12081,993.2037326940804
OUT_12082,451.26508866811014
OUT_12083,936.8821868248384
OUT_12084,351.7740524891973
OUT_12085,283.2888531147271
OUT_12086,324.5914206419817
OUT_12087,273.5277500625191
OUT_12088,281.94620253945163
OUT_12089,139.34047216043248
OUT_12090,317.7124527700628
OUT_12091,934.2142916396424
OUT_12092,105.33447792923596
OUT_12093,123.96003987912532
OUT_12094,232.74098414521006
OUT_12095,326.8843204799273
OUT_12096,332.49989117231945
OUT_12097,146.68001084141235
OUT_12098,401.46206875140786
OUT_12099,239.88742327200393
OUT_12100,335.53117099941426
OUT_12101,121.52297316474564
OUT_12102,133.62767367157034
OUT_12103,142.76121509073556
OUT_12104,171.76633377231644
OUT_12105,422.6819851386598
OUT_12106,140.91845700419918
OUT_12107,113.39347062391847
OUT_12108,1254.174216724692
OUT_12109,360.5583172347546
OUT_12110,343.4275082267426
OUT_12111,334.38556985276864
OUT_12112,144.51080670584795
OUT_12113,877.069618904564
OUT_12114,114.72205058837342
OUT_12115,952.2572689248052
OUT_12116,334.9847666661544
OUT_12117,99.0235209934729
OUT_12118,309.4330099805225
OUT_12119,192.8484137432664
OUT_12120,494.6201910249067
OUT_12121,358.2836470431272
OUT_12122,132.3892949022636
OUT_12123,426.82120286526526
OUT_12124,351.52967376491915
OUT_12125,326.5354668945695
OUT_12126,187.5634219855355
OUT_12127,167.61060441944588
OUT_12128,379.1537025767409
OUT_12129,102.36152919353526
OUT_12130,240.04656117976563
OUT_12131,1196.7406184372967
OUT_12132,122.21486971655646
OUT_12133,142.09455600080116
OUT_12134,356.63610732745
OUT_12135,132.74464106121974
OUT_12136,292.4146726304526
OUT_12137,307.06497944410376
OUT_12138,1003.327292326822
OUT_12139,970.534394181949
OUT_12140,115.70128003316293
OUT_12141,1213.6192532423474
OUT_12142,1277.0927690760989
OUT_12143,115.41101985496768
OUT_12144,152.3945099047231
OUT_12145,968.9112047257762
OUT_12146,345.64627280931586
OUT_12147,95.87493389214161
OUT_12148,865.1179418993354
OUT_12149,318.32087202601974
OUT_12150,137.85986959792086
OUT_12151,141.79996270391734
OUT_12152,997.2154600326568
OUT_12153,319.54222729210886
OUT_12154,323.8433441052422
OUT_12155,90.51000860378257
OUT_12156,249.36295073797086
OUT_12157,323.35334650786217
OUT_12158,159.25474238545206
OUT_12159,1138.060006034702
OUT_12160,352.7500766893753
OUT_12161,112.16111395853066
OUT_12162,1176.5742789155445
OUT_12163,159.59143516649917
OUT_12164,104.15926234549336
OUT_12165,153.40932548748123
OUT_12166,91.37864059162926
OUT_12167,326.03895190297845
OUT_12168,146.55216992582305
OUT_12169,300.46409621448464
OUT_12170,372.0335440573707
OUT_12171,154.69309189370298
OUT_12172,331.2393428323739
OUT_12173,319.01572716294197
OUT_12174,329.595400243551
OUT_12175,94.55858669950948
OUT_12176,352.04681954491446
OUT_12177,155.01590296613338
OUT_12178,273.7038661197615
OUT_12179,246.70299695303933
OUT_12180,133.17011368519007
OUT_12181,121.33722573087894
OUT_12182,414.8031820514568
OUT_12183,139.8786420874665
OUT_12184,401.0625928345247
OUT_12185,391.79287849752666
OUT_12186,140.68703762405303
OUT_12187,349.5458036079816
OUT_12188,138.93972440434695
OUT_12189,324.6394529416071
OUT_12190,155.66181072211032
OUT_12191,118.70421115635618
OUT_12192,405.63377271649654
OUT_12193,306.08730453549583
OUT_12194,427.3975619676139
OUT_12195,200.7488034573608
OUT_12196,142.80267563185623
OUT_12197,406.0592285090463
OUT_12198,375.48216190943424
OUT_12199,164.48993622602737
OUT_12200,948.5116051317972
OUT_12201,141.44904615607476
OUT_12202,133.28852437335834
OUT_12203,915.2078534801792
OUT_12204,152.47322769135224
OUT_12205,1113.2791611778152
OUT_12206,1109.2662013783008
OUT_12207,284.21845012289634
OUT_12208,418.8547921937028
OUT_12209,121.87726988341367
OUT_12210,84.2577317664003
OUT_12211,233.13902323050317
OUT_12212,150.14488014258362
OUT_12213,218.46385028695457
OUT_12214,337.55696772541194
OUT_12215,1055.606561027296
OUT_12216,307.04584331258326
OUT_12217,344.96438971862256
OUT_12218,151.65062181419498
OUT_12219,387.1128416164919
OUT_12220,901.4133557136682
OUT_12221,123.26488402167844
OUT_12222,156.3743566605124
OUT_12223,360.42049906714897
OUT_12224,901.9355570499398
OUT_12225,140.39127565304594
OUT_12226,145.21329243281585
OUT_12227,89.76185887263058
OUT_12228,246.68748632619395
OUT_12229,142.9687315731327
OUT_12230,137.4785860513366
OUT_12231,200.39772651304702
OUT_12232,142.2802438825674
OUT_12233,155.74133275405688
OUT_12234,119.2623775537904
OUT_12235,334.22508650570194
OUT_12236,100.95070293841638
OUT_12237,925.561337272704
OUT_12238,209.90648086992474
OUT_12239,309.2870329352762
OUT_12240,162.90498796471198
OUT_12241,249.97049789921718
OUT_12242,1004.7137492776252
OUT_12243,121.1714453696872
OUT_12244,322.3584415517846
OUT_12245,146.72111621966215
OUT_12246,131.17515137296374
OUT_12247,119.3871376561585
OUT_12248,332.44912120952466
OUT_12249,1195.4441677972109
OUT_12250,954.6710422070478
OUT_12251,75.23601790212582
OUT_12252,110.38608096508675
OUT_12253,291.4193425119929
OUT_12254,320.2531768037502
OUT_12255,921.7545217794626
OUT_12256,893.5264513107936
OUT_12257,128.02770616786543
OUT_12258,1213.2329682377742
OUT_12259,346.7419141722862
OUT_12260,340.9594773825514
OUT_12261,462.77900715197507
OUT_12262,364.356622969536
OUT_12263,1103.282554497617
OUT_12264,1142.8374753908795
OUT_12265,300.3329283021275
OUT_12266,150.1595062097053
OUT_12267,341.0061881907532
OUT_12268,1167.4805922707997
OUT_12269,105.28253557714568
OUT_12270,354.32858275676057
OUT_12271,116.43445203877768
OUT_12272,401.41166157473253
OUT_12273,346.4271025583332
OUT_12274,125.67694282747624
OUT_12275,326.246813392464
OUT_12276,503.7101654028629
OUT_12277,1120.6130745936634
OUT_12278,338.5808236675093
OUT_12279,313.7999410902648
OUT_12280,289.15317291833696
OUT_12281,308.72049525661834
OUT_12282,315.19930375990333
OUT_12283,1435.8195151162815
OUT_12284,123.38646784519351
OUT_12285,361.7498935390394
OUT_12286,302.544094229802
OUT_12287,169.35715028483628
OUT_12288,108.85195959552595
OUT_12289,166.01152838197436
OUT_12290,111.89885463487175
OUT_12291,934.900942316458
OUT_12292,307.9654022570303
OUT_12293,328.69750427252046
OUT_12294,584.2346837555383
OUT_12295,1350.7074545047133
OUT_12296,148.35399141848808
OUT_12297,287.9659431762284
OUT_12298,302.400556902066
OUT_12299,255.63310853697695
OUT_12300,579.5567202936669
OUT_12301,885.7147955366942
OUT_12302,131.36533361984118
OUT_12303,310.5201094073932
OUT_12304,113.99890975478468
OUT_12305,249.92493164194906
OUT_12306,1188.4117789101876
OUT_12307,286.49629260681866
OUT_12308,289.7066890164506
OUT_12309,152.22411845890858
OUT_12310,379.4832404135519
OUT_12311,347.4107932283349
OUT_12312,321.42843006511464
OUT_12313,121.8326805099681
OUT_12314,413.1755388612738
OUT_12315,197.39884419647535
OUT_12316,244.02227971438893
OUT_12317,121.26921688452214
OUT_12318,222.037296056963
OUT_12319,137.95388316402307
OUT_12320,403.76396084253565
OUT_12321,111.17958287805244
OUT_12322,142.47347280061646
OUT_12323,137.1960112806255
OUT_12324,268.4939689301784
OUT_12325,388.4906722815375
OUT_12326,92.82348268211706
OUT_12327,959.2261120841029
OUT_12328,291.1224096388403
OUT_12329,204.1759111637303
OUT_12330,113.13318254023804
OUT_12331,941.2166397581652
OUT_12332,292.9924419917741
OUT_12333,343.4522762746837
OUT_12334,1108.312265318893
OUT_12335,443.69307278536473
OUT_12336,151.26607246694576
OUT_12337,172.19492328675915
OUT_12338,409.52452154537866
OUT_12339,373.8552123303251
OUT_12340,326.7492622818663
OUT_12341,112.22818557479317
OUT_12342,230.70445558901284
OUT_12343,921.6195705008092
OUT_12344,303.6039519563152
OUT_12345,1216.8959511157768
OUT_12346,965.7192417961757
OUT_12347,328.4657404151932
OUT_12348,1210.1916605619406
OUT_12349,344.6193325834178
OUT_12350,120.81348286421382
OUT_12351,144.07570049051736
OUT_12352,182.63451603607592
OUT_12353,269.591166064708
OUT_12354,112.3606211060718
OUT_12355,376.75967514022284
OUT_12356,417.855538790846
OUT_12357,153.97808371906214
OUT_12358,101.35991086949882
OUT_12359,362.02987723089797
OUT_12360,996.871065887302
OUT_12361,110.93697278228349
OUT_12362,113.24914218104315
OUT_12363,107.3443160012362
OUT_12364,197.06267620995567
OUT_12365,164.1957338258121
OUT_12366,186.44549975813658
OUT_12367,426.2337473850805
OUT_12368,1176.8976880727002
OUT_12369,866.6838864877602
OUT_12370,326.5682622268953
OUT_12371,1005.5045397287254
OUT_12372,1127.111499759018
OUT_12373,250.8489576166525
OUT_12374,432.29912554850614
OUT_12375,396.03588561610036
OUT_12376,901.8105195678326
OUT_12377,119.79497853484409
OUT_12378,382.47158807662686
OUT_12379,275.5276709199121
OUT_12380,139.96975237305998
OUT_12381,906.6702246718254
OUT_12382,177.38841011069113
OUT_12383,140.15261155273996
OUT_12384,873.3878233066454
OUT_12385,195.76898742411703
OUT_12386,315.7132582887359
OUT_12387,334.2832200846461
OUT_12388,923.7652218767248
OUT_12389,421.1468174609678
OUT_12390,235.70481470621397
OUT_12391,290.1616587192339
OUT_12392,222.90797204071572
OUT_12393,347.01011444572
OUT_12394,944.451870047934
OUT_12395,133.7934817942227
OUT_12396,876.3953625734908
OUT_12397,291.61558500757326
OUT_12398,1164.1561129683173
OUT_12399,368.6964176919837
OUT_12400,1157.4564122207014
OUT_12401,946.9578202624496
OUT_12402,358.0577080916674
OUT_12403,116.92547580294136
OUT_12404,110.51083569976156
OUT_12405,137.93263267479358
OUT_12406,389.4024574261023
OUT_12407,177.88057135855206
OUT_12408,132.62096790025333
OUT_12409,318.46432578476464
OUT_12410,370.2449450927632
OUT_12411,77.68758594187804
OUT_12412,404.92179874984754
OUT_12413,411.020259471956
OUT_12414,1020.5405848196636
OUT_12415,295.0880358943351
OUT_12416,339.35482766097346
OUT_12417,913.5700937327016
OUT_12418,282.41124062985324
OUT_12419,135.00654354059614
OUT_12420,382.63403817740846
OUT_12421,376.4512308973069
OUT_12422,376.0860073565483
OUT_12423,351.62618375397597
OUT_12424,908.9386486765176
OUT_12425,1188.8243520600608
OUT_12426,214.32753383616637
OUT_12427,357.7491810575491
OUT_12428,109.1265118084786
OUT_12429,398.14059962249576
OUT_12430,282.497577013386
OUT_12431,342.1983560818097
OUT_12432,236.26655253212468
OUT_12433,329.60457015466113
OUT_12434,269.3975299977715
OUT_12435,338.3201878212945
OUT_12436,961.8987163627548
OUT_12437,92.7989518819277
OUT_12438,181.5871622054279
OUT_12439,264.91036966103286
OUT_12440,948.6795758995572
OUT_12441,111.26832422884736
OUT_12442,457.43823942123356
OUT_12443,165.4767462201286
OUT_12444,886.7071062036463
OUT_12445,1244.2147133691922
OUT_12446,358.6662582302987
OUT_12447,363.2731541151262
OUT_12448,372.04998613324733
OUT_12449,453.93809446404043
OUT_12450,267.14680786121835
OUT_12451,356.7542477827384
OUT_12452,137.7571006386881
OUT_12453,266.34903378887
OUT_12454,178.17656774328432
OUT_12455,144.2144982951604
OUT_12456,896.6708418104924
OUT_12457,253.1835356354035
OUT_12458,130.16658948835584
OUT_12459,358.08458365005725
OUT_12460,941.1263866874372
OUT_12461,102.96336618482258
OUT_12462,332.6758233319187
OUT_12463,949.0470803852696
OUT_12464,308.7306472184097
OUT_12465,93.81729735470356
OUT_12466,156.99189843290415
OUT_12467,119.18837636871751
OUT_12468,165.76516482285896
OUT_12469,869.4224005972931
OUT_12470,338.62313640346343
OUT_12471,105.60998217484884
OUT_12472,160.26505100393987
OUT_12473,344.66920313415187
OUT_12474,97.6443127701474
OUT_12475,93.0820748330945
OUT_12476,343.9818597423106
OUT_12477,186.76780506836948
OUT_12478,263.6210106354648
OUT_12479,335.71577674209345
OUT_12480,1340.2311626029514
OUT_12481,120.12120551696452
OUT_12482,978.6634347083244
OUT_12483,883.7739108329118
OUT_12484,1125.4859408877971
OUT_12485,982.6202533114612
OUT_12486,160.62672956503744
OUT_12487,79.97516862973956
OUT_12488,905.6042168316278
OUT_12489,137.30528848384245
OUT_12490,316.05160087778984
OUT_12491,234.74101908691836
OUT_12492,1161.0118431345943
OUT_12493,203.6322741060147
OUT_12494,1123.5522391836253
OUT_12495,419.8446231289888
OUT_12496,405.5334036198725
OUT_12497,138.18751453558195
OUT_12498,256.2232738351714
OUT_12499,192.63415579022404
OUT_12500,272.1731994959655
OUT_12501,309.3251250696585
OUT_12502,970.8712755710308
OUT_12503,325.1867745694951
OUT_12504,100.95387240884416
OUT_12505,177.3444355166011
OUT_12506,205.3225671067009
OUT_12507,921.9794153696656
OUT_12508,374.32741796625464
OUT_12509,943.3003141019217
OUT_12510,459.5007574274623
OUT_12511,140.14941498486263
OUT_12512,412.9104380321643
OUT_12513,369.840983543384
OUT_12514,1128.8432368295644
OUT_12515,270.1892191613828
OUT_12516,478.3247080322526
OUT_12517,135.56288400761576
OUT_12518,974.81015787391
OUT_12519,116.17792382225824
OUT_12520,111.48441610950027
OUT_12521,140.32999364242144
OUT_12522,946.1550128738028
OUT_12523,459.20230545754214
OUT_12524,109.96052031439211
OUT_12525,106.75609768169716
OUT_12526,177.40381977388955
OUT_12527,260.96729799813545
OUT_12528,98.3342260665042
OUT_12529,940.9827778099726
OUT_12530,950.0427981198054
OUT_12531,993.2696985137592
OUT_12532,296.2733591690792
OUT_12533,98.9423104203658
OUT_12534,253.55603899818524
OUT_12535,150.33111110576593
OUT_12536,958.1871803858546
OUT_12537,137.7783308592135
OUT_12538,328.09228317298937
OUT_12539,112.50495591205517
OUT_12540,159.75704549915372
OUT_12541,87.75099548642356
OUT_12542,408.79637498786167
OUT_12543,145.00411219013034
OUT_12544,357.3978161601862
OUT_12545,97.78981199290024
OUT_12546,153.56929171627752
OUT_12547,121.20631830850256
OUT_12548,158.97719198676867
OUT_12549,172.85338275691493
OUT_12550,377.2965028757716
OUT_12551,139.90477653929688
OUT_12552,964.0074423251468
OUT_12553,401.99045565600136
OUT_12554,221.04372385721274
OUT_12555,161.66246261509275
OUT_12556,100.31490730310217
OUT_12557,134.5192638041001
OUT_12558,158.1030999702476
OUT_12559,155.9190572177104
OUT_12560,141.04379261150294
OUT_12561,1107.7062331306158
OUT_12562,890.4258920239328
OUT_12563,944.5928842240204
OUT_12564,429.04010131995665
OUT_12565,143.18960446960253
OUT_12566,117.8951476553058
OUT_12567,354.5673297722133
OUT_12568,119.99186831027583
OUT_12569,908.3260672061529
OUT_12570,439.9493191751966
OUT_12571,153.25127971144332
OUT_12572,939.7475297426876
OUT_12573,281.53049915349874
OUT_12574,133.51055515966024
OUT_12575,451.69329569624506
OUT_12576,121.23471231108616
OUT_12577,162.86192350346718
OUT_12578,275.3239817759817
OUT_12579,391.14582462692465
OUT_12580,961.0922741613498
OUT_12581,972.747416783069
OUT_12582,984.0224719698804
OUT_12583,188.88560066106413
OUT_12584,120.8474990199344
OUT_12585,129.75469804030433
OUT_12586,289.4243115305677
OUT_12587,942.756234748742
OUT_12588,1281.3608808386075
OUT_12589,127.5634459654585
OUT_12590,84.7078366097183
OUT_12591,320.0801189525609
OUT_12592,1106.170215316755
OUT_12593,386.36641089830607
OUT_12594,1006.1952115088882
OUT_12595,393.2913502756696
OUT_12596,925.2298074724748
OUT_12597,128.43240760556503
OUT_12598,960.9875346908808
OUT_12599,161.78393223480418
OUT_12600,340.5018697532085
OUT_12601,133.04374936170842
OUT_12602,121.36393056117817
OUT_12603,1002.3668289316754
OUT_12604,388.7709856310087
OUT_12605,366.605273115993
OUT_12606,341.56989953350336
OUT_12607,318.0280507210609
OUT_12608,205.84924961269564
OUT_12609,296.5523789518837
OUT_12610,380.1013905037993
OUT_12611,380.584302974572
OUT_12612,233.35386741858272
OUT_12613,367.31686402177763
OUT_12614,194.39819508680495
OUT_12615,346.4491895323128
OUT_12616,161.46872627959942
OUT_12617,250.82751514071296
OUT_12618,249.39800838657646
OUT_12619,393.3576949054566
OUT_12620,137.578741076743
OUT_12621,877.5632141960704
OUT_12622,173.194210092869
OUT_12623,1005.4585613131208
OUT_12624,1145.8938650428306
OUT_12625,1258.344579540336
OUT_12626,156.00980046440728
OUT_12627,94.7649178515373
OUT_12628,393.93876406163986
OUT_12629,952.6541988120676
OUT_12630,411.13212407965705
OUT_12631,347.99308374137956
OUT_12632,976.1816319469692
OUT_12633,246.91929105856704
OUT_12634,106.37348329980745
OUT_12635,316.3894402084997
OUT_12636,132.88031742935635
OUT_12637,159.9878758445047
OUT_12638,1113.5992365880854
OUT_12639,97.53749364425038
OUT_12640,192.70485038869987
OUT_12641,981.656109303998
OUT_12642,1190.433861324197
OUT_12643,295.5344401356036
OUT_12644,426.14242659742024
OUT_12645,168.2310562813455
OUT_12646,146.45388795313562
OUT_12647,160.192440886291
OUT_12648,102.14130272434988
OUT_12649,346.99294280289485
OUT_12650,357.4597396908431
OUT_12651,168.9260489479994
OUT_12652,326.7893230795927
OUT_12653,339.9481223318018
OUT_12654,1030.0099147236433
OUT_12655,372.4339756860518
OUT_12656,184.50820769782723
OUT_12657,172.97647654688316
OUT_12658,1199.7300928389827
OUT_12659,153.1923298713928
OUT_12660,292.9824157368764
OUT_12661,127.01973498574509
OUT_12662,216.49251833604416
OUT_12663,388.9010088622374
OUT_12664,350.41739701454946
OUT_12665,193.12107551364073
OUT_12666,950.7262968352424
OUT_12667,256.1982871771694
OUT_12668,481.31115268263886
OUT_12669,110.76508096215868
OUT_12670,338.32137420292764
OUT_12671,146.57894938242174
OUT_12672,914.0589053161166
OUT_12673,206.31488497399067
OUT_12674,152.87786438376375
OUT_12675,1109.760160208043
OUT_12676,95.3584358583947
OUT_12677,351.0236283426515
OUT_12678,284.9131917525027
OUT_12679,445.096510543804
OUT_12680,257.67449133440647
OUT_12681,112.68271888418056
OUT_12682,961.2631254841529
OUT_12683,1276.9922127261102
OUT_12684,189.98512888107626
OUT_12685,116.57447005091612
OUT_12686,451.8497276737785
OUT_12687,211.98517740183863
OUT_12688,202.9314992946156
OUT_12689,419.8768750562699
OUT_12690,361.9287693016788
OUT_12691,1161.0035161673577
OUT_12692,302.81581240674075
OUT_12693,401.89759737555676
OUT_12694,147.8768806834618
OUT_12695,90.37193715078276
OUT_12696,360.7541349275053
OUT_12697,944.6306794364912
OUT_12698,245.012198784624
OUT_12699,206.2199804114722
OUT_12700,105.47482089136604
OUT_12701,140.1918660396414
OUT_12702,953.2281838121872
OUT_12703,108.6045696477252
OUT_12704,990.249855657402
OUT_12705,928.2854381903244
OUT_12706,359.9722067465988
OUT_12707,295.7681171160782
OUT_12708,134.01046323236622
OUT_12709,291.5431252337873
OUT_12710,98.39349704075548
OUT_12711,79.15031910655662
OUT_12712,281.50427394838255
OUT_12713,213.95983378910657
OUT_12714,353.1266497245694
OUT_12715,91.79593959132636
OUT_12716,355.3066847223254
OUT_12717,404.6638927542376
OUT_12718,136.06727324430966
OUT_12719,323.4532187942619
OUT_12720,147.94801936267538
OUT_12721,111.83248694615126
OUT_12722,368.763830217838
OUT_12723,111.39742166013217
OUT_12724,122.86398150984496
OUT_12725,95.02604576010691
OUT_12726,150.82474212083503
OUT_12727,379.11223774278994
OUT_12728,1142.2429171686492
OUT_12729,378.4655004702652
OUT_12730,902.9654560693592
OUT_12731,408.85064346145793
OUT_12732,132.50058850820875
OUT_12733,156.58951957483126
OUT_12734,887.7929324000528
OUT_12735,387.7242642062266
OUT_12736,126.53638235913166
OUT_12737,218.27713087139455
OUT_12738,364.60873818713344
OUT_12739,206.66209728360266
OUT_12740,939.974571138056
OUT_12741,131.937353255299
OUT_12742,1142.89177307861
OUT_12743,404.4262374154439
OUT_12744,446.9657347712026
OUT_12745,911.6265794426212
OUT_12746,130.3163877249118
OUT_12747,112.2680374511845
OUT_12748,354.5581220400542
OUT_12749,259.0677434039143
OUT_12750,226.54722954043982
OUT_12751,138.76816062240846
OUT_12752,274.09436398762676
OUT_12753,340.80379357593546
OUT_12754,953.8872480474448
OUT_12755,336.35671262653307
OUT_12756,146.17747712096394
OUT_12757,364.277980686044
OUT_12758,104.05980236587064
OUT_12759,402.0192108877893
OUT_12760,213.8780863817708
OUT_12761,130.55388784747436
OUT_12762,139.3995745627377
OUT_12763,288.7068356493684
OUT_12764,149.99215172080707
OUT_12765,126.93055647795337
OUT_12766,159.7310050031918
OUT_12767,244.58383200626568
OUT_12768,416.8967957697786
OUT_12769,901.7618150160469
OUT_12770,123.02135082153646
OUT_12771,125.05706416934449
OUT_12772,296.9329039395867
OUT_12773,102.36841297427088
OUT_12774,149.55580545365478
OUT_12775,182.03516045176661
OUT_12776,365.47464529552906
OUT_12777,359.7068597822307
OUT_12778,89.14443448835908
OUT_12779,213.17467374588978
OUT_12780,212.6234320607535
OUT_12781,165.74582245025115
OUT_12782,411.5792786260396
OUT_12783,945.3679943714286
OUT_12784,338.595121494062
OUT_12785,303.8319415043892
OUT_12786,116.91672006909076
OUT_12787,230.7719715274382
OUT_12788,359.75293855119554
OUT_12789,397.60524767481775
OUT_12790,355.40462567806986
OUT_12791,115.18795450802186
OUT_12792,333.4819689695802
OUT_12793,403.87463321244445
OUT_12794,121.51562518243963
OUT_12795,103.27580894250438
OUT_12796,164.39578479983967
OUT_12797,137.95348398104696
OUT_12798,120.54677794888444
OUT_12799,135.23346270064994
OUT_12800,139.0191776117354
OUT_12801,311.3614014802093
OUT_12802,103.6816311395859
OUT_12803,108.73474649766968
OUT_12804,960.9503698038684
OUT_12805,125.11235791520453
OUT_12806,302.280438573998
OUT_12807,968.3602733604276
OUT_12808,408.6755720673548
OUT_12809,236.23991646700105
OUT_12810,347.146520329277
OUT_12811,294.9789252517903
OUT_12812,217.36731538375216
OUT_12813,347.8919631858763
OUT_12814,340.78162152888166
OUT_12815,853.9281486225944
OUT_12816,356.0803323221277
OUT_12817,444.4477350305323
OUT_12818,128.31584672075388
OUT_12819,208.32905627514106
OUT_12820,826.3609039090526
OUT_12821,314.4423515491945
OUT_12822,118.86875796288358
OUT_12823,151.58111932520234
OUT_12824,107.23689317540222
OUT_12825,343.95370309956354
OUT_12826,142.1680907947743
OUT_12827,91.66448918012036
OUT_12828,277.2973322158713
OUT_12829,295.3424257300088
OUT_12830,138.06644132130367
OUT_12831,319.46502463120964
OUT_12832,445.7259295321656
OUT_12833,312.8350940766852
OUT_12834,1185.4168313907714
OUT_12835,392.2570211003981
OUT_12836,410.01454065749715
OUT_12837,135.19134677791084
OUT_12838,93.73500942660604
OUT_12839,193.68568409175066
OUT_12840,237.5263574642909
OUT_12841,131.86059628569527
OUT_12842,848.3910074248872
OUT_12843,351.1975699293047
OUT_12844,328.3871675361221
OUT_12845,323.8841011057651
OUT_12846,310.03513439517457
OUT_12847,103.52827619283131
OUT_12848,1121.7832072878878
OUT_12849,301.3490573618505
OUT_12850,145.91957379647948
OUT_12851,358.54201369682613
OUT_12852,137.0082830159169
OUT_12853,358.2634803238715
OUT_12854,141.02508751771998
OUT_12855,1196.552927146539
OUT_12856,113.89273093426436
OUT_12857,913.6007546513248
OUT_12858,215.14664162104486
OUT_12859,327.33982708015105
OUT_12860,250.51993004468386
OUT_12861,324.98109303766023
OUT_12862,362.00258625796505
OUT_12863,978.1979871925232
OUT_12864,138.613606129535
OUT_12865,1100.96303409537
OUT_12866,228.61005723127377
OUT_12867,417.51718062738746
OUT_12868,184.5207890091728
OUT_12869,228.94624855474655
OUT_12870,281.59928005701
OUT_12871,231.44141620109696
OUT_12872,179.58330374418176
OUT_12873,1213.9570460301882
OUT_12874,1188.5099156899528
OUT_12875,974.3787252354437
OUT_12876,278.33229380206956
OUT_12877,248.21332728431037
OUT_12878,174.96779652389253
OUT_12879,327.15257878105865
OUT_12880,307.5523121190935
OUT_12881,319.5325464784613
OUT_12882,1222.8037409204787
OUT_12883,372.536051460316
OUT_12884,240.60410053825098
OUT_12885,264.4248014778209
OUT_12886,305.7505471858832
OUT_12887,129.22433306001915
OUT_12888,136.609335547068
OUT_12889,295.00293124700755
OUT_12890,1188.450893036634
OUT_12891,334.6376661648899
OUT_12892,297.7258787495756
OUT_12893,107.8019453882656
OUT_12894,164.02904310476382
OUT_12895,152.8283777646824
OUT_12896,348.45816956659155
OUT_12897,147.0802984019393
OUT_12898,109.25726884183712
OUT_12899,129.10121549907564
OUT_12900,1127.5964373618651
OUT_12901,114.71021821295994
OUT_12902,127.10705777260335
OUT_12903,145.80444985880123
OUT_12904,288.2898799046946
OUT_12905,1013.372322218032
OUT_12906,921.686758628502
OUT_12907,952.7351298038182
OUT_12908,226.08175292235512
OUT_12909,285.92812166282107
OUT_12910,123.87225499723117
OUT_12911,932.6453170883389
OUT_12912,224.51088744340817
OUT_12913,299.8814959083109
OUT_12914,239.75553342686524
OUT_12915,335.595038681248
OUT_12916,163.70957907116167
OUT_12917,299.4084875159855
OUT_12918,302.9911181540062
OUT_12919,300.7232773090701
OUT_12920,131.72255632915488
OUT_12921,278.765822677553
OUT_12922,92.63157748835164
OUT_12923,904.1604583563332
OUT_12924,419.43257347018255
OUT_12925,382.51368542111743
OUT_12926,830.6458750756216
OUT_12927,142.62619539783998
OUT_12928,108.98047903551615
OUT_12929,103.16440274042132
OUT_12930,345.7743535887164
OUT_12931,130.8718104437141
OUT_12932,1170.2835406461218
OUT_12933,406.44449676934516
OUT_12934,488.4705347702883
OUT_12935,893.4203824318568
OUT_12936,143.18194126537688
OUT_12937,290.8731607719062
OUT_12938,283.5019248313888
OUT_12939,1234.6857785622149
OUT_12940,91.82174273350836
OUT_12941,991.2504718760088
OUT_12942,430.5562798612316
OUT_12943,149.44533559008667
OUT_12944,310.91784796469744
OUT_12945,333.54065283005895
OUT_12946,354.6606751038138
OUT_12947,171.17623392745622
OUT_12948,215.9094775689738
OUT_12949,909.6825678091094
OUT_12950,335.71300294570574
OUT_12951,420.7046341364894
OUT_12952,385.5218184784193
OUT_12953,934.4541644173868
OUT_12954,201.97319927297917
OUT_12955,70.87161576865196
OUT_12956,116.77766779636391
OUT_12957,170.65881131925835
OUT_12958,409.6036893859434
OUT_12959,127.29353329027838
OUT_12960,304.3704127141027
OUT_12961,956.64906761873
OUT_12962,291.06923107128574
OUT_12963,366.2134832046341
OUT_12964,119.61481775364015
OUT_12965,899.9613885516021
OUT_12966,214.60558134351902
OUT_12967,330.891352204648
OUT_12968,367.3197314657739
OUT_12969,1233.9929608119994
OUT_12970,342.0533495865386
OUT_12971,1056.0352811323826
OUT_12972,350.0118012065525
OUT_12973,100.9617698836214
OUT_12974,1109.4992584501117
OUT_12975,257.54251519892773
OUT_12976,993.0072311343154
OUT_12977,898.65049420952
OUT_12978,1114.7135513625751
OUT_12979,336.0963794571922
OUT_12980,101.7834746687032
OUT_12981,126.43657716673886
OUT_12982,357.99968236067383
OUT_12983,131.34968641934134
OUT_12984,120.3290276446024
OUT_12985,885.0405848557514
OUT_12986,951.3060004377244
OUT_12987,1189.2435268348531
OUT_12988,140.0169543543031
OUT_12989,216.42599203134858
OUT_12990,321.5458155699964
OUT_12991,994.9436470131986
OUT_12992,284.1501760885021
OUT_12993,962.5985513228176
OUT_12994,314.2319803026138
OUT_12995,282.5010763296202
OUT_12996,408.96311037743897
OUT_12997,270.1340416373697
OUT_12998,348.1136154762653
OUT_12999,100.81898045727817
OUT_13000,294.4838511931616
OUT_13001,107.58677212685048
OUT_13002,98.92577674911566
OUT_13003,96.51188967424557
OUT_13004,297.1413719496211
OUT_13005,366.7104756803901
OUT_13006,99.59912738216282
OUT_13007,93.9906745008592
OUT_13008,1083.3940275668328
OUT_13009,72.53592588272912
OUT_13010,874.2052312154643
OUT_13011,221.59648521671645
OUT_13012,329.27830590533915
OUT_13013,111.61162422101008
OUT_13014,387.29547017581945
OUT_13015,411.1780575921546
OUT_13016,99.15319020198946
OUT_13017,936.703719127738
OUT_13018,262.2262689801534
OUT_13019,991.4201639581736
OUT_13020,288.00505426305006
OUT_13021,111.15287072662328
OUT_13022,216.3700541786921
OUT_13023,1243.418962650457
OUT_13024,255.3958502718599
OUT_13025,338.52100084562744
OUT_13026,897.7345090998098
OUT_13027,228.6622151230773
OUT_13028,122.22267445273332
OUT_13029,298.70730618948187
OUT_13030,85.8149836615639
OUT_13031,313.1701368487413
OUT_13032,1009.883306193463
OUT_13033,108.208974905872
OUT_13034,110.0768244182804
OUT_13035,1051.0301232021225
OUT_13036,251.7698433079389
OUT_13037,212.44971659826297
OUT_13038,110.65063745912246
OUT_13039,327.3961309326162
OUT_13040,324.1024458126186
OUT_13041,101.92621366364658
OUT_13042,298.2441312604841
OUT_13043,99.20875739082892
OUT_13044,402.8306194473222
OUT_13045,134.75021059998465
OUT_13046,115.99993357273571
OUT_13047,248.07524007097837
OUT_13048,117.15931122000777
OUT_13049,192.79091068725296
OUT_13050,122.13297252324767
OUT_13051,188.80307114047838
OUT_13052,927.168926974826
OUT_13053,311.9434265644194
OUT_13054,202.05363736549697
OUT_13055,1115.251695754235
OUT_13056,232.27699375453275
OUT_13057,963.7993156728504
OUT_13058,174.9607114793995
OUT_13059,289.85486704297193
OUT_13060,203.92044384124952
OUT_13061,160.2337724681601
OUT_13062,298.32261047248676
OUT_13063,947.3294728449964
OUT_13064,109.8721222673255
OUT_13065,138.34767440053133
OUT_13066,326.1545804156103
OUT_13067,123.2897994543205
OUT_13068,515.2230359905723
OUT_13069,276.90664189944806
OUT_13070,180.05611243105938
OUT_13071,308.43024750933523
OUT_13072,938.3086190008928
OUT_13073,92.28154748312824
OUT_13074,131.93963725965557
OUT_13075,317.37501514091343
OUT_13076,329.48625685723016
OUT_13077,456.3109039620366
OUT_13078,156.525093844137
OUT_13079,200.95338145817362
OUT_13080,103.75936556876306
OUT_13081,109.76117602532352
OUT_13082,517.1323157951111
OUT_13083,116.43932867924418
OUT_13084,383.2828555468251
OUT_13085,108.28221284257964
OUT_13086,95.98186219272124
OUT_13087,116.39471515376688
OUT_13088,920.155625347511
OUT_13089,125.91964919165724
OUT_13090,241.94650800936563
OUT_13091,371.5146160792402
OUT_13092,427.4663200305441
OUT_13093,332.7885941196389
OUT_13094,143.55100777643352
OUT_13095,234.8411729348067
OUT_13096,367.75589900062687
OUT_13097,879.8998868526111
OUT_13098,323.2628200393601
OUT_13099,153.13768684287257
OUT_13100,108.0975045028269
OUT_13101,281.6158644619018
OUT_13102,263.69107461763224
OUT_13103,252.65865818562733
OUT_13104,314.17527980805204
OUT_13105,927.8989064196224
OUT_13106,89.51583766584649
OUT_13107,124.36317158721184
OUT_13108,196.89733206908093
OUT_13109,320.0021604891782
OUT_13110,110.65579404350146
OUT_13111,265.22603766403944
OUT_13112,136.7172842837288
OUT_13113,1251.3932898290182
OUT_13114,226.5598207529083
OUT_13115,289.71142178192247
OUT_13116,393.28092514841353
OUT_13117,117.44012042298526
OUT_13118,1210.5075946410325
OUT_13119,261.2191620642284
OUT_13120,335.58917565193155
OUT_13121,187.53244050314578
OUT_13122,100.39992319262976
OUT_13123,130.68151430681797
OUT_13124,79.08357247218424
OUT_13125,277.0499485474451
OUT_13126,112.79809459716364
OUT_13127,100.84469753057932
OUT_13128,930.3775393881456
OUT_13129,273.71937168210815
OUT_13130,426.4255048927205
OUT_13131,305.48890543659195
OUT_13132,107.02050890744991
OUT_13133,137.3145663211531
OUT_13134,231.6467771022101
OUT_13135,885.8947033268124
OUT_13136,96.90876274811708
OUT_13137,105.42561064151238
OUT_13138,92.502239647963
OUT_13139,581.4394489723196
OUT_13140,1093.7324368747952
OUT_13141,400.97010698021916
OUT_13142,397.5251045678125
OUT_13143,158.56879869340557
OUT_13144,948.467090972424
OUT_13145,138.3404294984613
OUT_13146,102.11318548688811
OUT_13147,249.35069371852538
OUT_13148,372.9287222182693
OUT_13149,950.5508254581862
OUT_13150,317.13332619477274
OUT_13151,372.004082741268
OUT_13152,299.35142142299617
OUT_13153,436.8232677410292
OUT_13154,230.16731590180783
OUT_13155,104.95628959743496
OUT_13156,251.8942018787624
OUT_13157,446.54892609762544
OUT_13158,926.413214897948
OUT_13159,171.126629932933
OUT_13160,301.02482784185986
OUT_13161,276.3971621842552
OUT_13162,397.4911174675028
OUT_13163,111.27975513169832
OUT_13164,322.03145795890157
OUT_13165,347.7666036546905
OUT_13166,121.067183799438
OUT_13167,472.406887514808
OUT_13168,929.5788304831656
OUT_13169,98.801579129082
OUT_13170,392.1322627847089
OUT_13171,298.32593475107615
OUT_13172,273.46911797288203
OUT_13173,896.9481472776018
OUT_13174,99.8015314477948
OUT_13175,95.0625844361125
OUT_13176,119.75575991560189
OUT_13177,414.028439234625
OUT_13178,189.77810096933962
OUT_13179,103.35065552367496
OUT_13180,284.66295003942616
OUT_13181,157.41163070105625
OUT_13182,126.60291866957347
OUT_13183,259.4438980567134
OUT_13184,346.1700835126089
OUT_13185,346.8495680605529
OUT_13186,267.7697570604691
OUT_13187,215.37833614307687
OUT_13188,399.3434492872193
OUT_13189,306.4199534466566
OUT_13190,118.1450665769578
OUT_13191,127.91793012907294
OUT_13192,86.13889446505645
OUT_13193,103.70056340737986
OUT_13194,373.5124602103157
OUT_13195,264.8321327036832
OUT_13196,251.0984479326414
OUT_13197,233.76008110142442
OUT_13198,319.78746045207413
OUT_13199,88.23109022152492
OUT_13200,347.52677875946347
OUT_13201,585.2858358368775
OUT_13202,307.94838314596393
OUT_13203,395.5021489129689
OUT_13204,94.30205497210332
OUT_13205,123.9991830511932
OUT_13206,927.3109372025864
OUT_13207,148.12518044519337
OUT_13208,228.9201909437366
OUT_13209,98.93718933306906
OUT_13210,322.96479877945524
OUT_13211,127.59057108662516
OUT_13212,283.9854357097596
OUT_13213,261.93248169495814
OUT_13214,324.8829850939755
OUT_13215,163.74970135033374
OUT_13216,319.6723636742891
OUT_13217,194.47223727553106
OUT_13218,280.78078572182824
OUT_13219,342.4120706178711
OUT_13220,962.1269336562816
OUT_13221,113.6620592087352
OUT_13222,145.8970858358892
OUT_13223,312.277751453336
OUT_13224,263.5901200775835
OUT_13225,467.8111755644122
OUT_13226,186.54479872371473
OUT_13227,420.09160032233035
OUT_13228,984.0629970431296
OUT_13229,152.81590306880514
OUT_13230,1188.5989199782944
OUT_13231,907.6883732234528
OUT_13232,1163.1441577725427
OUT_13233,211.75778192923838
OUT_13234,1108.065324644286
OUT_13235,367.8505853624763
OUT_13236,279.15983026683455
OUT_13237,1120.100913124013
OUT_13238,941.7042120974731
OUT_13239,185.5059211572514
OUT_13240,1075.7583250349126
OUT_13241,381.27806318705973
OUT_13242,236.10917510910676
OUT_13243,291.0326027478196
OUT_13244,139.52075897172006
OUT_13245,274.60114947182535
OUT_13246,250.81128061524143
OUT_13247,334.97287439205957
OUT_13248,259.00869576985554
OUT_13249,162.84828296843457
OUT_13250,134.77901046342956
OUT_13251,116.1878403587332
OUT_13252,899.7309340359361
OUT_13253,108.37206549208436
OUT_13254,1296.804462892835
OUT_13255,97.75147668045622
OUT_13256,947.4754272395342
OUT_13257,130.97876262381618
OUT_13258,378.78135291024205
OUT_13259,359.43731305947404
OUT_13260,114.42350788555493
OUT_13261,464.4887014996457
OUT_13262,294.20924932280286
OUT_13263,88.73514447490442
OUT_13264,287.50347351619143
OUT_13265,90.46205345653432
OUT_13266,1203.124587614196
OUT_13267,124.14341391787842
OUT_13268,321.74459567206475
OUT_13269,970.4929348019884
OUT_13270,959.0361012613488
OUT_13271,962.137170955754
OUT_13272,925.53437749553
OUT_13273,144.2377788793539
OUT_13274,108.02333372056486
OUT_13275,151.59238702998172
OUT_13276,147.7736168296339
OUT_13277,382.450574148209
OUT_13278,345.6296604103248
OUT_13279,333.67969819851953
OUT_13280,366.0832301651169
OUT_13281,827.2966109923608
OUT_13282,292.8395829845956
OUT_13283,193.78521653528088
OUT_13284,881.3571345355296
OUT_13285,961.2579234152804
OUT_13286,343.98014229518924
OUT_13287,118.91700626465868
OUT_13288,902.9264197075815
OUT_13289,974.5758640984724
OUT_13290,92.2452577919121
OUT_13291,111.79220907965913
OUT_13292,309.969556825618
OUT_13293,308.2194431301697
OUT_13294,281.2655256423277
OUT_13295,144.2067608346599
OUT_13296,1299.116848877723
OUT_13297,369.7702257554555
OUT_13298,308.9439843246563
OUT_13299,95.05255615725572
OUT_13300,111.12511765902022
OUT_13301,333.03845858507816
OUT_13302,288.7448773520939
OUT_13303,297.1415104581119
OUT_13304,123.85009293639516
OUT_13305,149.80808332318225
OUT_13306,134.6413412761829
OUT_13307,201.90082816745127
OUT_13308,94.21133432591694
OUT_13309,317.3947445610846
OUT_13310,429.95439801666146
OUT_13311,387.326115566987
OUT_13312,134.746804821179
OUT_13313,125.40204868967744
OUT_13314,1362.2529358825338
OUT_13315,116.94737215220968
OUT_13316,110.39115095365004
OUT_13317,169.7406952060911
OUT_13318,849.7537476342525
OUT_13319,987.003507800889
OUT_13320,963.2739761862512
OUT_13321,112.28008613473251
OUT_13322,142.71527318049323
OUT_13323,108.3666051107714
OUT_13324,317.58550954906354
OUT_13325,84.89148557461382
OUT_13326,122.20824782552992
OUT_13327,119.50237312777344
OUT_13328,119.77222338228174
OUT_13329,135.41471835238835
OUT_13330,96.51099608892665
OUT_13331,104.0043727050263
OUT_13332,126.59723532205861
OUT_13333,1218.0133669030436
OUT_13334,339.0897204675325
OUT_13335,1195.482947909592
OUT_13336,186.53538355821922
OUT_13337,102.17086762797959
OUT_13338,899.3302181212132
OUT_13339,1008.6927808594476
OUT_13340,129.1465211912572
OUT_13341,135.38620341247812
OUT_13342,301.34010928815474
OUT_13343,947.3509227055824
OUT_13344,104.817364775256
OUT_13345,157.8017662305342
OUT_13346,159.1331988404758
OUT_13347,1058.6541387840825
OUT_13348,170.09804425762084
OUT_13349,209.7579741663638
OUT_13350,901.0268585598424
OUT_13351,428.6219870206785
OUT_13352,303.37355008900425
OUT_13353,361.9696419756237
OUT_13354,313.6584191098974
OUT_13355,271.66103581868896
OUT_13356,120.94010816575204
OUT_13357,98.87935149764485
OUT_13358,250.8832941792887
OUT_13359,161.0349948299383
OUT_13360,256.2002915683631
OUT_13361,128.17986535040143
OUT_13362,84.7754829131319
OUT_13363,310.2113981337727
OUT_13364,360.4477659210714
OUT_13365,114.1504093268532
OUT_13366,332.47364884074705
OUT_13367,100.47751706375834
OUT_13368,333.2779909770363
OUT_13369,340.1759716903624
OUT_13370,1070.7121708424677
OUT_13371,95.15592495760195
OUT_13372,205.04734940993495
OUT_13373,123.47584362000136
OUT_13374,229.8848156549697
OUT_13375,83.43493081590785
OUT_13376,418.93802712358047
OUT_13377,421.62440589164225
OUT_13378,117.35926072067
OUT_13379,1200.5777024585193
OUT_13380,284.926299890035
OUT_13381,120.58718858992536
OUT_13382,376.1755581462345
OUT_13383,367.23895981189946
OUT_13384,290.795536832068
OUT_13385,319.17151847532006
OUT_13386,90.32254660077326
OUT_13387,286.7513308382913
OUT_13388,250.09232676179806
OUT_13389,251.5076214560264
OUT_13390,936.9569647975208
OUT_13391,355.45075057321344
OUT_13392,888.7032894962089
OUT_13393,114.87644476810198
OUT_13394,262.46986164229065
OUT_13395,951.5162647542865
OUT_13396,184.55704198516707
OUT_13397,263.17555686244305
OUT_13398,275.38611795528675
OUT_13399,127.0220407656319
OUT_13400,95.78877583852233
OUT_13401,218.39944764063628
OUT_13402,401.8464279586592
OUT_13403,1048.0038880542677
OUT_13404,434.69220961538724
OUT_13405,419.7216792566003
OUT_13406,304.17655921354697
OUT_13407,189.60512631659657
OUT_13408,225.31994716403293
OUT_13409,253.02616262209477
OUT_13410,1020.1127121700272
OUT_13411,327.76712824743583
OUT_13412,1180.764729086819
OUT_13413,304.14332254528784
OUT_13414,960.9740281735776
OUT_13415,204.36072936055496
OUT_13416,285.1165586125769
OUT_13417,959.8344732963368
OUT_13418,176.84279917940694
OUT_13419,103.15083408561075
OUT_13420,93.68033200906379
OUT_13421,382.6181852572795
OUT_13422,110.13886988228543
OUT_13423,124.84210724215497
OUT_13424,231.5787936826341
OUT_13425,90.82316697430402
OUT_13426,217.10774788779793
OUT_13427,169.94428105665736
OUT_13428,113.46991643553918
OUT_13429,102.95402646162748
OUT_13430,876.0815350067479
OUT_13431,103.40786826128924
OUT_13432,333.81599348079214
OUT_13433,161.2030263186357
OUT_13434,318.3482953998888
OUT_13435,107.18926309851636
OUT_13436,128.67515689455786
OUT_13437,394.18992991424227
OUT_13438,99.68018983943898
OUT_13439,335.39798998242406
OUT_13440,956.693033336436
OUT_13441,148.44695471991096
OUT_13442,880.3702203513038
OUT_13443,324.0830338928989
OUT_13444,96.26559902472395
OUT_13445,136.88151945786518
OUT_13446,927.7001960231246
OUT_13447,382.0298423787891
OUT_13448,910.7326314168632
OUT_13449,142.50623806773197
OUT_13450,277.06255883391566
OUT_13451,113.84123246697324
OUT_13452,123.93902354994698
OUT_13453,984.8139234082214
OUT_13454,393.88897964419425
OUT_13455,307.41638908150475
OUT_13456,293.0808286804887
OUT_13457,268.28643730377945
OUT_13458,906.0283729264218
OUT_13459,131.3046069728328
OUT_13460,332.8411045127963
OUT_13461,104.88656230193436
OUT_13462,369.1107696958079
OUT_13463,249.04486947962826
OUT_13464,360.19679985049584
OUT_13465,253.4041053523482
OUT_13466,99.75481017503608
OUT_13467,327.7760810640951
OUT_13468,1012.1759490229532
OUT_13469,932.7954648743272
OUT_13470,290.9065712586968
OUT_13471,209.13347373668654
OUT_13472,291.17025828634496
OUT_13473,223.86719400569572
OUT_13474,298.1398092461549
OUT_13475,121.03009994748628
OUT_13476,275.9956257334285
OUT_13477,974.1165191569086
OUT_13478,301.1569513358749
OUT_13479,30.731449675340663
OUT_13480,148.54197941165455
OUT_13481,1082.3027156573135
OUT_13482,270.87203133256946
OUT_13483,306.93997752446063
OUT_13484,327.2004831458236
OUT_13485,887.2139087278708
OUT_13486,306.5003014472676
OUT_13487,120.69267301975874
OUT_13488,270.1864186457529
OUT_13489,392.82970171971294
OUT_13490,435.8980769486934
OUT_13491,104.19143583468636
OUT_13492,117.95003303733154
OUT_13493,105.39477490055664
OUT_13494,175.45921449561467
OUT_13495,270.169809919209
OUT_13496,735.2234419404812
OUT_13497,143.8486243249167
OUT_13498,288.03089575716587
OUT_13499,413.0371768815447
OUT_13500,251.21443517838608
OUT_13501,290.89885673219595
OUT_13502,121.13473510391336
OUT_13503,160.12678191249393
OUT_13504,1003.1396940394304
OUT_13505,902.0110319246054
OUT_13506,984.1841759650634
OUT_13507,353.59215971936334
OUT_13508,495.0114772942941
OUT_13509,363.4774459505893
OUT_13510,145.08504299637136
OUT_13511,389.21185337334873
OUT_13512,378.7931141422338
OUT_13513,344.05212826176216
OUT_13514,1084.944738893132
OUT_13515,287.4903616081393
OUT_13516,928.7419418917584
OUT_13517,262.8514754219004
OUT_13518,84.72483329737109
OUT_13519,116.18155731102236
OUT_13520,846.5192539300796
OUT_13521,212.24047764125754
OUT_13522,913.025470422318
OUT_13523,400.212920520025
OUT_13524,370.49162546472655
OUT_13525,140.2722158254095
OUT_13526,952.4715097128924
OUT_13527,929.200038085486
OUT_13528,151.81626542768788
OUT_13529,273.2426334442432
OUT_13530,954.842965755078
OUT_13531,417.5082663445505
OUT_13532,135.4502790755049
OUT_13533,351.79445141956637
OUT_13534,1142.84114669287
OUT_13535,200.6310487931736
OUT_13536,940.067824544328
OUT_13537,413.4204585697869
OUT_13538,239.44506118132855
OUT_13539,319.9239887363976
OUT_13540,1087.2171803659767
OUT_13541,282.1051813563081
OUT_13542,309.94111664822003
OUT_13543,300.1032203804232
OUT_13544,250.3526636530859
OUT_13545,265.48589350300017
OUT_13546,298.40119222068347
OUT_13547,297.3796011765887
OUT_13548,133.54741521710466
OUT_13549,440.85265895459247
OUT_13550,105.35870598503904
OUT_13551,301.11784601004683
OUT_13552,354.06776259988817
OUT_13553,121.90587059081092
OUT_13554,361.1543911975724
OUT_13555,172.27697459707053
OUT_13556,952.4001672688622
OUT_13557,356.0585848231692
OUT_13558,302.15735498611934
OUT_13559,278.1223447450884
OUT_13560,1166.2390656824257
OUT_13561,141.086485740983
OUT_13562,831.7899488208061
OUT_13563,937.7461056887868
OUT_13564,137.59763321352895
OUT_13565,129.14430638180136
OUT_13566,153.43322932097175
OUT_13567,357.9571154986488
OUT_13568,355.0397667811053
OUT_13569,87.32178379609533
OUT_13570,155.19061012257004
OUT_13571,145.4644070085614
OUT_13572,107.57675161625971
OUT_13573,226.4379685421417
OUT_13574,946.848136336175
OUT_13575,949.6270446016376
OUT_13576,96.75769526066972
OUT_13577,109.31174383876038
OUT_13578,132.08827741275857
OUT_13579,946.1505607443082
OUT_13580,421.7499180820254
OUT_13581,184.23461290307688
OUT_13582,270.0309771948713
OUT_13583,302.03532660986343
OUT_13584,129.60261602623777
OUT_13585,372.5542303420209
OUT_13586,85.16013604431151
OUT_13587,166.76070694473668
OUT_13588,121.41035033829807
OUT_13589,235.59474650632137
OUT_13590,398.18347092386193
OUT_13591,77.5029452638301
OUT_13592,347.8779200814936
OUT_13593,317.50314176413474
OUT_13594,116.45535021858718
OUT_13595,934.0290874493096
OUT_13596,891.126017700037
OUT_13597,284.9668184125204
OUT_13598,406.35386843417064
OUT_13599,1299.2088711411673
OUT_13600,193.8624995945668
OUT_13601,165.97029888863904
OUT_13602,423.46469272538513
OUT_13603,837.1760366663127
OUT_13604,224.66019918794524
OUT_13605,340.8100571439626
OUT_13606,118.08734688865871
OUT_13607,354.0528045132089
OUT_13608,296.6864981144868
OUT_13609,129.45761276489165
OUT_13610,131.26709535245865
OUT_13611,920.0156948057746
OUT_13612,270.222408693965
OUT_13613,1191.624866948373
OUT_13614,421.2186897877484
OUT_13615,349.1229835101377
OUT_13616,133.59499408955833
OUT_13617,368.8954001423668
OUT_13618,1203.110768954047
OUT_13619,268.2677433818464
OUT_13620,1024.087630972059
OUT_13621,105.99870875204807
OUT_13622,382.4981526948145
OUT_13623,365.0843722404175
OUT_13624,272.5888789067399
OUT_13625,414.8729309834123
OUT_13626,422.5028444906018
OUT_13627,424.7415618612911
OUT_13628,97.8091713202424
OUT_13629,104.55365278356236
OUT_13630,100.19255031746248
OUT_13631,305.0767875026872
OUT_13632,416.86989516138215
OUT_13633,287.87015048349497
OUT_13634,960.5212719572328
OUT_13635,241.0532289021982
OUT_13636,119.3916475290942
OUT_13637,214.88951104838696
OUT_13638,380.53074410321847
OUT_13639,1152.2671408647536
OUT_13640,459.9371355535957
OUT_13641,333.2643146922782
OUT_13642,932.1314322019554
OUT_13643,176.5003764405176
OUT_13644,905.9908015532956
OUT_13645,891.2479188503429
OUT_13646,93.00031179192872
OUT_13647,1186.3954342751972
OUT_13648,1235.7934760160256
OUT_13649,951.9938287312256
OUT_13650,89.36458036428928
OUT_13651,344.8971801376955
OUT_13652,138.3236058933162
OUT_13653,156.85829868765495
OUT_13654,338.3183680444203
OUT_13655,98.36996546197848
OUT_13656,138.16919015404847
OUT_13657,294.5913700145874
OUT_13658,108.53467104175904
OUT_13659,155.44959615552847
OUT_13660,249.6666246147884
OUT_13661,101.73260214769408
OUT_13662,416.6477008878935
OUT_13663,269.29979354505684
OUT_13664,895.3400766463116
OUT_13665,1163.6908482441258
OUT_13666,127.18504075908037
OUT_13667,253.2627943503463
OUT_13668,281.4604382350633
OUT_13669,309.8521290084525
OUT_13670,858.8618226459563
OUT_13671,317.8039960228638
OUT_13672,416.2003056118057
OUT_13673,97.66725587002362
OUT_13674,259.5099801969369
OUT_13675,205.06332040624193
OUT_13676,112.70958812767276
OUT_13677,929.5404309323854
OUT_13678,980.938110674141
OUT_13679,85.85051638372919
OUT_13680,265.01636613608116
OUT_13681,145.7756924035123
OUT_13682,134.2746818789708
OUT_13683,348.5017541515487
OUT_13684,293.0798099173734
OUT_13685,97.22088076829466
OUT_13686,132.86030190191036
OUT_13687,372.81743230125073
OUT_13688,265.6013584864645
OUT_13689,135.7383054583496
OUT_13690,152.46372838884682
OUT_13691,389.4623744299647
OUT_13692,194.79703617024498
OUT_13693,276.741492800607
OUT_13694,1194.131126564049
OUT_13695,300.9908610440723
OUT_13696,286.76982830728286
OUT_13697,298.2948126782692
OUT_13698,306.51353569019017
OUT_13699,333.6667325039605
OUT_13700,118.105183521323
OUT_13701,297.74379678679736
OUT_13702,372.1172530354273
OUT_13703,96.65898964180045
OUT_13704,103.75340839642678
OUT_13705,144.3836079314627
OUT_13706,168.3117880313232
OUT_13707,111.02321907205601
OUT_13708,226.25698622878778
OUT_13709,261.03668573301536
OUT_13710,120.22404768393244
OUT_13711,126.7816470213854
OUT_13712,383.99672762821206
OUT_13713,197.22052347630097
OUT_13714,124.38217421633192
OUT_13715,957.0325359558886
OUT_13716,976.927726848014
OUT_13717,303.7410927645107
OUT_13718,885.9388967634935
OUT_13719,332.3987396263463
OUT_13720,114.09611946534886
OUT_13721,275.5979805494655
OUT_13722,324.2981009154635
OUT_13723,364.3071216802165
OUT_13724,186.18525756614088
OUT_13725,228.1985741559783
OUT_13726,298.01495640376834
OUT_13727,317.19169708582916
OUT_13728,198.43633107983322
OUT_13729,107.58747748688177
OUT_13730,365.48058995501833
OUT_13731,259.21144830943615
OUT_13732,255.86384372731428
OUT_13733,253.04882948526608
OUT_13734,974.8069158287186
OUT_13735,77.4069462820183
OUT_13736,885.5090806891242
OUT_13737,959.5757964726106
OUT_13738,199.7478545957532
OUT_13739,266.34955909808
OUT_13740,116.96376247209054
OUT_13741,93.51628462521064
OUT_13742,914.5346459964396
OUT_13743,291.00400345265643
OUT_13744,124.7241616934272
OUT_13745,147.24303680701647
OUT_13746,99.16911414393869
OUT_13747,286.3664464494084
OUT_13748,92.41064355407046
OUT_13749,115.44498862568896
OUT_13750,496.1383116018284
OUT_13751,126.47117402122046
OUT_13752,249.16110557574737
OUT_13753,1234.1364938227157
OUT_13754,274.28634733791455
OUT_13755,337.96778727668783
OUT_13756,255.19745222715093
OUT_13757,866.9332160040286
OUT_13758,932.2186722111938
OUT_13759,471.12404023255397
OUT_13760,449.52833603016234
OUT_13761,962.5839354678338
OUT_13762,970.9120438140932
OUT_13763,903.7547794979022
OUT_13764,94.3909563954468
OUT_13765,80.74427775555712
OUT_13766,119.28540839525567
OUT_13767,266.8495741830708
OUT_13768,262.6995185165159
OUT_13769,146.4055472406714
OUT_13770,218.51880352817543
OUT_13771,228.44362848394948
OUT_13772,96.1111899408866
OUT_13773,302.686208392904
OUT_13774,112.9158578512284
OUT_13775,317.8546550717854
OUT_13776,387.21515956590486
OUT_13777,337.172370763657
OUT_13778,112.5154861952811
OUT_13779,115.70144285386195
OUT_13780,893.1096447330086
OUT_13781,270.6332603811635
OUT_13782,118.45759614737226
OUT_13783,109.44085213738146
OUT_13784,123.01978171882972
OUT_13785,121.93138100804651
OUT_13786,422.27825222594015
OUT_13787,127.48919155751074
OUT_13788,176.3088663639581
OUT_13789,320.48712579613385
OUT_13790,387.83199294717133
OUT_13791,950.063829849488
OUT_13792,78.75375928891194
OUT_13793,366.93025286764635
OUT_13794,474.55215927811025
OUT_13795,140.34578519489867
OUT_13796,330.83119575873604
OUT_13797,94.40285337221336
OUT_13798,135.37844063697835
OUT_13799,235.77237416454548
OUT_13800,913.9888913414744
OUT_13801,1185.972080263175
OUT_13802,927.154352603717
OUT_13803,117.26276651940964
OUT_13804,107.063374613788
OUT_13805,229.85561722722096
OUT_13806,332.4659475912481
OUT_13807,390.60008815586434
OUT_13808,1346.658953566292
OUT_13809,137.67381839819825
OUT_13810,295.86044359902417
OUT_13811,454.76298963761303
OUT_13812,940.9957702764603
OUT_13813,1202.090141688756
OUT_13814,131.24781664166147
OUT_13815,898.6579201350834
OUT_13816,327.8437002249552
OUT_13817,215.51297859873867
OUT_13818,302.5619121706025
OUT_13819,441.7153800476066
OUT_13820,85.21946901224308
OUT_13821,932.2872790709677
OUT_13822,95.3405878367474
OUT_13823,284.51580933489765
OUT_13824,454.52393506564624
OUT_13825,109.0591586421331
OUT_13826,272.88562822349746
OUT_13827,305.9775344072009
OUT_13828,1216.6492438193895
OUT_13829,296.2118089564986
OUT_13830,133.58405089124966
OUT_13831,425.3549554733738
OUT_13832,169.22560899741964
OUT_13833,394.843274797906
OUT_13834,314.314180597892
OUT_13835,237.4616182749473
OUT_13836,81.90048552038121
OUT_13837,125.53393733189915
OUT_13838,90.61822458471168
OUT_13839,316.08752441211607
OUT_13840,340.1794437927599
OUT_13841,153.49791686798994
OUT_13842,347.12951504697656
OUT_13843,375.8626059050956
OUT_13844,182.57637188900435
OUT_13845,95.87294096720136
OUT_13846,224.39042906573673
OUT_13847,320.66212350018213
OUT_13848,223.06155261760583
OUT_13849,92.3319686426636
OUT_13850,253.77042670447278
OUT_13851,931.5466368753848
OUT_13852,362.0812126149716
OUT_13853,149.17707882578492
OUT_13854,265.7250346569285
OUT_13855,117.19265752131801
OUT_13856,254.69939029716838
OUT_13857,987.4378641915226
OUT_13858,901.8317203019624
OUT_13859,130.9164760516575
OUT_13860,112.99286458444243
OUT_13861,126.42245985117384
OUT_13862,147.4167023097614
OUT_13863,125.28532304334206
OUT_13864,266.1942827762061
OUT_13865,109.15929769281074
OUT_13866,169.50811620965644
OUT_13867,126.03229954138963
OUT_13868,124.72785754173667
OUT_13869,217.65688624390233
OUT_13870,78.41848571702715
OUT_13871,297.7876163648271
OUT_13872,432.15111731561785
OUT_13873,284.863991275784
OUT_13874,90.37128594456738
OUT_13875,888.6358513244261
OUT_13876,443.30402913796127
OUT_13877,890.4684807114437
OUT_13878,311.70885057251326
OUT_13879,288.7263640579561
OUT_13880,1201.3771291092355
OUT_13881,255.60500069312252
OUT_13882,254.37641684300465
OUT_13883,1206.5375276620132
OUT_13884,930.2814108693752
OUT_13885,245.05487199453896
OUT_13886,165.40897006670707
OUT_13887,93.97480182749138
OUT_13888,251.48953416757456
OUT_13889,134.57895693271178
OUT_13890,242.75778909578224
OUT_13891,306.7728462744351
OUT_13892,263.3706196286716
OUT_13893,147.20317897552746
OUT_13894,348.1451346353913
OUT_13895,120.77860473082518
OUT_13896,441.649206730891
OUT_13897,297.4712694496811
OUT_13898,229.22909645278517
OUT_13899,318.8081182304595
OUT_13900,253.3468548863749
OUT_13901,141.70409659112957
OUT_13902,294.1980480366931
OUT_13903,228.37266203871803
OUT_13904,862.1344939864873
OUT_13905,1178.0896963750893
OUT_13906,343.13947106329573
OUT_13907,375.6264803310586
OUT_13908,1172.4850496315617
OUT_13909,339.50783810235197
OUT_13910,144.7047995995706
OUT_13911,105.32559365746228
OUT_13912,883.2809885243371
OUT_13913,299.153607848461
OUT_13914,452.40652649869
OUT_13915,416.70932707833265
OUT_13916,294.09668717682683
OUT_13917,320.457108563829
OUT_13918,243.88137500219847
OUT_13919,363.22348058705495
OUT_13920,202.94782590651312
OUT_13921,1155.234744934011
OUT_13922,166.1023573703986
OUT_13923,267.0908241677887
OUT_13924,237.8554722506208
OUT_13925,866.2340801658386
OUT_13926,310.878469801278
OUT_13927,138.26523893672623
OUT_13928,101.9380161444363
OUT_13929,82.08315319119136
OUT_13930,175.75525640370836
OUT_13931,338.6369321592308
OUT_13932,392.2912198713618
OUT_13933,368.5432292306406
OUT_13934,260.0739079344402
OUT_13935,303.236792682244
OUT_13936,322.9054636550519
OUT_13937,988.8502599627112
OUT_13938,367.90796219067636
OUT_13939,120.63402971401987
OUT_13940,413.74228051327987
OUT_13941,100.66594215383398
OUT_13942,124.4250371335606
OUT_13943,937.039285391757
OUT_13944,919.015481027637
OUT_13945,117.5487266502469
OUT_13946,341.37529487400406
OUT_13947,363.5900958179984
OUT_13948,194.24125354353006
OUT_13949,127.55462177439027
OUT_13950,915.8854350666566
OUT_13951,355.23209792486534
OUT_13952,340.6946022701853
OUT_13953,275.9008688020418
OUT_13954,1168.129848545176
OUT_13955,209.21614710791263
OUT_13956,914.989737964734
OUT_13957,244.48547876583797
OUT_13958,308.1841580061337
OUT_13959,311.2501585004686
OUT_13960,132.28333823537554
OUT_13961,320.64764275670143
OUT_13962,194.369283407143
OUT_13963,923.3288913039902
OUT_13964,114.3915474332185
OUT_13965,364.5231629307527
OUT_13966,134.59451961453777
OUT_13967,89.4211600276388
OUT_13968,151.01648088803606
OUT_13969,408.8080777569139
OUT_13970,1026.4089678107632
OUT_13971,135.29319245010652
OUT_13972,892.6986648005867
OUT_13973,288.64315959037833
OUT_13974,380.3247345459341
OUT_13975,821.8707008621624
OUT_13976,168.91748457862627
OUT_13977,940.2849461068506
OUT_13978,438.87784901138355
OUT_13979,280.42770234268494
OUT_13980,310.98096788749166
OUT_13981,1197.26530149653
OUT_13982,1280.4999926579276
OUT_13983,131.78084313270233
OUT_13984,147.7757577509944
OUT_13985,226.52714841907542
OUT_13986,1148.9756772115502
OUT_13987,163.36929940389595
OUT_13988,372.3328818347336
OUT_13989,276.6255972239071
OUT_13990,136.75405056284575
OUT_13991,245.2438881866211
OUT_13992,976.1521103951018
OUT_13993,89.24173481554831
OUT_13994,285.6267635895872
OUT_13995,156.00676454160055
OUT_13996,1214.5837468750806
OUT_13997,126.76644359608781
OUT_13998,1241.79069940465
OUT_13999,84.93682831189497
OUT_14000,105.8015117929952
OUT_14001,98.3127403052332
OUT_14002,140.478259149189
OUT_14003,93.82853951533949
OUT_14004,181.954071524614
OUT_14005,401.2798651652371
OUT_14006,126.57919618134409
OUT_14007,309.4426941652083
OUT_14008,289.5992688370634
OUT_14009,374.4519883970769
OUT_14010,94.8958731539785
OUT_14011,420.18072883172454
OUT_14012,111.53439936218192
OUT_14013,99.15080769420334
OUT_14014,1012.2833247164284
OUT_14015,919.3150752303176
OUT_14016,182.3801663270812
OUT_14017,334.12100450785204
OUT_14018,215.2916493863902
OUT_14019,274.44601336988717
OUT_14020,97.33564479979924
OUT_14021,256.59375530317857
OUT_14022,151.8182886527114
OUT_14023,1290.9992528689563
OUT_14024,942.7284161095224
OUT_14025,1008.5658082851272
OUT_14026,105.8097493000365
OUT_14027,139.75882996691666
OUT_14028,225.93742351056497
OUT_14029,991.3507233554474
OUT_14030,883.680092085078
OUT_14031,327.58287805580494
OUT_14032,869.2152530865254
OUT_14033,915.3211313400426
OUT_14034,1088.3356917919702
OUT_14035,207.36739388686522
OUT_14036,916.5944652563072
OUT_14037,859.1580461635732
OUT_14038,115.84067334542806
OUT_14039,360.8624414272589
OUT_14040,325.4280426256105
OUT_14041,281.8729295348513
OUT_14042,258.70172695678104
OUT_14043,278.7138849843764
OUT_14044,206.5196721940839
OUT_14045,227.13863055165777
OUT_14046,244.50531932235643
OUT_14047,336.9460239210033
OUT_14048,254.38116705181298
OUT_14049,125.67624850061394
OUT_14050,1218.7103842893005
OUT_14051,268.3673257172453
OUT_14052,142.88169878354833
OUT_14053,96.9784409505877
OUT_14054,106.12129704034705
OUT_14055,82.51160219208887
OUT_14056,247.1453351264188
OUT_14057,923.749986030285
OUT_14058,313.3107953413211
OUT_14059,143.5059004184764
OUT_14060,371.34389981119614
OUT_14061,233.941629973332
OUT_14062,932.7651374516072
OUT_14063,1090.541793316581
OUT_14064,232.2446241016336
OUT_14065,838.7410562318387
OUT_14066,146.07302125315974
OUT_14067,261.17594046812764
OUT_14068,314.0823310782918
OUT_14069,303.71589291276723
OUT_14070,265.8598058029391
OUT_14071,348.45783524208264
OUT_14072,268.5398268255776
OUT_14073,183.73945749952492
OUT_14074,806.2750032528271
OUT_14075,348.4010700737854
OUT_14076,925.0491703238716
OUT_14077,404.8664375123566
OUT_14078,308.2765348497447
OUT_14079,106.55009274717182
OUT_14080,264.2721273184312
OUT_14081,108.2054880521631
OUT_14082,889.3966263361992
OUT_14083,374.8779708925149
OUT_14084,97.4176125595188
OUT_14085,279.8155531976122
OUT_14086,895.2402585376641
OUT_14087,92.29325980461331
OUT_14088,390.61530741830813
OUT_14089,965.300263579985
OUT_14090,980.1252800943004
OUT_14091,347.2603322927878
OUT_14092,109.45875412265602
OUT_14093,1197.6897112371469
OUT_14094,380.029484256748
OUT_14095,353.59404401221553
OUT_14096,119.38315218185556
OUT_14097,147.28494737646088
OUT_14098,333.91908081671744
OUT_14099,433.0703139301628
OUT_14100,138.70199141122464
OUT_14101,260.8189811640477
OUT_14102,288.997692992357
OUT_14103,99.9501312883708
OUT_14104,124.56081510177998
OUT_14105,99.61523047025074
OUT_14106,455.9664794867134
OUT_14107,128.7213613886617
OUT_14108,209.2797617429722
OUT_14109,931.7896650966766
OUT_14110,297.9520331848697
OUT_14111,896.5716401708701
OUT_14112,140.93728906075347
OUT_14113,99.4574513202738
OUT_14114,913.5537418341912
OUT_14115,141.3757224736601
OUT_14116,119.40422766856315
OUT_14117,322.31239558694966
OUT_14118,1161.724195654857
OUT_14119,270.7292633145188
OUT_14120,236.99277711961116
OUT_14121,148.18372532078357
OUT_14122,128.10512091906807
OUT_14123,104.2716566826829
OUT_14124,97.45584043607415
OUT_14125,141.5731145022895
OUT_14126,295.6492458098113
OUT_14127,908.065631136505
OUT_14128,94.81570194016052
OUT_14129,307.9561958104447
OUT_14130,230.93016284043654
OUT_14131,873.9027160780081
OUT_14132,466.8016750937551
OUT_14133,912.0527460047496
OUT_14134,134.9604256986172
OUT_14135,319.9989181845489
OUT_14136,207.2572999458345
OUT_14137,96.65673062353872
OUT_14138,222.89342994751033
OUT_14139,1094.3544588982954
OUT_14140,104.55963368242419
OUT_14141,124.33744494622108
OUT_14142,321.6829702275355
OUT_14143,107.55037031051889
OUT_14144,354.7788582413481
OUT_14145,258.6283166932002
OUT_14146,339.14770452965263
OUT_14147,329.4497052402674
OUT_14148,108.2377728296887
OUT_14149,254.8324756248826
OUT_14150,153.57890810200132
OUT_14151,316.21528469612855
OUT_14152,391.42554693714885
OUT_14153,97.17353923189708
OUT_14154,245.2571600889925
OUT_14155,111.35827301850372
OUT_14156,341.05489149945333
OUT_14157,325.8026477472432
OUT_14158,451.24354200027744
OUT_14159,340.0406467158175
OUT_14160,99.83944953060768
OUT_14161,412.9222867983218
OUT_14162,314.24176710540723
OUT_14163,123.56755339896765
OUT_14164,335.46114429226776
OUT_14165,285.4037816670675
OUT_14166,269.6124861274414
OUT_14167,127.2244982315275
OUT_14168,161.92118562833878
OUT_14169,271.2344739437595
OUT_14170,388.2116632141709
OUT_14171,214.62987265098425
OUT_14172,344.3441497387259
OUT_14173,316.609005011044
OUT_14174,122.50251912984268
OUT_14175,898.811741833803
OUT_14176,201.6205731513309
OUT_14177,243.87922315279357
OUT_14178,175.80249223580688
OUT_14179,321.36917824575266
OUT_14180,129.30789770612722
OUT_14181,137.0337411223369
OUT_14182,437.8310559164519
OUT_14183,389.3352071716264
OUT_14184,236.6288388563377
OUT_14185,191.0324965685612
OUT_14186,937.104035106462
OUT_14187,126.10009644459107
OUT_14188,100.92047597280086
OUT_14189,229.8686966071384
OUT_14190,126.77348105256468
OUT_14191,977.1893161038964
OUT_14192,895.5898624585197
OUT_14193,237.1802068036039
OUT_14194,248.18702799565563
OUT_14195,919.0861706189672
OUT_14196,91.98933384201396
OUT_14197,840.9783739319869
OUT_14198,129.64565957686787
OUT_14199,338.0023105687955
OUT_14200,1213.730096080939
OUT_14201,239.79158751064242
OUT_14202,95.91102682356312
OUT_14203,286.0201526121601
OUT_14204,122.36981197836516
OUT_14205,316.584696459164
OUT_14206,161.69623077384338
OUT_14207,261.3311685267789
OUT_14208,1170.964233025473
OUT_14209,393.0015875730662
OUT_14210,461.4111370658326
OUT_14211,153.62339152010503
OUT_14212,378.19415203942515
OUT_14213,108.4409116448714
OUT_14214,162.7757683744474
OUT_14215,317.1067885049261
OUT_14216,192.9151814159651
OUT_14217,1085.4276766974092
OUT_14218,255.86912762385842
OUT_14219,133.88817730932766
OUT_14220,141.702393792458
OUT_14221,259.11789395260297
OUT_14222,1206.7616884211088
OUT_14223,97.54723139731354
OUT_14224,298.2826970494542
OUT_14225,885.791400404493
OUT_14226,877.0605953855909
OUT_14227,186.42983778833982
OUT_14228,353.6370132035145
OUT_14229,387.7025426908757
OUT_14230,331.6220502892372
OUT_14231,957.5205115758492
OUT_14232,93.7111913343109
OUT_14233,299.50719566272073
OUT_14234,103.12652856116782
OUT_14235,88.4608406401412
OUT_14236,313.99844294086313
OUT_14237,300.55087817545484
OUT_14238,302.1933353785392
OUT_14239,155.1225040376549
OUT_14240,1216.0423442938777
OUT_14241,954.1760212967696
OUT_14242,853.2877308924044
OUT_14243,291.69939649129134
OUT_14244,112.41317517653732
OUT_14245,110.33588371467268
OUT_14246,289.6536947880667
OUT_14247,260.51798989366245
OUT_14248,274.8826852385573
OUT_14249,371.59870233760194
OUT_14250,406.62301476090875
OUT_14251,953.350868359436
OUT_14252,410.49594184400894
OUT_14253,243.05048276640645
OUT_14254,385.3546532052802
OUT_14255,91.34666195634054
OUT_14256,103.1842950086253
OUT_14257,383.96782797449407
OUT_14258,266.5721762931922
OUT_14259,114.1848284913834
OUT_14260,342.71294272023067
OUT_14261,129.8182956095677
OUT_14262,857.6419357318947
OUT_14263,374.6561814927593
OUT_14264,294.3383203163585
OUT_14265,296.86560968634643
OUT_14266,297.0134387129941
OUT_14267,244.93275539655303
OUT_14268,315.6007260247157
OUT_14269,326.3378638468298
OUT_14270,121.98911268355626
OUT_14271,386.71285395497443
OUT_14272,328.7025884143712
OUT_14273,429.11267236940046
OUT_14274,1143.2703727486933
OUT_14275,308.4096927865051
OUT_14276,230.74323287163764
OUT_14277,294.35776758482774
OUT_14278,154.2761823971118
OUT_14279,121.39982979060996
OUT_14280,936.5100425459602
OUT_14281,1099.9185058059538
OUT_14282,937.2776385685444
OUT_14283,382.71493008975176
OUT_14284,122.49614212633739
OUT_14285,114.12945209854078
OUT_14286,113.91434392905036
OUT_14287,411.4351297601486
OUT_14288,299.29984340772035
OUT_14289,215.60036200528376
OUT_14290,316.1990945910453
OUT_14291,317.5006000240219
OUT_14292,970.1685870157824
OUT_14293,155.31066832527836
OUT_14294,1164.1974501551515
OUT_14295,196.24065449139295
OUT_14296,221.99586118365283
OUT_14297,741.4695774237389
OUT_14298,255.95774119745116
OUT_14299,353.8007035097068
OUT_14300,856.9462619047978
OUT_14301,118.82717639125987
OUT_14302,107.51954528907252
OUT_14303,256.20771851330437
OUT_14304,133.17305904438126
OUT_14305,965.070577526204
OUT_14306,115.30962048877292
OUT_14307,316.75541750430943
OUT_14308,127.643742924055
OUT_14309,109.02820481789298
OUT_14310,419.78490643879513
OUT_14311,91.82667456815513
OUT_14312,120.34981625719324
OUT_14313,97.88723497688991
OUT_14314,364.27888720404974
OUT_14315,316.1746865447956
OUT_14316,447.2089016451562
OUT_14317,249.84752262329718
OUT_14318,954.178629313664
OUT_14319,352.0410775591412
OUT_14320,188.48470540705546
OUT_14321,139.2748660590604
OUT_14322,333.6984772632892
OUT_14323,892.6950282291042
OUT_14324,244.4156370845033
OUT_14325,119.74902415575126
OUT_14326,453.26665045257846
OUT_14327,111.23952296949408
OUT_14328,869.583522588827
OUT_14329,95.03517605546828
OUT_14330,124.75268070194437
OUT_14331,128.41364928186255
OUT_14332,323.75788845652943
OUT_14333,128.05038117211544
OUT_14334,917.289996715121
OUT_14335,211.59023036079316
OUT_14336,924.3890687275544
OUT_14337,1084.1576219397905
OUT_14338,315.1083126270772
OUT_14339,128.91317701571123
OUT_14340,456.24022547455513
OUT_14341,423.3128665982216
OUT_14342,274.48699521016783
OUT_14343,295.45571820825575
OUT_14344,85.59954904389372
OUT_14345,314.1035628942211
OUT_14346,953.6890269081892
OUT_14347,279.52922337426594
OUT_14348,217.49420280988517
OUT_14349,359.1154015551652
OUT_14350,947.0836142421732
OUT_14351,952.5295635680724
OUT_14352,902.122723761162
OUT_14353,116.64724645638276
OUT_14354,147.26226697641692
OUT_14355,926.7171021536524
OUT_14356,490.4487416678178
OUT_14357,982.9844023728735
OUT_14358,297.69773867012304
OUT_14359,916.2846082621533
OUT_14360,86.41573750613375
OUT_14361,928.0709969799832
OUT_14362,407.4403621864907
OUT_14363,400.2931168648039
OUT_14364,856.31376404843
OUT_14365,351.3068666311674
OUT_14366,187.7418772856052
OUT_14367,1162.761805485492
OUT_14368,284.4536213617811
OUT_14369,348.70817105128435
OUT_14370,359.4220726903476
OUT_14371,219.53042476295025
OUT_14372,227.4896591108839
OUT_14373,940.2865361503284
OUT_14374,899.1058136700323
OUT_14375,287.18577510320017
OUT_14376,886.2801115066495
OUT_14377,298.20391260122017
OUT_14378,131.2604620650137
OUT_14379,321.6458156294995
OUT_14380,351.2877796830925
OUT_14381,460.8343719735532
OUT_14382,121.02339389076047
OUT_14383,385.53051152077035
OUT_14384,885.5724105997427
OUT_14385,148.65620425337212
OUT_14386,324.7630872669146
OUT_14387,424.9014531516759
OUT_14388,315.54205641338297
OUT_14389,293.9559961021601
OUT_14390,347.0630171833346
OUT_14391,964.3651331988472
OUT_14392,219.71029618965676
OUT_14393,375.08777342869564
OUT_14394,271.82369331783565
OUT_14395,127.34792239895776
OUT_14396,439.91186352952104
OUT_14397,238.7534431583493
OUT_14398,284.1397067345415
OUT_14399,256.34920963371746
OUT_14400,227.41757323501207
OUT_14401,367.7604078719081
OUT_14402,125.16025421290048
OUT_14403,315.1622635041377
OUT_14404,82.95091981708862
OUT_14405,293.7859085180153
OUT_14406,92.72357394743996
OUT_14407,125.48944080852439
OUT_14408,369.863665193767
OUT_14409,235.82465331687496
OUT_14410,171.92530308295144
OUT_14411,89.66259680852046
OUT_14412,130.6458311268039
OUT_14413,144.2315794203795
OUT_14414,350.47009261819727
OUT_14415,996.3059275127792
OUT_14416,88.65386191695168
OUT_14417,320.6666971678194
OUT_14418,108.63445173302529
OUT_14419,108.4607548518646
OUT_14420,127.4787513021805
OUT_14421,204.2608921558876
OUT_14422,136.84629519088435
OUT_14423,741.3479253694104
OUT_14424,189.3311277578157
OUT_14425,164.46395025087082
OUT_14426,267.51062398316424
OUT_14427,89.47502824528371
OUT_14428,133.5146718530448
OUT_14429,892.6712302464574
OUT_14430,310.4589978411443
OUT_14431,110.17876519393364
OUT_14432,136.12043117879148
OUT_14433,888.3687829850968
OUT_14434,144.52697111264703
OUT_14435,282.8385303821617
OUT_14436,1192.2779046710418
OUT_14437,188.35096050988545
OUT_14438,975.5329221371554
OUT_14439,128.74129122853898
OUT_14440,324.568137302748
OUT_14441,955.0610837890248
OUT_14442,973.4631847170762
OUT_14443,363.24662863748586
OUT_14444,422.4430063349621
OUT_14445,168.401257458541
OUT_14446,364.12310584031616
OUT_14447,98.49038466721186
OUT_14448,134.42602809558747
OUT_14449,93.13165465129372
OUT_14450,885.0374658919392
OUT_14451,344.73761120948427
OUT_14452,245.5787686774036
OUT_14453,1276.4549944350983
OUT_14454,366.28396095082337
OUT_14455,229.98312439671625
OUT_14456,273.80733863738715
OUT_14457,364.58423271987556
OUT_14458,433.2290727941174
OUT_14459,353.52688336009237
OUT_14460,138.7466758855181
OUT_14461,302.9886886839272
OUT_14462,258.1699281036075
OUT_14463,222.95591096871522
OUT_14464,284.3698318019191
OUT_14465,116.41582298402838
OUT_14466,142.5406119468167
OUT_14467,940.7788480527998
OUT_14468,1185.2419728932005
OUT_14469,336.0807690590356
OUT_14470,361.0235166235699
OUT_14471,402.72582858785233
OUT_14472,399.7852447837756
OUT_14473,128.98377050684428
OUT_14474,155.53018721143874
OUT_14475,338.69893032313547
OUT_14476,864.9469176387549
OUT_14477,472.23908438858405
OUT_14478,175.50266016930556
OUT_14479,351.84190862896213
OUT_14480,227.5378992352912
OUT_14481,108.79907721431368
OUT_14482,968.8805492948387
OUT_14483,332.8867631192714
OUT_14484,227.4329817301618
OUT_14485,924.0194890910118
OUT_14486,152.0473888290881
OUT_14487,109.90690895434902
OUT_14488,406.2176726263913
OUT_14489,287.46886285010555
OUT_14490,240.2704002959037
OUT_14491,95.83503835489086
OUT_14492,119.87130869974884
OUT_14493,1086.172512817232
OUT_14494,394.45721639940837
OUT_14495,284.6159012686337
OUT_14496,180.64250389999137
OUT_14497,246.86042503132498
OUT_14498,96.92810372008688
OUT_14499,106.68300607431986
OUT_14500,239.14012863751012
OUT_14501,131.80973231120132
OUT_14502,873.3132108250915
OUT_14503,123.07088215532472
OUT_14504,98.11204343841788
OUT_14505,971.8140566813062
OUT_14506,203.0321546735846
OUT_14507,427.14477507507763
OUT_14508,1082.392373195995
OUT_14509,158.31111850945487
OUT_14510,386.1920597928588
OUT_14511,189.70681513002643
OUT_14512,217.8461643076413
OUT_14513,945.7564637039223
OUT_14514,1177.5821134131247
OUT_14515,281.5679962924025
OUT_14516,320.2166267523372
OUT_14517,97.58139468028308
OUT_14518,286.94270457049566
OUT_14519,1004.911796190494
OUT_14520,308.95057387482984
OUT_14521,316.8513503758064
OUT_14522,285.7980942281196
OUT_14523,269.0172798152555
OUT_14524,856.987117353432
OUT_14525,1077.2612986134907
OUT_14526,904.9636320123152
OUT_14527,84.57222724267777
OUT_14528,151.7694188936803
OUT_14529,306.0999191200969
OUT_14530,251.48051454565487
OUT_14531,315.2904080439593
OUT_14532,106.71339020519322
OUT_14533,141.14152089804253
OUT_14534,301.0703828638829
OUT_14535,333.0875152323538
OUT_14536,963.1487870281434
OUT_14537,409.8998240965261
OUT_14538,461.63824803953275
OUT_14539,111.70203471438718
OUT_14540,366.9898629347706
OUT_14541,361.36026904062396
OUT_14542,163.37330503094935
OUT_14543,136.13382264432576
OUT_14544,106.36409708941255
OUT_14545,97.45580945616427
OUT_14546,207.78745073874882
OUT_14547,1211.853979384198
OUT_14548,204.5869048376346
OUT_14549,104.66500876625076
OUT_14550,127.85880653086237
OUT_14551,1073.5409882644315
OUT_14552,128.71056922839685
OUT_14553,897.8813098374318
OUT_14554,297.39574883060163
OUT_14555,317.9462908972969
OUT_14556,917.710042207578
OUT_14557,459.0637158776502
OUT_14558,874.6794820620844
OUT_14559,272.1616674253425
OUT_14560,137.58761836347804
OUT_14561,316.3899020186845
OUT_14562,335.7760881507984
OUT_14563,105.83702312433148
OUT_14564,307.87310997150615
OUT_14565,405.136547385158
OUT_14566,969.0532869110912
OUT_14567,291.39727317689733
OUT_14568,379.2029713275627
OUT_14569,105.35607673913108
OUT_14570,446.4582394521965
OUT_14571,343.992605321165
OUT_14572,247.554883925926
OUT_14573,345.6634892612364
OUT_14574,101.73526177341924
OUT_14575,321.09494554237915
OUT_14576,415.87573771660493
OUT_14577,1004.4648771817205
OUT_14578,122.10795864031284
OUT_14579,300.92591459296546
OUT_14580,319.9884722555818
OUT_14581,392.4712983590422
OUT_14582,118.71010929776206
OUT_14583,136.09826577133185
OUT_14584,939.69500656151
OUT_14585,136.43983254561155
OUT_14586,1057.3081905951049
OUT_14587,102.59243806366922
OUT_14588,820.2122767679683
OUT_14589,317.09726581808184
OUT_14590,370.43933959100286
OUT_14591,194.63467104193063
OUT_14592,100.336821569846
OUT_14593,227.20784909695863
OUT_14594,306.6267086205409
OUT_14595,381.0584300939455
OUT_14596,120.23463473405305
OUT_14597,76.4162342235039
OUT_14598,133.64300455905038
OUT_14599,228.16308749453168
OUT_14600,969.5203027856064
OUT_14601,865.4188521565751
OUT_14602,1136.173177907512
OUT_14603,305.5892349384029
OUT_14604,236.1742503351575
OUT_14605,189.1446910707
OUT_14606,465.08586018273536
OUT_14607,264.77073120286985
OUT_14608,1067.574833372635
OUT_14609,111.85073857103156
OUT_14610,139.64776726979193
OUT_14611,469.1922148169415
OUT_14612,970.538095384704
OUT_14613,287.14745626295814
OUT_14614,292.2859387000495
OUT_14615,1357.495147253785
OUT_14616,190.73929066912234
OUT_14617,140.26552576115404
OUT_14618,121.51283797170686
OUT_14619,938.1015900285709
OUT_14620,118.00954230545165
OUT_14621,116.52038089760336
OUT_14622,348.9942490902113
OUT_14623,273.818189190913
OUT_14624,234.97964164862753
OUT_14625,95.4111599752438
OUT_14626,328.93415271201053
OUT_14627,259.7936561887394
OUT_14628,473.08085994773126
OUT_14629,397.5839382520437
OUT_14630,1200.6039489197613
OUT_14631,891.984076881728
OUT_14632,115.1436782333339
OUT_14633,150.65213067935937
OUT_14634,154.5863365205843
OUT_14635,931.9634123705116
OUT_14636,297.4681897408046
OUT_14637,138.53028687331977
OUT_14638,362.0461439236992
OUT_14639,409.7303180193991
OUT_14640,189.382348080946
OUT_14641,354.23822941017045
OUT_14642,147.4898229614322
OUT_14643,101.74728345707008
OUT_14644,409.69694602080847
OUT_14645,864.3144390208168
OUT_14646,250.56576074639636
OUT_14647,142.9311866249296
OUT_14648,414.1007398229269
OUT_14649,291.1606898571886
OUT_14650,272.2277450678772
OUT_14651,424.7724544001693
OUT_14652,458.8339316316966
OUT_14653,382.40661382019005
OUT_14654,224.98458342277908
OUT_14655,101.55130626192619
OUT_14656,164.5600252355409
OUT_14657,101.67977990549204
OUT_14658,264.9522899054703
OUT_14659,171.9767986214546
OUT_14660,130.8932690426965
OUT_14661,287.7725982087834
OUT_14662,883.4896839252526
OUT_14663,1187.9966794882375
OUT_14664,985.2833276455384
OUT_14665,169.96294324781834
OUT_14666,93.05973758409098
OUT_14667,129.88159161047992
OUT_14668,278.2718859957252
OUT_14669,147.19503644290984
OUT_14670,429.6065378383538
OUT_14671,1187.4618115607789
OUT_14672,972.9756838776278
OUT_14673,376.11372602742074
OUT_14674,240.20944061140816
OUT_14675,155.9180826666347
OUT_14676,404.722662772268
OUT_14677,130.23554048915605
OUT_14678,216.56615676025294
OUT_14679,297.1928933116717
OUT_14680,245.83027280109908
OUT_14681,993.116679513498
OUT_14682,133.79045621384094
OUT_14683,990.3740958375932
OUT_14684,158.04967239221526
OUT_14685,335.3636784764524
OUT_14686,221.7156278936475
OUT_14687,334.4619523642262
OUT_14688,329.91262616292823
OUT_14689,330.0805387289463
OUT_14690,324.9474307511019
OUT_14691,203.1246393144873
OUT_14692,457.98042924124843
OUT_14693,288.9811695457785
OUT_14694,989.843525654862
OUT_14695,137.6571785876455
OUT_14696,239.81467589146035
OUT_14697,401.86975327120695
OUT_14698,868.8861359131737
OUT_14699,940.6969153985706
OUT_14700,316.60415780242477
OUT_14701,230.13390795547565
OUT_14702,164.6234113737895
OUT_14703,87.92142184243775
OUT_14704,126.16061207965961
OUT_14705,426.60634185470656
OUT_14706,182.72169858519055
OUT_14707,105.91141491611388
OUT_14708,904.781563365086
OUT_14709,950.123566925244
OUT_14710,246.2268965551473
OUT_14711,365.5949942833099
OUT_14712,813.872217529082
OUT_14713,126.64627023339106
OUT_14714,296.26204607314446
OUT_14715,102.9494396648983
OUT_14716,134.96470267983335
OUT_14717,324.4245199330801
OUT_14718,150.5415781806073
OUT_14719,325.0393467429162
OUT_14720,1150.7089340091936
OUT_14721,384.80267527962553
OUT_14722,271.7053214407064
OUT_14723,397.43442595493
OUT_14724,331.11934022973276
OUT_14725,897.9350338053423
OUT_14726,283.91825227894026
OUT_14727,126.06400482974335
OUT_14728,375.8222394014882
OUT_14729,109.65055492548606
OUT_14730,430.72704336655227
OUT_14731,125.66507311760076
OUT_14732,184.93108362601137
OUT_14733,302.70133655898326
OUT_14734,107.41304682088531
OUT_14735,357.84956137346194
OUT_14736,355.87276428545925
OUT_14737,144.81793785446615
OUT_14738,278.08007156862266
OUT_14739,351.3463158091163
OUT_14740,127.48850613695916
OUT_14741,908.8191845140736
OUT_14742,119.47738990497615
OUT_14743,998.7840041526232
OUT_14744,101.94700177636275
OUT_14745,243.9462948497276
OUT_14746,133.65039007314604
OUT_14747,469.8392815209328
OUT_14748,137.30902871645804
OUT_14749,774.5313740857962
OUT_14750,344.0906859183715
OUT_14751,333.6568732227336
OUT_14752,916.8291809282229
OUT_14753,286.91921925098666
OUT_14754,898.1172962967601
OUT_14755,241.6338127826292
OUT_14756,368.15766321161027
OUT_14757,922.9808670674212
OUT_14758,298.2373946290966
OUT_14759,380.93152059791686
OUT_14760,982.8880909113602
OUT_14761,151.30450191445817
OUT_14762,396.6344201682301
OUT_14763,124.26281529153697
OUT_14764,224.11552425607312
OUT_14765,422.59207139722275
OUT_14766,324.71612881435976
OUT_14767,931.9397296886762
OUT_14768,310.0219024727188
OUT_14769,153.12639174580835
OUT_14770,415.9719591795854
OUT_14771,1230.3288344472503
OUT_14772,113.1408138675479
OUT_14773,927.8304057601206
OUT_14774,947.43768128067
OUT_14775,96.0763745758461
OUT_14776,99.16586176681044
OUT_14777,357.9766278895682
OUT_14778,905.6875923286202
OUT_14779,152.8705160864368
OUT_14780,409.62616035270037
OUT_14781,286.71112964257327
OUT_14782,979.8521890076728
OUT_14783,399.8806144425523
OUT_14784,100.24756113462752
OUT_14785,102.17977279420144
OUT_14786,111.50637268257276
OUT_14787,950.7570797914776
OUT_14788,107.22533635529048
OUT_14789,357.67510666559144
OUT_14790,279.35780665453785
OUT_14791,331.43327373350894
OUT_14792,115.69566902399598
OUT_14793,415.22489056239726
OUT_14794,103.02222357300025
OUT_14795,115.69887242860564
OUT_14796,128.16530712846568
OUT_14797,197.10205397656625
OUT_14798,379.71029636691924
OUT_14799,965.254156485034
OUT_14800,847.4294312481089
OUT_14801,120.2660869052586
OUT_14802,385.9434224323776
OUT_14803,231.76665313247267
OUT_14804,153.0332190181887
OUT_14805,322.2557370122486
OUT_14806,133.7784835821251
OUT_14807,113.15051624226348
OUT_14808,137.12774323747584
OUT_14809,1405.7908203895604
OUT_14810,393.7053950829004
OUT_14811,247.36725745387852
OUT_14812,102.76404550462564
OUT_14813,83.42875785065418
OUT_14814,200.6761386057747
OUT_14815,132.3265948752018
OUT_14816,83.80504579935501
OUT_14817,132.75225091039033
OUT_14818,910.4397366116714
OUT_14819,102.0845799499803
OUT_14820,957.67331414263
OUT_14821,111.24233093945008
OUT_14822,1198.008103422029
OUT_14823,932.0823785992952
OUT_14824,81.73672179176268
OUT_14825,351.18842748051986
OUT_14826,310.1983655293346
OUT_14827,67.18414025128166
OUT_14828,216.73490371892973
OUT_14829,91.2792838854217
OUT_14830,1087.187587443491
OUT_14831,367.54252985194876
OUT_14832,116.72588317185864
OUT_14833,1168.7555513189586
OUT_14834,1016.651428763516
OUT_14835,78.82092248278666
OUT_14836,325.21094332153774
OUT_14837,264.5385762003182
OUT_14838,243.3233314549723
OUT_14839,316.2816720203215
OUT_14840,106.92501656060304
OUT_14841,279.0361055561475
OUT_14842,377.6573441399385
OUT_14843,313.8685501745872
OUT_14844,95.01349675134418
OUT_14845,341.77276100890685
OUT_14846,926.0238255165448
OUT_14847,328.60479625796347
OUT_14848,136.43960673204955
OUT_14849,100.81108046351174
OUT_14850,251.73631656366786
OUT_14851,159.46774080307137
OUT_14852,567.0619441185846
OUT_14853,427.02598096736574
OUT_14854,94.73681872312706
OUT_14855,305.1436124416274
OUT_14856,1015.2709701219
OUT_14857,279.2701955558957
OUT_14858,469.94996506925327
OUT_14859,944.597665150724
OUT_14860,141.84238420434548
OUT_14861,191.93415673413793
OUT_14862,297.12569892099367
OUT_14863,360.73660999130755
OUT_14864,950.6185444587244
OUT_14865,229.06997272289163
OUT_14866,114.46256892470004
OUT_14867,123.14564103947563
OUT_14868,921.1793524586748
OUT_14869,948.9603274939204
OUT_14870,339.8952008863941
OUT_14871,266.5148096530269
OUT_14872,1103.7018428538977
OUT_14873,199.13976941417656
OUT_14874,1197.5062862503592
OUT_14875,1101.8005540261854
OUT_14876,881.7955634828763
OUT_14877,138.20517645200042
OUT_14878,479.58279566655017
OUT_14879,118.74348245645064
OUT_14880,139.14072578031085
OUT_14881,901.852341787684
OUT_14882,876.9898193344193
OUT_14883,333.81060241690307
OUT_14884,907.9105522099004
OUT_14885,792.2994107078604
OUT_14886,319.4414512154632
OUT_14887,291.5180342408602
OUT_14888,154.17966941071978
OUT_14889,254.2788496463044
OUT_14890,116.45380756485892
OUT_14891,104.85674743296896
OUT_14892,99.33766728017778
OUT_14893,134.7352595258969
OUT_14894,222.19797493621465
OUT_14895,352.6489938151808
OUT_14896,116.20446796817744
OUT_14897,295.0219512109022
OUT_14898,252.42820611440882
OUT_14899,127.4146745884496
OUT_14900,206.20947947856047
OUT_14901,392.6438419358989
OUT_14902,326.6274748337674
OUT_14903,159.59494077610412
OUT_14904,389.0882918231508
OUT_14905,371.3012026487128
OUT_14906,117.58209186828486
OUT_14907,151.05416237915892
OUT_14908,271.08218136871056
OUT_14909,305.78160915189267
OUT_14910,429.12763259063684
OUT_14911,1032.5527834006718
OUT_14912,112.14333508301506
OUT_14913,326.3294883938776
OUT_14914,953.9060967839288
OUT_14915,199.8578453061693
OUT_14916,291.0351309973784
OUT_14917,127.14964053681396
OUT_14918,112.6073289713489
OUT_14919,82.88974767971442
OUT_14920,84.93621412647596
OUT_14921,420.79576889218436
OUT_14922,1118.6311038101346
OUT_14923,469.6923424661178
OUT_14924,335.4088630975715
OUT_14925,246.4189099323909
OUT_14926,258.0830921539225
OUT_14927,296.206696850464
OUT_14928,910.9088161993976
OUT_14929,329.4566557094897
OUT_14930,960.1992432860628
OUT_14931,240.97145435927982
OUT_14932,117.53637541798842
OUT_14933,261.21078483180713
OUT_14934,388.41617689928
OUT_14935,328.6681650445666
OUT_14936,300.6327965773059
OUT_14937,916.6195780797732
OUT_14938,374.9616648899737
OUT_14939,364.01556425926617
OUT_14940,836.0697386734034
OUT_14941,848.1278711432218
OUT_14942,138.66660631179266
OUT_14943,387.7589660840181
OUT_14944,211.66096920559346
OUT_14945,278.41972273868305
OUT_14946,924.0050564892534
OUT_14947,978.7112240855768
OUT_14948,356.87045088924015
OUT_14949,122.58723835918816
OUT_14950,114.65178582297013
OUT_14951,168.41082901186445
OUT_14952,132.16177024431283
OUT_14953,365.1001817142843
OUT_14954,278.27351074179165
OUT_14955,161.3253088276423
OUT_14956,298.55651731502275
OUT_14957,240.18917434195495
OUT_14958,886.4937754843377
OUT_14959,1054.9948160098843
OUT_14960,383.10266734317713
OUT_14961,107.90868107607827
OUT_14962,240.6839769426905
OUT_14963,312.11004087418934
OUT_14964,192.59054255504984
OUT_14965,262.2579732006372
OUT_14966,153.75336384107635
OUT_14967,295.7604623649158
OUT_14968,387.10967578090947
OUT_14969,245.02080917936124
OUT_14970,139.16931352427648
OUT_14971,319.0989635777852
OUT_14972,353.9066790062843
OUT_14973,265.9369510234458
OUT_14974,947.5728911884624
OUT_14975,110.514550161431
OUT_14976,269.14215003640885
OUT_14977,366.2304611844279
OUT_14978,117.97388241267842
OUT_14979,167.18016415752913
OUT_14980,142.84355425399465
OUT_14981,1259.0245221240448
OUT_14982,434.99723112390166
OUT_14983,321.5911872299364
OUT_14984,136.49070580239135
OUT_14985,214.25789966868248
OUT_14986,944.0681636292536
OUT_14987,271.294353896079
OUT_14988,298.1364170064822
OUT_14989,285.6392629543691
OUT_14990,224.10667462952165
OUT_14991,886.3378962156485
OUT_14992,889.9046747416198
OUT_14993,987.8234140701642
OUT_14994,968.9968887091248
OUT_14995,144.81297489529084
OUT_14996,132.96860723525612
OUT_14997,287.77455078045
OUT_14998,271.5573617318496
OUT_14999,102.64172077010244
OUT_15000,110.24140647218633
OUT_15001,340.31719874210324
OUT_15002,114.99309716957058
OUT_15003,144.16988807024015
OUT_15004,318.15587756600377
OUT_15005,1215.4758667604024
OUT_15006,241.18089289659977
OUT_15007,1416.052973669035
OUT_15008,327.79820997657777
OUT_15009,103.3733926980955
OUT_15010,273.35371634690955
OUT_15011,128.18765350511745
OUT_15012,255.47422732093963
OUT_15013,425.94653317963616
OUT_15014,391.57414260861685
OUT_15015,195.99228832857784
OUT_15016,131.9458068628375
OUT_15017,166.605500809511
OUT_15018,78.41905339771051
OUT_15019,299.8658765563097
OUT_15020,916.9382673580736
OUT_15021,135.86508936559403
OUT_15022,255.43519245417363
OUT_15023,354.5146723204781
OUT_15024,258.27834847633795
OUT_15025,999.1333912324588
OUT_15026,140.22805189673693
OUT_15027,367.4676645365138
OUT_15028,356.06653940632214
OUT_15029,111.5207526363562
OUT_15030,210.21662884139437
OUT_15031,222.95280402686666
OUT_15032,146.78662108606966
OUT_15033,380.09265108740624
OUT_15034,259.5329670825747
OUT_15035,447.33658513587056
OUT_15036,113.87425763846429
OUT_15037,146.76155806067695
OUT_15038,297.04795579977053
OUT_15039,398.2382168919305
OUT_15040,112.83101925785024
OUT_15041,830.238542692747
OUT_15042,1001.0101876836522
OUT_15043,247.4514263328108
OUT_15044,103.61130608900686
OUT_15045,153.33448729097043
OUT_15046,1042.36230358801
OUT_15047,1198.3511245427198
OUT_15048,90.20370985961512
OUT_15049,936.403453798644
OUT_15050,378.208435249485
OUT_15051,974.3576965061052
OUT_15052,930.578465737872
OUT_15053,934.4040439923476
OUT_15054,263.26619258715584
OUT_15055,1158.6189519577192
OUT_15056,317.8898556834157
OUT_15057,1201.0436424636669
OUT_15058,119.81208720894489
OUT_15059,149.25291818059583
OUT_15060,389.33067143952997
OUT_15061,928.3122237814948
OUT_15062,272.606622481958
OUT_15063,940.242918596478
OUT_15064,128.96557942801272
OUT_15065,947.7142718819445
OUT_15066,138.14766378969426
OUT_15067,260.07564032480025
OUT_15068,143.2243925372378
OUT_15069,135.64643298687173
OUT_15070,381.3857631029996
OUT_15071,177.58972116319796
OUT_15072,262.9373422470786
OUT_15073,91.8730806288542
OUT_15074,269.9810088584528
OUT_15075,227.3592303690313
OUT_15076,958.3362319691898
OUT_15077,380.2026689047234
OUT_15078,975.34381973193
OUT_15079,94.14098283564395
OUT_15080,103.37155185913112
OUT_15081,924.975213870091
OUT_15082,980.945009637201
OUT_15083,930.1990033379528
OUT_15084,355.86522088220204
OUT_15085,382.7557609303
OUT_15086,71.0273499657355
OUT_15087,103.7064497828982
OUT_15088,89.89587703065321
OUT_15089,1073.0586202639506
OUT_15090,213.94005898235883
OUT_15091,896.08636812186
OUT_15092,239.5452919539697
OUT_15093,982.8570097483332
OUT_15094,123.64123928991096
OUT_15095,140.07533009622125
OUT_15096,383.0526262332006
OUT_15097,110.02094021955432
OUT_15098,970.7574539118784
OUT_15099,233.4379599619509
OUT_15100,332.9774946982483
OUT_15101,240.9213009449512
OUT_15102,450.06276142601587
OUT_15103,910.3749873337932
OUT_15104,316.2661879641814
OUT_15105,393.01113172391956
OUT_15106,274.19661114068464
OUT_15107,107.80479893759201
OUT_15108,790.4298321917571
OUT_15109,159.99064902597763
OUT_15110,108.88542049684456
OUT_15111,359.60567227118884
OUT_15112,120.95074681858696
OUT_15113,296.196529722745
OUT_15114,1012.059218868704
OUT_15115,277.8173653602456
OUT_15116,379.1844792479013
OUT_15117,337.9969839577287
OUT_15118,124.52871279932543
OUT_15119,147.0511661906789
OUT_15120,79.15043091528942
OUT_15121,153.6215442359711
OUT_15122,857.1534951943707
OUT_15123,220.01153684047307
OUT_15124,443.00245546830035
OUT_15125,909.2491601386358
OUT_15126,148.1552178197199
OUT_15127,312.34247919214397
OUT_15128,79.03824064927592
OUT_15129,322.1134053124438
OUT_15130,169.26336610188727
OUT_15131,258.1553133329785
OUT_15132,900.951193336673
OUT_15133,147.45591416447243
OUT_15134,319.90482429933706
OUT_15135,962.6000519171292
OUT_15136,301.21454889698305
OUT_15137,77.18376973616854
OUT_15138,119.27904374015128
OUT_15139,373.41518447871067
OUT_15140,108.97738675791751
OUT_15141,101.49517293966407
OUT_15142,104.31530260731866
OUT_15143,110.13598482218833
OUT_15144,156.96098959722718
OUT_15145,1186.0549273538238
OUT_15146,285.6308418828166
OUT_15147,936.0492552729156
OUT_15148,292.97731954157814
OUT_15149,237.156720083304
OUT_15150,112.18135016642778
OUT_15151,216.7578482857063
OUT_15152,106.81044984818446
OUT_15153,356.244975761892
OUT_15154,1020.9064433009642
OUT_15155,376.4740723978791
OUT_15156,985.1711026064412
OUT_15157,140.1754531737396
OUT_15158,977.1028914416916
OUT_15159,946.6859340764532
OUT_15160,1214.860419067243
OUT_15161,292.11521065569303
OUT_15162,92.45757130650236
OUT_15163,964.2576926967166
OUT_15164,118.14413717421209
OUT_15165,378.1666623749304
OUT_15166,398.24110962238547
OUT_15167,326.9142472436355
OUT_15168,853.2630825672109
OUT_15169,117.48447523049855
OUT_15170,272.88092979666243
OUT_15171,329.3341446718573
OUT_15172,98.25553996433432
OUT_15173,266.5036722044334
OUT_15174,136.6037677037363
OUT_15175,117.10964281820353
OUT_15176,260.5942356366564
OUT_15177,353.43116786664996
OUT_15178,111.0162051921443
OUT_15179,1141.8847994736427
OUT_15180,409.4270990100739
OUT_15181,296.7352325832939
OUT_15182,79.70329933440414
OUT_15183,903.9554983255538
OUT_15184,987.1838187566487
OUT_15185,992.9547723820242
OUT_15186,300.5618798198302
OUT_15187,234.61909946913576
OUT_15188,96.90383173790624
OUT_15189,319.802790201815
OUT_15190,169.83222916308975
OUT_15191,148.52238606872143
OUT_15192,293.02888650260957
OUT_15193,340.1379382903852
OUT_15194,414.91999811138294
OUT_15195,207.21617109522293
OUT_15196,257.6873656388446
OUT_15197,273.3631506038605
OUT_15198,952.3809230494106
OUT_15199,231.89081541224567
OUT_15200,269.23767902715235
OUT_15201,255.68108471829956
OUT_15202,840.5848135380345
OUT_15203,410.88790282340585
OUT_15204,333.165888808234
OUT_15205,387.1976454255779
OUT_15206,157.05188190020797
OUT_15207,334.2382114255769
OUT_15208,978.3990199665398
OUT_15209,97.08184601170343
OUT_15210,229.83715843940269
OUT_15211,132.82851526162744
OUT_15212,891.892556088899
OUT_15213,129.19446604076833
OUT_15214,416.9190893379599
OUT_15215,355.8563173591634
OUT_15216,314.87616086545756
OUT_15217,400.38210237948977
OUT_15218,292.49285872652
OUT_15219,276.6429176410065
OUT_15220,454.32398283165173
OUT_15221,134.2230179560885
OUT_15222,862.4755875617926
OUT_15223,399.34034557687835
OUT_15224,392.6098180893258
OUT_15225,145.05200529254435
OUT_15226,495.63531219754725
OUT_15227,104.10068260233908
OUT_15228,946.2033721793184
OUT_15229,94.09581269318548
OUT_15230,90.45414839009122
OUT_15231,363.5423372807768
OUT_15232,1255.6570131969709
OUT_15233,307.9595910243299
OUT_15234,278.7583614375789
OUT_15235,1187.2094775251282
OUT_15236,806.9301675975496
OUT_15237,384.70078833220225
OUT_15238,1168.9966827479566
OUT_15239,367.77526669601707
OUT_15240,294.53044860477354
OUT_15241,139.927362325201
OUT_15242,134.1764714477427
OUT_15243,408.03582607876297
OUT_15244,97.01484389535509
OUT_15245,123.25669687096809
OUT_15246,849.8684170454941
OUT_15247,166.9152784511831
OUT_15248,104.19703981967527
OUT_15249,818.7026008158566
OUT_15250,946.086510844562
OUT_15251,261.1833796999389
OUT_15252,1186.1994995374148
OUT_15253,418.16939576580273
OUT_15254,89.39766112177637
OUT_15255,950.252040271329
OUT_15256,971.26607323815
OUT_15257,124.53789165905168
OUT_15258,83.21849693765212
OUT_15259,935.8230914473776
OUT_15260,997.4444533944152
OUT_15261,106.03742716632226
OUT_15262,131.484229340691
OUT_15263,326.5323106979314
OUT_15264,335.3732506128529
OUT_15265,106.45617891742828
OUT_15266,1083.605155629829
OUT_15267,891.3849292515474
OUT_15268,149.49015574261438
OUT_15269,333.9415878101569
OUT_15270,119.68651576385712
OUT_15271,327.29942789404026
OUT_15272,912.2981649418656
OUT_15273,238.59482219386396
OUT_15274,245.1839523571244
OUT_15275,100.4995969719172
OUT_15276,120.95992201953592
OUT_15277,364.0802158820108
OUT_15278,123.35552524117189
OUT_15279,176.15676228522273
OUT_15280,332.4787104983711
OUT_15281,310.2195885108056
OUT_15282,358.67635829982294
OUT_15283,1229.2308110502042
OUT_15284,129.4195576369593
OUT_15285,1199.7847538323954
OUT_15286,121.26324412467235
OUT_15287,346.60658380188045
OUT_15288,115.88421705073408
OUT_15289,379.94245327581496
OUT_15290,241.23476846867564
OUT_15291,793.4456604133151
OUT_15292,70.96138440673501
OUT_15293,90.88190200419824
OUT_15294,1208.955054307813
OUT_15295,144.84143683770762
OUT_15296,251.75008759891622
OUT_15297,135.48098544003258
OUT_15298,315.2198521365875
OUT_15299,945.9065471267128
OUT_15300,270.1174098426548
OUT_15301,284.17769172569115
OUT_15302,106.07627904904224
OUT_15303,480.6184804721221
OUT_15304,273.6907721794233
OUT_15305,213.6888690366544
OUT_15306,150.65382570230477
OUT_15307,143.98006108833025
OUT_15308,385.0158721461364
OUT_15309,103.55615981610224
OUT_15310,231.1182686181223
OUT_15311,283.5803973083366
OUT_15312,116.84289048002717
OUT_15313,413.10217400320585
OUT_15314,180.42507317596852
OUT_15315,1141.66322488955
OUT_15316,939.1965671335485
OUT_15317,971.6022892134775
OUT_15318,377.0098222921896
OUT_15319,342.1991175310248
OUT_15320,324.8851007092009
OUT_15321,137.98843551394614
OUT_15322,905.8129420116104
OUT_15323,383.24933606112427
OUT_15324,231.06512038744256
OUT_15325,299.83573821554387
OUT_15326,251.32187118410118
OUT_15327,1313.6310247016404
OUT_15328,132.48308147622768
OUT_15329,933.818907103785
OUT_15330,202.02882003759163
OUT_15331,281.93231471435695
OUT_15332,129.26907050953088
OUT_15333,911.4922572093644
OUT_15334,261.91852678000123
OUT_15335,918.1909795636234
OUT_15336,126.26192349451772
OUT_15337,684.5304946465803
OUT_15338,109.77777814199388
OUT_15339,101.46881675021456
OUT_15340,965.4769997495904
OUT_15341,479.1827336346911
OUT_15342,1222.373546568506
OUT_15343,355.06575066057417
OUT_15344,886.7208403394195
OUT_15345,128.74496393212127
OUT_15346,374.8090537605376
OUT_15347,163.60322412849297
OUT_15348,368.20960223023656
OUT_15349,365.35276448717957
OUT_15350,111.68436334317146
OUT_15351,233.5047102188045
OUT_15352,302.304728579856
OUT_15353,1175.6942328996056
OUT_15354,105.31527742203559
OUT_15355,127.73275429620767
OUT_15356,1137.8278553997766
OUT_15357,145.74085417354604
OUT_15358,989.7510642977104
OUT_15359,439.27882297308463
OUT_15360,123.17805618158538
OUT_15361,304.848606710448
OUT_15362,341.62419466464536
OUT_15363,403.26370245785756
OUT_15364,246.69575502438065
OUT_15365,97.13595897518157
OUT_15366,103.12565342763403
OUT_15367,366.1627599576732
OUT_15368,151.26154761479387
OUT_15369,315.6623273013879
OUT_15370,352.2418906358688
OUT_15371,114.25193259103358
OUT_15372,1149.661921488762
OUT_15373,215.67787862944508
OUT_15374,345.4257603070222
OUT_15375,351.72066869270077
OUT_15376,825.1091526604822
OUT_15377,476.2617985100934
OUT_15378,282.3206542152201
OUT_15379,381.4942440200255
OUT_15380,109.0310514120368
OUT_15381,317.9835433596341
OUT_15382,279.1296571762384
OUT_15383,192.90034725655045
OUT_15384,116.10954293196352
OUT_15385,351.64595128180883
OUT_15386,306.31318487434913
OUT_15387,301.9079449374861
OUT_15388,422.96041877759023
OUT_15389,87.57956009272218
OUT_15390,979.28621734996
OUT_15391,354.58637965791775
OUT_15392,334.5957235799101
OUT_15393,139.17530938812493
OUT_15394,296.0559098792982
OUT_15395,84.62215896719425
OUT_15396,108.98635687362992
OUT_15397,995.7788842234952
OUT_15398,946.0716398716932
OUT_15399,1037.7820672863295
OUT_15400,950.8472845099436
OUT_15401,189.781760909132
OUT_15402,386.46213284224234
OUT_15403,176.72395516893965
OUT_15404,87.64386203440466
OUT_15405,127.51523923095806
OUT_15406,171.18012270418876
OUT_15407,327.87167154101337
OUT_15408,366.2639657034557
OUT_15409,324.1749489895111
OUT_15410,417.01480259146433
OUT_15411,330.8596151635922
OUT_15412,828.518405934359
OUT_15413,151.721064362992
OUT_15414,114.03449139603536
OUT_15415,1088.5340060050073
OUT_15416,404.2296952979958
OUT_15417,901.3100827655054
OUT_15418,903.3629023269958
OUT_15419,331.7837704245002
OUT_15420,325.9240148636852
OUT_15421,87.24569150298376
OUT_15422,91.18869990409632
OUT_15423,321.7170280179764
OUT_15424,995.9341873822292
OUT_15425,455.3852468400048
OUT_15426,128.20186908908218
OUT_15427,119.57280237653993
OUT_15428,1088.588328969439
OUT_15429,284.6541622317736
OUT_15430,130.93273088573275
OUT_15431,335.89518298995034
OUT_15432,129.22474660391364
OUT_15433,168.72354308952802
OUT_15434,96.82136799807984
OUT_15435,920.512036932152
OUT_15436,97.38153712542852
OUT_15437,290.902394927298
OUT_15438,306.1459067977263
OUT_15439,323.6746542812064
OUT_15440,360.68720911539134
OUT_15441,408.0531303393594
OUT_15442,905.8921273433964
OUT_15443,144.386179767016
OUT_15444,417.55271217739505
OUT_15445,328.4453517479862
OUT_15446,222.95870833709785
OUT_15447,330.56940298947484
OUT_15448,167.97459919677763
OUT_15449,930.2980727106658
OUT_15450,413.0762098343585
OUT_15451,1452.2323054707376
OUT_15452,302.18103124775826
OUT_15453,408.58136948414403
OUT_15454,222.3150923794202
OUT_15455,921.3558867587466
OUT_15456,281.79191673839625
OUT_15457,110.01140825901646
OUT_15458,1018.0999100360224
OUT_15459,172.61735817525798
OUT_15460,378.44199832027164
OUT_15461,987.230859097925
OUT_15462,886.1978204239886
OUT_15463,269.1919566333896
OUT_15464,347.444704625308
OUT_15465,121.92637774152423
OUT_15466,863.4945374119424
OUT_15467,335.5140265615954
OUT_15468,1182.683912433179
OUT_15469,348.4288136639295
OUT_15470,911.0359283607992
OUT_15471,141.46603111797336
OUT_15472,930.6164833006408
OUT_15473,146.88138238742957
OUT_15474,417.9646852288895
OUT_15475,117.67216100931752
OUT_15476,90.1922441639299
OUT_15477,334.0214784094088
OUT_15478,277.44780123531837
OUT_15479,106.74464493339376
OUT_15480,941.663252973849
OUT_15481,1025.9290978371223
OUT_15482,127.63064861159852
OUT_15483,318.5983166132074
OUT_15484,263.7388682174108
OUT_15485,285.70712414445285
OUT_15486,378.24580691693757
OUT_15487,1196.1388090873863
OUT_15488,141.28549379683523
OUT_15489,989.7498414238632
OUT_15490,106.948540724005
OUT_15491,239.75554661408708
OUT_15492,258.59269367106697
OUT_15493,946.2241529282124
OUT_15494,323.7993237414918
OUT_15495,145.67315113940325
OUT_15496,1344.231208492892
OUT_15497,896.7914075056752
OUT_15498,961.7105425833092
OUT_15499,137.80397876457383
OUT_15500,242.25316718041447
OUT_15501,417.7215014239604
OUT_15502,997.1930764053526
OUT_15503,123.9782923104535
OUT_15504,1010.4332928559307
OUT_15505,239.7854537210037
OUT_15506,868.1142768699876
OUT_15507,225.2293117353052
OUT_15508,101.55829549891014
OUT_15509,882.0074232605599
OUT_15510,126.46234668477781
OUT_15511,1232.2400169465143
OUT_15512,947.0100726004714
OUT_15513,1193.4380224781055
OUT_15514,1221.3370300223378
OUT_15515,108.58063660118916
OUT_15516,371.14493947436665
OUT_15517,937.683469187244
OUT_15518,285.1911405652678
OUT_15519,392.86935739630087
OUT_15520,167.43815371998838
OUT_15521,1064.9345223925873
OUT_15522,877.7988454023126
OUT_15523,270.4092807732079
OUT_15524,389.97430376214527
OUT_15525,105.45826548312304
OUT_15526,397.62553709307485
OUT_15527,375.9077779360737
OUT_15528,892.9661671547107
OUT_15529,93.9245340477813
OUT_15530,106.76919208176896
OUT_15531,136.95288775411612
OUT_15532,937.9076277008404
OUT_15533,498.43990464962724
OUT_15534,1067.396275347341
OUT_15535,332.4142675776948
OUT_15536,101.28126900610044
OUT_15537,377.8480442771946
OUT_15538,998.210554232021
OUT_15539,100.96129440858306
OUT_15540,94.7881157279291
OUT_15541,376.98869813574527
OUT_15542,112.46715588601865
OUT_15543,907.5782621652546
OUT_15544,274.8410416601596
OUT_15545,414.0365740222512
OUT_15546,125.69724754267342
OUT_15547,329.5284844675965
OUT_15548,989.8859041264903
OUT_15549,204.7014761650909
OUT_15550,202.2298135837355
OUT_15551,424.6213265427276
OUT_15552,1094.7118271348036
OUT_15553,132.6868613231424
OUT_15554,121.24527702343018
OUT_15555,101.68698348535764
OUT_15556,99.4656583724366
OUT_15557,277.9628366691214
OUT_15558,123.54092651279333
OUT_15559,302.54257174857213
OUT_15560,411.646577046376
OUT_15561,98.86834259597684
OUT_15562,1075.2786599388942
OUT_15563,331.1298854232926
OUT_15564,247.33576232647715
OUT_15565,880.9124845033264
OUT_15566,129.9441049863653
OUT_15567,112.80433981219588
OUT_15568,257.25358585820834
OUT_15569,272.2167678768443
OUT_15570,106.01033100178749
OUT_15571,344.6942143044274
OUT_15572,330.97143785351943
OUT_15573,178.24125071539
OUT_15574,242.64267608178548
OUT_15575,189.04912358827522
OUT_15576,238.26545713422084
OUT_15577,150.98546402088434
OUT_15578,930.7556946974612
OUT_15579,305.1399057645311
OUT_15580,372.7673486386408
OUT_15581,265.075696553905
OUT_15582,266.9133182631612
OUT_15583,1208.4825408431357
OUT_15584,862.8885718245556
OUT_15585,204.63582114961912
OUT_15586,279.6168104468781
OUT_15587,229.4894468088401
OUT_15588,293.08539919778366
OUT_15589,111.77644101429144
OUT_15590,464.1081706380186
OUT_15591,321.0519165629004
OUT_15592,1183.7138461174625
OUT_15593,872.0859404090202
OUT_15594,158.24023381920773
OUT_15595,379.1813589773734
OUT_15596,986.99791841175
OUT_15597,106.72268862509326
OUT_15598,1172.988544829716
OUT_15599,300.4951231407564
OUT_15600,243.33944498614875
OUT_15601,937.8604275686852
OUT_15602,365.9933744997621
OUT_15603,352.81952228255875
OUT_15604,349.008182291206
OUT_15605,374.12450134277447
OUT_15606,367.1762233045157
OUT_15607,997.466329306956
OUT_15608,370.1886222615754
OUT_15609,302.87213224299364
OUT_15610,102.82514182236012
OUT_15611,366.32846101654866
OUT_15612,292.7188982032217
OUT_15613,1604.5157079320456
OUT_15614,116.49621084142908
OUT_15615,341.62613361593884
OUT_15616,160.69651784298375
OUT_15617,145.64923064618938
OUT_15618,109.53744599525166
OUT_15619,316.19393087075355
OUT_15620,124.97907902982304
OUT_15621,324.6416046938097
OUT_15622,116.02679333692927
OUT_15623,273.6345521810016
OUT_15624,888.6442922841879
OUT_15625,426.923566738246
OUT_15626,962.4322612110564
OUT_15627,1195.8624809421965
OUT_15628,1146.0410991542617
OUT_15629,980.424432117531
OUT_15630,125.6184674428418
OUT_15631,115.28853048440374
OUT_15632,336.5212617134325
OUT_15633,361.69835031927425
OUT_15634,397.2256734273841
OUT_15635,204.56634783057183
OUT_15636,102.99742914468617
OUT_15637,1398.3795172087298
OUT_15638,373.2451944243711
OUT_15639,154.48674019466986
OUT_15640,182.62531144368668
OUT_15641,101.84724914051806
OUT_15642,180.19264965509893
OUT_15643,111.4861447917338
OUT_15644,121.98129537965362
OUT_15645,108.83475366204823
OUT_15646,390.57586401765775
OUT_15647,89.81381949505801
OUT_15648,320.93068017246406
OUT_15649,317.0613634160307
OUT_15650,1144.0563709930536
OUT_15651,299.2250591838781
OUT_15652,108.68344733436648
OUT_15653,139.46030758634532
OUT_15654,118.76301118990824
OUT_15655,133.95409228831016
OUT_15656,107.74640830407738
OUT_15657,117.70290013744939
OUT_15658,139.06347019003323
OUT_15659,320.56514792623204
OUT_15660,133.78113180320025
OUT_15661,211.04222577467053
OUT_15662,341.08729326894365
OUT_15663,202.56394159244834
OUT_15664,962.4207189915776
OUT_15665,1093.256352736321
OUT_15666,326.2683728338029
OUT_15667,873.2486606977654
OUT_15668,339.9864561693611
OUT_15669,922.0419273240636
OUT_15670,348.50034298775313
OUT_15671,118.23891355485068
OUT_15672,324.4830388447309
OUT_15673,988.503926514288
OUT_15674,871.685764544079
OUT_15675,292.9125213797244
OUT_15676,105.92564481666886
OUT_15677,271.66977369969806
OUT_15678,444.6393908253507
OUT_15679,233.6204004077018
OUT_15680,940.7041217489008
OUT_15681,123.26161481006777
OUT_15682,283.36212384068733
OUT_15683,277.1382458952701
OUT_15684,279.23328710109587
OUT_15685,245.86453800836887
OUT_15686,338.5615027050975
OUT_15687,267.51147133646407
OUT_15688,1173.8344976191834
OUT_15689,141.83443627972278
OUT_15690,339.7449013442888
OUT_15691,265.2973957620323
OUT_15692,255.3008878112465
OUT_15693,962.2483192488368
OUT_15694,302.82185521992835
OUT_15695,115.358738745885
OUT_15696,338.1828994076503
OUT_15697,1187.2355315438313
OUT_15698,342.9325293782372
OUT_15699,326.29456948086886
OUT_15700,318.3706491355695
OUT_15701,264.47952204767216
OUT_15702,934.7930422632598
OUT_15703,101.6795001579953
OUT_15704,122.27783481962372
OUT_15705,307.37095121090647
OUT_15706,307.2323923909015
OUT_15707,863.2251110745663
OUT_15708,904.8764674870256
OUT_15709,207.89352440433788
OUT_15710,340.1330930628203
OUT_15711,127.63690220785443
OUT_15712,338.19058173057704
OUT_15713,330.295775425982
OUT_15714,245.44516826726098
OUT_15715,351.0095630157048
OUT_15716,307.5497811016929
OUT_15717,1080.6177659823768
OUT_15718,128.05839185652334
OUT_15719,1015.123963599278
OUT_15720,212.49413955142904
OUT_15721,159.13041709585283
OUT_15722,336.27669311065586
OUT_15723,164.77761943633982
OUT_15724,937.6224802858136
OUT_15725,145.32627635805576
OUT_15726,387.5158034712575
OUT_15727,375.2055512724791
OUT_15728,1087.7280206119028
OUT_15729,921.9199431913366
OUT_15730,272.59283233612103
OUT_15731,972.8033172413268
OUT_15732,144.7190478022241
OUT_15733,835.3934446787877
OUT_15734,337.10448030090083
OUT_15735,244.58143438589863
OUT_15736,233.71369588471194
OUT_15737,339.2435231526116
OUT_15738,358.62370881604636
OUT_15739,933.7139828336976
OUT_15740,253.8752111597709
OUT_15741,403.8128521053761
OUT_15742,388.92772714204136
OUT_15743,268.99321831763996
OUT_15744,103.46996311004018
OUT_15745,1014.2079922800446
OUT_15746,1006.9469267251684
OUT_15747,118.15541685801304
OUT_15748,908.080555542193
OUT_15749,89.40270226693492
OUT_15750,983.4099153401532
OUT_15751,895.1588014808274
OUT_15752,331.06605752039195
OUT_15753,236.61582257458662
OUT_15754,380.0337130932428
OUT_15755,909.1060105853368
OUT_15756,877.5564498919281
OUT_15757,344.1815198306944
OUT_15758,291.23756085672846
OUT_15759,299.2584298636774
OUT_15760,419.1236721799677
OUT_15761,155.63747233454015
OUT_15762,383.2738580272945
OUT_15763,284.1526190934701
OUT_15764,346.443600358873
OUT_15765,95.30098479864974
OUT_15766,114.84028988237088
OUT_15767,96.58840296675314
OUT_15768,129.26170076107996
OUT_15769,234.1972055654462
OUT_15770,107.76927834335383
OUT_15771,185.80798675586618
OUT_15772,272.01965539751643
OUT_15773,447.9506109225181
OUT_15774,365.5900481504125
OUT_15775,257.54144411582183
OUT_15776,167.5953408380988
OUT_15777,317.3661679121482
OUT_15778,392.62221517803016
OUT_15779,298.6970082838114
OUT_15780,1111.464046032925
OUT_15781,409.6248849333708
OUT_15782,1197.3003316131303
OUT_15783,415.92586991072756
OUT_15784,109.6267299003735
OUT_15785,63.487011618956544
OUT_15786,111.23480795949364
OUT_15787,1039.6846166825608
OUT_15788,322.27854013634527
OUT_15789,134.2212404451927
OUT_15790,1201.5076927499772
OUT_15791,129.6775269932656
OUT_15792,294.3056939851597
OUT_15793,1188.6225400462815
OUT_15794,378.85846349694475
OUT_15795,371.46000944046
OUT_15796,120.85119763425438
OUT_15797,961.473035863424
OUT_15798,341.19937948042093
OUT_15799,916.5275449455364
OUT_15800,944.4615328133267
OUT_15801,944.4334508459818
OUT_15802,1142.2183988645772
OUT_15803,84.64760335532674
OUT_15804,142.84898265990742
OUT_15805,108.47113414210514
OUT_15806,104.51555611467752
OUT_15807,185.44488148837422
OUT_15808,350.45905553310376
OUT_15809,456.849937668739
OUT_15810,139.83851735620925
OUT_15811,249.40473614059826
OUT_15812,247.35053780902808
OUT_15813,284.6754770282091
OUT_15814,1003.6802783972388
OUT_15815,94.68117424931812
OUT_15816,227.69072581792076
OUT_15817,128.49261531280902
OUT_15818,138.1738051462525
OUT_15819,95.80722635389908
OUT_15820,132.57699530086725
OUT_15821,114.47646658045724
OUT_15822,85.2910876514401
OUT_15823,151.15906845464204
OUT_15824,214.32117128295602
OUT_15825,897.3156542602667
OUT_15826,395.5528959117314
OUT_15827,122.54845297797176
OUT_15828,855.4548867274467
OUT_15829,269.9004973209624
OUT_15830,304.5400465549225
OUT_15831,343.1756557779036
OUT_15832,408.4110443945035
OUT_15833,109.21145567907053
OUT_15834,889.1305077727409
OUT_15835,358.92187447312523
OUT_15836,154.1051074821587
OUT_15837,1129.3334582902537
OUT_15838,900.706676718773
OUT_15839,835.2652763631306
OUT_15840,960.1992535875548
OUT_15841,375.8995596682845
OUT_15842,96.85909615758572
OUT_15843,292.1708755240952
OUT_15844,410.42595513662457
OUT_15845,801.661782386303
OUT_15846,314.8206052073017
OUT_15847,1089.3934956265196
OUT_15848,848.4116347007315
OUT_15849,987.6724169274896
OUT_15850,111.24925393156416
OUT_15851,127.98374894596472
OUT_15852,973.4162993396384
OUT_15853,1219.517488923695
OUT_15854,242.90019572957385
OUT_15855,135.6864494241745
OUT_15856,351.00114768323795
OUT_15857,394.5290013793599
OUT_15858,235.16068821090474
OUT_15859,214.76342274958597
OUT_15860,93.65157246302591
OUT_15861,1169.2251856763464
OUT_15862,921.5507101410494
OUT_15863,96.8946440374879
OUT_15864,194.3719987769722
OUT_15865,320.1078203673087
OUT_15866,401.14998878147344
OUT_15867,293.37580184234514
OUT_15868,327.1849625464916
OUT_15869,332.9294760016934
OUT_15870,161.99424364592386
OUT_15871,1220.9557947766623
OUT_15872,240.85165446311296
OUT_15873,256.51258098680955
OUT_15874,1443.5467497646034
OUT_15875,307.76340321592727
OUT_15876,105.17943661463086
OUT_15877,1321.3351712965618
OUT_15878,325.681486847028
OUT_15879,135.12249070864468
OUT_15880,353.8334802885986
OUT_15881,139.10911239842696
OUT_15882,827.2516916668568
OUT_15883,154.3837589120003
OUT_15884,266.4962106284372
OUT_15885,416.96302603029017
OUT_15886,959.8022833352788
OUT_15887,125.51645478006438
OUT_15888,195.95606312566258
OUT_15889,150.40309092265176
OUT_15890,1179.0662555308434
OUT_15891,119.96457006349917
OUT_15892,85.48840988705896
OUT_15893,151.948211444319
OUT_15894,159.0081706902307
OUT_15895,901.7662250501292
OUT_15896,144.07331640726704
OUT_15897,121.99695475041167
OUT_15898,243.88399992177105
OUT_15899,983.063798628433
OUT_15900,375.98167333663946
OUT_15901,365.6219893166116
OUT_15902,123.67669297335864
OUT_15903,134.35784293538876
OUT_15904,244.4074519506191
OUT_15905,287.60883939138773
OUT_15906,1214.224242635984
OUT_15907,265.59470006372385
OUT_15908,350.37611365628806
OUT_15909,241.44301815343667
OUT_15910,99.20700198410756
OUT_15911,455.40666524815083
OUT_15912,918.438232949772
OUT_15913,326.69177844509073
OUT_15914,128.1814029386347
OUT_15915,113.41536542552848
OUT_15916,265.08986058501966
OUT_15917,310.39690615300356
OUT_15918,107.58853687679418
OUT_15919,969.2936300186147
OUT_15920,273.6271520668213
OUT_15921,955.9746433883756
OUT_15922,892.1500213811105
OUT_15923,167.774342022477
OUT_15924,239.14093734630728
OUT_15925,251.61652299682882
OUT_15926,907.2497542131388
OUT_15927,145.04921388612047
OUT_15928,156.26027417022024
OUT_15929,430.97262754768576
OUT_15930,869.8316989961119
OUT_15931,872.1525694625699
OUT_15932,96.54461687147192
OUT_15933,104.7094456216708
OUT_15934,1020.203325443939
OUT_15935,288.5667900644114
OUT_15936,85.57262473702993
OUT_15937,214.37236512973166
OUT_15938,158.80187021515087
OUT_15939,132.98655033379427
OUT_15940,187.5264520463817
OUT_15941,145.103410142654
OUT_15942,910.70303767107
OUT_15943,211.21455008862637
OUT_15944,139.39462792248946
OUT_15945,331.93944137318584
OUT_15946,468.7419556259308
OUT_15947,227.1547837612994
OUT_15948,242.05537500818852
OUT_15949,249.73763786583768
OUT_15950,144.52650031718233
OUT_15951,1061.7276474793744
OUT_15952,884.9347045975333
OUT_15953,389.6794321323813
OUT_15954,265.7716801513346
OUT_15955,1017.386935841368
OUT_15956,90.91111729473316
OUT_15957,95.47491735670462
OUT_15958,863.3648656416052
OUT_15959,357.81270396710204
OUT_15960,191.31688434317323
OUT_15961,260.7164409972522
OUT_15962,313.5765636969108
OUT_15963,101.29274610640464
OUT_15964,148.932161840537
OUT_15965,171.37673584218467
OUT_15966,392.57055837554765
OUT_15967,154.13943008692894
OUT_15968,1076.4629273279986
OUT_15969,184.5691435164978
OUT_15970,104.9639985858257
OUT_15971,1384.0275070514242
OUT_15972,357.6897339904268
OUT_15973,326.1200310268977
OUT_15974,337.5915504900759
OUT_15975,238.33899726023787
OUT_15976,124.38801782199904
OUT_15977,114.0331224499588
OUT_15978,340.1376202113968
OUT_15979,979.1443024009948
OUT_15980,118.5034826028182
OUT_15981,270.96187950911957
OUT_15982,80.22949719885978
OUT_15983,134.35734562289014
OUT_15984,475.72016405046577
OUT_15985,963.2018188159792
OUT_15986,330.41008401227606
OUT_15987,238.09297019392727
OUT_15988,109.3394092099184
OUT_15989,839.6139985080056
OUT_15990,314.99467073155495
OUT_15991,342.63598594452793
OUT_15992,213.9864993962255
OUT_15993,329.3926530309226
OUT_15994,335.15409697908706
OUT_15995,196.83055969497843
OUT_15996,971.6253086377072
OUT_15997,136.0456673284506
OUT_15998,284.49838374584346
OUT_15999,125.5149020456946
OUT_16000,886.5497075882831
OUT_16001,312.3532641312407
OUT_16002,148.29220923588562
OUT_16003,339.61449207408646
OUT_16004,897.7761081171104
OUT_16005,146.19577290935982
OUT_16006,341.8391792627111
OUT_16007,108.48818057214643
OUT_16008,415.5611148352819
OUT_16009,305.382599618818
OUT_16010,230.26063707868866
OUT_16011,348.2465501787657
OUT_16012,75.22484055058791
OUT_16013,138.63687081906176
OUT_16014,185.19350547645837
OUT_16015,102.29793461389548
OUT_16016,910.0187898635336
OUT_16017,127.13073799438365
OUT_16018,132.29111260320883
OUT_16019,259.899159046594
OUT_16020,365.772647775343
OUT_16021,126.91941280967399
OUT_16022,247.18996290963986
OUT_16023,367.009052979773
OUT_16024,110.50200149824695
OUT_16025,289.60564669596863
OUT_16026,228.044344653546
OUT_16027,193.38621199210638
OUT_16028,108.30532306819678
OUT_16029,287.3612701009007
OUT_16030,90.72763106842918
OUT_16031,301.9424968378163
OUT_16032,174.92474994351997
OUT_16033,135.21937879072678
OUT_16034,989.8591136774731
OUT_16035,338.83490856044943
OUT_16036,323.3823819226865
OUT_16037,495.8148393655259
OUT_16038,226.87595816607444
OUT_16039,254.5333641026947
OUT_16040,108.70119911852046
OUT_16041,1220.7965800878792
OUT_16042,332.49445477718245
OUT_16043,973.700173129136
OUT_16044,372.9468741677191
OUT_16045,439.2322837922951
OUT_16046,354.5269748673425
OUT_16047,106.99274568910316
OUT_16048,322.9979987421227
OUT_16049,915.3569228635674
OUT_16050,81.50032582664025
OUT_16051,97.25236657573852
OUT_16052,159.4384985910159
OUT_16053,103.31311525209826
OUT_16054,266.6842325282268
OUT_16055,908.679205857342
OUT_16056,126.21732676873415
OUT_16057,255.33686452028323
OUT_16058,356.23809235445384
OUT_16059,217.81214480660583
OUT_16060,202.44593406672888
OUT_16061,95.31999756844468
OUT_16062,279.0119075946984
OUT_16063,342.7081520135613
OUT_16064,926.3876688931192
OUT_16065,325.2809115783159
OUT_16066,93.10211700450654
OUT_16067,135.02120179820994
OUT_16068,112.43901998242082
OUT_16069,326.1725113848024
OUT_16070,95.82286365174332
OUT_16071,1115.7839616395274
OUT_16072,103.7209980904684
OUT_16073,409.19528254831846
OUT_16074,345.25055263029356
OUT_16075,1087.2043885417336
OUT_16076,108.70525868988256
OUT_16077,315.5229359254805
OUT_16078,416.163197161767
OUT_16079,347.96997519800857
OUT_16080,243.08737303638225
OUT_16081,125.02131594912716
OUT_16082,425.40622497000845
OUT_16083,930.4897402005588
OUT_16084,247.0953382428774
OUT_16085,1148.1551212677373
OUT_16086,901.1788483518724
OUT_16087,327.8892451508493
OUT_16088,981.4133247394104
OUT_16089,113.16346220930456
OUT_16090,151.2229502767186
OUT_16091,96.37642312086209
OUT_16092,272.6595817353467
OUT_16093,297.2925136331636
OUT_16094,1097.4299325275108
OUT_16095,151.52801637985476
OUT_16096,129.71013378153503
OUT_16097,897.8809308048382
OUT_16098,212.6959417032448
OUT_16099,303.7957877549505
OUT_16100,93.82498314566216
OUT_16101,89.94088390955837
OUT_16102,337.37174027097655
OUT_16103,236.5057078986034
OUT_16104,371.1996175397634
OUT_16105,353.0703921687035
OUT_16106,402.1473257918275
OUT_16107,379.4793254117982
OUT_16108,1191.130037984501
OUT_16109,257.24952611495735
OUT_16110,156.2074191519787
OUT_16111,126.27340508407602
OUT_16112,328.97719236607054
OUT_16113,986.6720199690058
OUT_16114,851.4765293651324
OUT_16115,135.1066659756404
OUT_16116,962.6880539973512
OUT_16117,298.91004719510124
OUT_16118,116.56519692063054
OUT_16119,136.22143737407364
OUT_16120,160.1284759103381
OUT_16121,330.04991074599184
OUT_16122,90.72315636386438
OUT_16123,948.9791922173422
OUT_16124,300.23933866000266
OUT_16125,178.9340171987852
OUT_16126,312.00374524709633
OUT_16127,257.39613807918886
OUT_16128,358.7401528118207
OUT_16129,167.77873754124954
OUT_16130,258.00012320309634
OUT_16131,235.6967291464895
OUT_16132,194.77406967983558
OUT_16133,101.20963012242808
OUT_16134,274.53288245903104
OUT_16135,882.2860236926213
OUT_16136,862.9473732274009
OUT_16137,126.64983017472994
OUT_16138,102.36778356400328
OUT_16139,400.2780855226579
OUT_16140,419.08964244910396
OUT_16141,130.51369770036467
OUT_16142,939.0797542013312
OUT_16143,936.5988573009848
OUT_16144,932.955621574827
OUT_16145,166.23045259206978
OUT_16146,964.510173810486
OUT_16147,244.74070347021103
OUT_16148,130.670958195679
OUT_16149,103.9814063958666
OUT_16150,977.8194260243686
OUT_16151,160.0985545364308
OUT_16152,115.36435157587309
OUT_16153,989.0992195227795
OUT_16154,349.75501887613115
OUT_16155,230.30324661337727
OUT_16156,287.80895540717995
OUT_16157,118.32958794274276
OUT_16158,291.45495111546035
OUT_16159,392.85778622068165
OUT_16160,92.50735016002452
OUT_16161,317.0879935083477
OUT_16162,332.0298500807252
OUT_16163,199.56436621863588
OUT_16164,1189.0916391360424
OUT_16165,185.70850010855952
OUT_16166,136.41922338798778
OUT_16167,253.8710318197719
OUT_16168,117.05758524558772
OUT_16169,1211.9684989973937
OUT_16170,990.1043677940734
OUT_16171,327.8804287268038
OUT_16172,848.7250760069089
OUT_16173,339.5624028184011
OUT_16174,328.99970811113303
OUT_16175,314.7679363802098
OUT_16176,928.0471469773812
OUT_16177,317.8546679636353
OUT_16178,95.2228412413006
OUT_16179,424.05790521089295
OUT_16180,1203.1965513563073
OUT_16181,237.79019590642548
OUT_16182,105.46572090086204
OUT_16183,1123.2642693405464
OUT_16184,938.7992554741086
OUT_16185,883.4681196843208
OUT_16186,343.9808909976864
OUT_16187,398.99181030276077
OUT_16188,375.0921156979698
OUT_16189,330.511623255312
OUT_16190,998.2498304277714
OUT_16191,234.6807422649832
OUT_16192,364.9256239964842
OUT_16193,364.37157136921786
OUT_16194,1006.462250360442
OUT_16195,1190.8121387734795
OUT_16196,253.2235810755451
OUT_16197,167.24403045518252
OUT_16198,111.25339521660854
OUT_16199,1166.67249857554
OUT_16200,147.14488235426884
OUT_16201,837.5493888475899
OUT_16202,272.5644499685993
OUT_16203,101.65930798545762
OUT_16204,339.2160439475652
OUT_16205,110.55528963745286
OUT_16206,288.6164742932216
OUT_16207,303.3671162656283
OUT_16208,120.27290112851126
OUT_16209,856.0153351032427
OUT_16210,115.39596709362154
OUT_16211,107.93274562813176
OUT_16212,355.6316033856924
OUT_16213,139.96049198405524
OUT_16214,152.2642361848857
OUT_16215,849.1154330446577
OUT_16216,885.746437136234
OUT_16217,315.72416589858443
OUT_16218,109.55404092980153
OUT_16219,931.0684037990994
OUT_16220,415.38191832571033
OUT_16221,176.18378845917658
OUT_16222,119.70783753723866
OUT_16223,1169.4559134945423
OUT_16224,413.0152769322892
OUT_16225,245.1805221534904
OUT_16226,161.14881274602772
OUT_16227,357.93684906116346
OUT_16228,1218.0383880348706
OUT_16229,1072.623426481785
OUT_16230,433.4325715322983
OUT_16231,145.8589150531479
OUT_16232,417.6353643299169
OUT_16233,109.10153942171397
OUT_16234,438.85506065153004
OUT_16235,310.9024475052202
OUT_16236,239.65803035832337
OUT_16237,323.2511762161856
OUT_16238,1193.071032534306
OUT_16239,161.78298427905509
OUT_16240,240.9563963175455
OUT_16241,207.46123608843175
OUT_16242,244.96182230247263
OUT_16243,887.9642625303654
OUT_16244,916.9156628982266
OUT_16245,915.806282242224
OUT_16246,239.60859484773476
OUT_16247,111.33490478618717
OUT_16248,415.29057307265225
OUT_16249,253.90266355040146
OUT_16250,239.6510849382428
OUT_16251,121.82951671830713
OUT_16252,936.7021340988284
OUT_16253,269.5187573488518
OUT_16254,866.7306965469496
OUT_16255,909.946582230636
OUT_16256,264.3252856986296
OUT_16257,114.99061658557844
OUT_16258,955.8785800742288
OUT_16259,156.52857703475294
OUT_16260,168.76713686444663
OUT_16261,276.2110169532567
OUT_16262,101.45408965575302
OUT_16263,298.0779422932577
OUT_16264,204.75314081411267
OUT_16265,111.42871783716042
OUT_16266,373.8525236265739
OUT_16267,205.4843815340694
OUT_16268,180.46842996096933
OUT_16269,423.8756932319591
OUT_16270,112.65996145535047
OUT_16271,913.2016479020958
OUT_16272,279.5852485508482
OUT_16273,894.463835925442
OUT_16274,343.6815118685046
OUT_16275,951.1556184703434
OUT_16276,130.45502466513494
OUT_16277,335.30846514807354
OUT_16278,342.4559293257048
OUT_16279,327.5265760042892
OUT_16280,108.08000649229346
OUT_16281,147.24193684538562
OUT_16282,371.2565651087933
OUT_16283,381.33247844976745
OUT_16284,948.065686764257
OUT_16285,98.40975393549118
OUT_16286,140.9814817225231
OUT_16287,304.8072500486023
OUT_16288,398.146777400828
OUT_16289,122.46801209317339
OUT_16290,568.9951863697055
OUT_16291,214.1165603907074
OUT_16292,336.9057431414129
OUT_16293,363.7298905389599
OUT_16294,189.12180380816545
OUT_16295,355.11486134119264
OUT_16296,332.4070743021065
OUT_16297,346.89182209648834
OUT_16298,146.09582426058458
OUT_16299,462.05602146073056
OUT_16300,880.0056355157722
OUT_16301,302.50515494556595
OUT_16302,893.532429706073
OUT_16303,1082.918858357563
OUT_16304,1227.3590989814709
OUT_16305,100.25359086713571
OUT_16306,138.1384900308011
OUT_16307,354.014359032425
OUT_16308,195.47316230940848
OUT_16309,393.43317226820636
OUT_16310,374.74231165197773
OUT_16311,943.464359839804
OUT_16312,377.3108652621768
OUT_16313,71.69327204077197
OUT_16314,1244.844918360814
OUT_16315,948.6921999290072
OUT_16316,196.92693807183116
OUT_16317,975.268688892816
OUT_16318,989.6917293555975
OUT_16319,93.7708648692955
OUT_16320,165.02704520074357
OUT_16321,324.9796810166695
OUT_16322,958.1151476273544
OUT_16323,365.6028894285257
OUT_16324,139.9599343834946
OUT_16325,262.26391770918576
OUT_16326,888.5668543480672
OUT_16327,378.1861991313815
OUT_16328,995.7659761418222
OUT_16329,1233.8366192283331
OUT_16330,930.1925632888408
OUT_16331,1667.9950855262784
OUT_16332,90.1977010239262
OUT_16333,145.13134101084952
OUT_16334,968.1339260414604
OUT_16335,325.75933211410006
OUT_16336,1193.3146223539802
OUT_16337,136.32547277863918
OUT_16338,293.01466983088403
OUT_16339,181.86275012448615
OUT_16340,117.2033931645752
OUT_16341,341.5612455399753
OUT_16342,96.04735468372492
OUT_16343,937.31566314955
OUT_16344,420.27375152733543
OUT_16345,106.73660218445764
OUT_16346,85.5200017099573
OUT_16347,285.2541032341991
OUT_16348,391.2861932781335
OUT_16349,858.9374884321819
OUT_16350,101.73073662740664
OUT_16351,978.2233222667396
OUT_16352,133.785997526083
OUT_16353,156.06802867313905
OUT_16354,153.60655916835827
OUT_16355,102.09684256133536
OUT_16356,258.83979796393044
OUT_16357,106.66114677484035
OUT_16358,140.5695634987818
OUT_16359,338.2697492400499
OUT_16360,128.16419576048307
OUT_16361,200.1699270097651
OUT_16362,923.6262976762353
OUT_16363,119.3108818274533
OUT_16364,928.7751631079566
OUT_16365,118.932742498796
OUT_16366,360.0911634290809
OUT_16367,276.1363382807136
OUT_16368,85.42992994022394
OUT_16369,91.72320499027876
OUT_16370,247.23240335089625
OUT_16371,94.25604911262306
OUT_16372,112.97925911936196
OUT_16373,213.66908672538412
OUT_16374,106.9071477152918
OUT_16375,346.1342933347725
OUT_16376,173.95721637131192
OUT_16377,262.809381473803
OUT_16378,383.7943503913408
OUT_16379,102.48034153816891
OUT_16380,289.926881359866
OUT_16381,263.1337325738672
OUT_16382,956.9437749543356
OUT_16383,999.4295341972312
OUT_16384,304.6939248425494
OUT_16385,151.55071503229945
OUT_16386,247.35533371889605
OUT_16387,395.0705404982806
OUT_16388,1213.0805345791955
OUT_16389,1032.5926867547923
OUT_16390,393.9010331867305
OUT_16391,103.8678820733286
OUT_16392,210.61034419374928
OUT_16393,122.38727783252816
OUT_16394,896.3818563140086
OUT_16395,108.24342585280412
OUT_16396,207.23803669907113
OUT_16397,893.443825808987
OUT_16398,280.63558534285994
OUT_16399,129.8207712913882
OUT_16400,116.44795317298096
OUT_16401,163.58182870637984
OUT_16402,330.3016209580625
OUT_16403,986.4205838422454
OUT_16404,297.2114681414918
OUT_16405,94.88202568176516
OUT_16406,291.8468058748558
OUT_16407,288.44935540753306
OUT_16408,193.41188325884735
OUT_16409,422.4277020174783
OUT_16410,110.82883824874197
OUT_16411,335.9599243318795
OUT_16412,139.29493150422758
OUT_16413,880.3749380541067
OUT_16414,919.824827818277
OUT_16415,91.12902780806131
OUT_16416,117.84942500429928
OUT_16417,1187.065438170298
OUT_16418,227.74752727946577
OUT_16419,237.38845965236547
OUT_16420,339.4069299066864
OUT_16421,380.2778571513044
OUT_16422,131.13406933772342
OUT_16423,423.97106397728624
OUT_16424,897.281151740965
OUT_16425,239.6764686429023
OUT_16426,947.4114852145732
OUT_16427,377.0585476259224
OUT_16428,351.2174741313459
OUT_16429,359.4363825246621
OUT_16430,84.59242431439658
OUT_16431,163.14417332497337
OUT_16432,133.24128685812852
OUT_16433,327.4792167847892
OUT_16434,158.35854106227424
OUT_16435,991.3686471983896
OUT_16436,331.3960849625328
OUT_16437,1171.2879488466242
OUT_16438,121.7553022104921
OUT_16439,389.9901811540255
OUT_16440,455.460626129924
OUT_16441,1069.4923387474332
OUT_16442,95.48018939701024
OUT_16443,99.28599644195788
OUT_16444,281.8276863341931
OUT_16445,423.7814801488611
OUT_16446,143.32999640439263
OUT_16447,130.39713290373265
OUT_16448,273.8936829092584
OUT_16449,343.15724373807234
OUT_16450,88.60835694084227
OUT_16451,895.1252900518846
OUT_16452,279.9736905739675
OUT_16453,115.5561354084968
OUT_16454,257.42315839823857
OUT_16455,389.3502533930748
OUT_16456,107.50344634317976
OUT_16457,279.9324516386667
OUT_16458,162.5755318179508
OUT_16459,932.8765506718172
OUT_16460,1137.6014587471568
OUT_16461,282.2137654336705
OUT_16462,136.35810706127705
OUT_16463,279.1987780735277
OUT_16464,357.47327960928544
OUT_16465,261.5090229778482
OUT_16466,96.95328581240412
OUT_16467,791.4661789204549
OUT_16468,304.82675358998785
OUT_16469,188.14515805249232
OUT_16470,894.4300586705069
OUT_16471,341.50395835297115
OUT_16472,376.194407220657
OUT_16473,124.152435095393
OUT_16474,134.90627644790925
OUT_16475,418.3882986041185
OUT_16476,149.323294548949
OUT_16477,296.1767473729571
OUT_16478,324.3304117352922
OUT_16479,264.86662103685615
OUT_16480,342.1388177908822
OUT_16481,169.9138907413648
OUT_16482,153.0215856055856
OUT_16483,282.5234648760081
OUT_16484,299.07392711235843
OUT_16485,158.30057469750554
OUT_16486,113.41247882638967
OUT_16487,258.219613607602
OUT_16488,1063.770353268187
OUT_16489,244.21954858305403
OUT_16490,221.79144530241234
OUT_16491,132.8471592771723
OUT_16492,1103.1441360052752
OUT_16493,84.9865871080534
OUT_16494,286.53741894960217
OUT_16495,352.6359388221632
OUT_16496,245.850133699326
OUT_16497,1128.2711375084598
OUT_16498,209.3410579246725
OUT_16499,340.8214666854148
OUT_16500,142.51849093628385
OUT_16501,245.5394227591221
OUT_16502,911.499960531164
OUT_16503,100.58697204184082
OUT_16504,128.13065168955853
OUT_16505,312.50355447327615
OUT_16506,122.20633049825958
OUT_16507,336.49525629287564
OUT_16508,99.81859044509216
OUT_16509,229.0077057707692
OUT_16510,179.9635604946604
OUT_16511,902.8840300105744
OUT_16512,109.4524526118979
OUT_16513,272.4091415138578
OUT_16514,324.113922108724
OUT_16515,334.74385017316695
OUT_16516,240.09410730386264
OUT_16517,298.5989863529917
OUT_16518,96.07338676544693
OUT_16519,111.4279977013273
OUT_16520,1154.8097272956693
OUT_16521,428.7296111435784
OUT_16522,160.3129272599228
OUT_16523,94.36037190033528
OUT_16524,252.77212085551653
OUT_16525,329.77529635338504
OUT_16526,103.63493684240484
OUT_16527,141.21026931830446
OUT_16528,113.9544699384306
OUT_16529,419.51754268500645
OUT_16530,836.3086979524509
OUT_16531,980.620433603022
OUT_16532,132.9789189302169
OUT_16533,317.88627123887545
OUT_16534,219.20454719993234
OUT_16535,94.1128608154994
OUT_16536,905.7495091157934
OUT_16537,407.03185453305593
OUT_16538,1342.685064288523
OUT_16539,324.2673568727546
OUT_16540,930.6768687915252
OUT_16541,223.17408206434078
OUT_16542,356.19222904310334
OUT_16543,322.0014439570656
OUT_16544,401.75914030634647
OUT_16545,165.88945003434253
OUT_16546,434.9946284145137
OUT_16547,122.2208602969026
OUT_16548,1091.9514777963252
OUT_16549,89.53955514096307
OUT_16550,127.9011442864103
OUT_16551,337.73257065227347
OUT_16552,123.44856144568575
OUT_16553,388.65861281644015
OUT_16554,182.65424385948674
OUT_16555,383.6724158734602
OUT_16556,112.58077231654951
OUT_16557,170.24320228941616
OUT_16558,392.01844705533824
OUT_16559,354.75174594136894
OUT_16560,149.66869088165632
OUT_16561,163.7428107215253
OUT_16562,137.9999645376903
OUT_16563,289.0051378221566
OUT_16564,224.2728128905045
OUT_16565,127.4235694255348
OUT_16566,241.96797369915393
OUT_16567,299.4730547321732
OUT_16568,138.32289633795983
OUT_16569,313.70666006047543
OUT_16570,1067.6021275889434
OUT_16571,117.9515353185799
OUT_16572,117.64071388275094
OUT_16573,1171.230491325557
OUT_16574,113.6561704338046
OUT_16575,152.9078464389796
OUT_16576,834.8628588240404
OUT_16577,143.39109749139297
OUT_16578,342.8668693190857
OUT_16579,298.401607086153
OUT_16580,93.88885732862336
OUT_16581,108.40026003593825
OUT_16582,118.0098533526738
OUT_16583,902.5801197104868
OUT_16584,159.5608667308194
OUT_16585,96.21691058276646
OUT_16586,845.7884576583341
OUT_16587,304.26356940100675
OUT_16588,300.08818395176735
OUT_16589,335.1917754326751
OUT_16590,920.9451100537322
OUT_16591,302.21094848204564
OUT_16592,332.8878472938709
OUT_16593,895.3007979353417
OUT_16594,120.89756678594615
OUT_16595,223.19053846413783
OUT_16596,1181.5841318968764
OUT_16597,1183.209356562394
OUT_16598,928.4837739235096
OUT_16599,100.0523647789339
OUT_16600,84.56966134208575
OUT_16601,272.8745671007483
OUT_16602,901.0353028734564
OUT_16603,197.83631267276465
OUT_16604,109.96382198468731
OUT_16605,1161.1921897822374
OUT_16606,171.5875313024954
OUT_16607,320.6810344386755
OUT_16608,140.94036753168578
OUT_16609,391.02077107121636
OUT_16610,144.81298900981176
OUT_16611,92.48132976885177
OUT_16612,260.46577158603685
OUT_16613,232.72103479495172
OUT_16614,308.130790385138
OUT_16615,154.05792327922376
OUT_16616,373.8748839024008
OUT_16617,270.974947389488
OUT_16618,118.21920144390546
OUT_16619,270.55371521250777
OUT_16620,296.5081554906507
OUT_16621,223.5661143964325
OUT_16622,245.8594074807396
OUT_16623,968.1311828298572
OUT_16624,98.52876596582227
OUT_16625,343.01121738401
OUT_16626,169.33724818775798
OUT_16627,273.3086157273435
OUT_16628,109.4419371971906
OUT_16629,278.7449462550278
OUT_16630,155.64184652728386
OUT_16631,316.3731920169047
OUT_16632,294.8691319593747
OUT_16633,967.712268169348
OUT_16634,262.55118705446205
OUT_16635,161.30233161259423
OUT_16636,350.7812829336507
OUT_16637,373.89045171658995
OUT_16638,119.11483656164276
OUT_16639,1184.1349239578535
OUT_16640,397.1405729206292
OUT_16641,949.0637755003452
OUT_16642,317.3637107822908
OUT_16643,270.3591142678836
OUT_16644,233.7049902682553
OUT_16645,302.05599249189896
OUT_16646,408.06594977446264
OUT_16647,476.40751389597517
OUT_16648,238.16368643399258
OUT_16649,914.8765288335884
OUT_16650,242.4125699276656
OUT_16651,241.3943718210786
OUT_16652,389.705064307228
OUT_16653,100.80579624896237
OUT_16654,954.1466830857672
OUT_16655,287.93514683093304
OUT_16656,916.6763651793408
OUT_16657,894.1374838256606
OUT_16658,128.84078355591978
OUT_16659,953.4065102554586
OUT_16660,100.40304185987162
OUT_16661,516.1599802036153
OUT_16662,280.8820292354098
OUT_16663,81.16745151136496
OUT_16664,308.63205336171654
OUT_16665,445.83705858672033
OUT_16666,324.87593301707545
OUT_16667,168.2648651605766
OUT_16668,102.36366148564538
OUT_16669,131.0322114696175
OUT_16670,766.7321409138901
OUT_16671,121.92556498749852
OUT_16672,150.46803206651867
OUT_16673,232.28518705862743
OUT_16674,123.01124762451394
OUT_16675,881.2044857806457
OUT_16676,981.9507162948996
OUT_16677,90.52461086638232
OUT_16678,104.29765746705968
OUT_16679,126.91950052105719
OUT_16680,431.9202021892793
OUT_16681,288.3752450238769
OUT_16682,114.3869320982384
OUT_16683,121.42045988837901
OUT_16684,94.22257823690624
OUT_16685,365.67613163529154
OUT_16686,172.92329315659345
OUT_16687,960.4339441647436
OUT_16688,1219.8632509377037
OUT_16689,242.31216407181708
OUT_16690,782.3204107016675
OUT_16691,126.29552109675305
OUT_16692,323.8425830525155
OUT_16693,181.65395589955455
OUT_16694,346.86466056284576
OUT_16695,114.13517265264807
OUT_16696,99.9789383783569
OUT_16697,79.39523609571502
OUT_16698,417.93948470393786
OUT_16699,124.39535376202971
OUT_16700,89.55348076481097
OUT_16701,76.29164805212531
OUT_16702,435.13531828639145
OUT_16703,905.2776348266342
OUT_16704,205.4781243309039
OUT_16705,341.37385340069284
OUT_16706,137.7153579097931
OUT_16707,945.9620071971646
OUT_16708,209.1829921100316
OUT_16709,105.46355841388038
OUT_16710,260.5209576332019
OUT_16711,919.4746298980868
OUT_16712,998.0909024201916
OUT_16713,188.61034869769045
OUT_16714,124.27660974431092
OUT_16715,145.89147805079884
OUT_16716,357.96207541733065
OUT_16717,389.7742327652471
OUT_16718,114.74006324766982
OUT_16719,356.44283459141457
OUT_16720,119.96615071516096
OUT_16721,469.44697805926853
OUT_16722,259.69346308328284
OUT_16723,185.68550430291432
OUT_16724,899.395037263129
OUT_16725,424.7209824422998
OUT_16726,433.00557061121333
OUT_16727,118.77696932355563
OUT_16728,916.394072362308
OUT_16729,89.68797908145771
OUT_16730,278.7498178621968
OUT_16731,260.76236699702173
OUT_16732,335.14136791141937
OUT_16733,216.15372183587354
OUT_16734,163.07942115997366
OUT_16735,199.20465130395664
OUT_16736,134.62763363819923
OUT_16737,259.4982215952694
OUT_16738,938.8405302498636
OUT_16739,399.2371727564639
OUT_16740,342.53552939116946
OUT_16741,936.5978381530068
OUT_16742,1016.3485323821642
OUT_16743,135.7329567551419
OUT_16744,164.4627873879757
OUT_16745,306.3892523087277
OUT_16746,402.1872720170602
OUT_16747,225.09878318888943
OUT_16748,102.7184736217246
OUT_16749,862.7546108040294
OUT_16750,233.13256903468653
OUT_16751,213.7939982023669
OUT_16752,182.29284295829908
OUT_16753,915.6471543563588
OUT_16754,108.63935768452431
OUT_16755,125.60178814742831
OUT_16756,139.1608870426999
OUT_16757,312.88494053461784
OUT_16758,112.61661917786503
OUT_16759,128.03262257447003
OUT_16760,344.9072992699332
OUT_16761,175.01786892107617
OUT_16762,372.378953410548
OUT_16763,133.8791242269129
OUT_16764,448.84461268314624
OUT_16765,248.3068362096673
OUT_16766,280.9695617588403
OUT_16767,157.20901090717624
OUT_16768,345.73520709250863
OUT_16769,965.6609805769056
OUT_16770,268.26620010871693
OUT_16771,217.60824021663933
OUT_16772,147.65543647638975
OUT_16773,272.80762163096273
OUT_16774,122.92410657040932
OUT_16775,940.2298787599192
OUT_16776,305.7711231849581
OUT_16777,227.65467225454813
OUT_16778,411.3018840677614
OUT_16779,149.08220879163088
OUT_16780,136.32135014091617
OUT_16781,102.51096830323374
OUT_16782,114.2068074254284
OUT_16783,321.35849584560424
OUT_16784,311.95063710330203
OUT_16785,950.1116937715542
OUT_16786,920.1853456037628
OUT_16787,855.4804339782643
OUT_16788,138.15968421216238
OUT_16789,120.68820025748728
OUT_16790,429.45570140732445
OUT_16791,835.1302086692937
OUT_16792,131.73291910767398
OUT_16793,337.28707276719683
OUT_16794,343.5633216414095
OUT_16795,314.2385919623771
OUT_16796,329.5963541186294
OUT_16797,251.4621792560333
OUT_16798,206.45872420651907
OUT_16799,112.18422322735864
OUT_16800,352.21766927361165
OUT_16801,141.73738896743234
OUT_16802,278.09599944499286
OUT_16803,154.26165096734795
OUT_16804,937.927516716726
OUT_16805,335.322833541151
OUT_16806,1015.1651925995328
OUT_16807,329.7679833611031
OUT_16808,923.7955543782768
OUT_16809,1210.1337740644612
OUT_16810,253.57285745948127
OUT_16811,109.02797022470874
OUT_16812,975.0837427229644
OUT_16813,969.8255268126256
OUT_16814,227.89661856632432
OUT_16815,919.2582156375236
OUT_16816,189.92982627427034
OUT_16817,332.6380062461859
OUT_16818,313.9086503604919
OUT_16819,155.62966076818063
OUT_16820,969.626423553808
OUT_16821,425.9523163721818
OUT_16822,163.21668602068013
OUT_16823,134.5009665072556
OUT_16824,319.76698378807606
OUT_16825,158.3162904058745
OUT_16826,149.93326243998473
OUT_16827,1225.6291102715516
OUT_16828,297.50481729450837
OUT_16829,161.23653080157257
OUT_16830,952.3154076289416
OUT_16831,105.51016875225184
OUT_16832,938.7560458447188
OUT_16833,320.1194843822849
OUT_16834,287.461085265013
OUT_16835,274.8849166643845
OUT_16836,139.5735317765943
OUT_16837,104.84849028556893
OUT_16838,967.514907443685
OUT_16839,327.9457264300985
OUT_16840,920.3105318705476
OUT_16841,910.5235857538322
OUT_16842,254.82852333573626
OUT_16843,181.78411765362853
OUT_16844,221.94255414737927
OUT_16845,78.2425588584139
OUT_16846,143.92228710693868
OUT_16847,178.9958422801079
OUT_16848,1254.5566993945067
OUT_16849,133.4640572765205
OUT_16850,339.9508236595383
OUT_16851,753.8612037833824
OUT_16852,231.28360399078872
OUT_16853,387.60022760685456
OUT_16854,100.11085160211452
OUT_16855,260.04519099478307
OUT_16856,439.81871452146856
OUT_16857,398.9853291720174
OUT_16858,977.675335520063
OUT_16859,204.65822175777768
OUT_16860,242.39605592681275
OUT_16861,316.35467826069237
OUT_16862,243.01845006857937
OUT_16863,1056.3848669498122
OUT_16864,1167.5038351701114
OUT_16865,151.65919268950222
OUT_16866,300.5889818306967
OUT_16867,131.73302379067152
OUT_16868,924.6684016221504
OUT_16869,111.0223553797156
OUT_16870,312.5674530411933
OUT_16871,378.5770499878755
OUT_16872,934.3545425611438
OUT_16873,273.9474266569216
OUT_16874,346.12590062546764
OUT_16875,255.0390941086585
OUT_16876,908.2316759075704
OUT_16877,251.04650535870405
OUT_16878,466.9459351984002
OUT_16879,147.73186169267103
OUT_16880,951.786453893571
OUT_16881,98.81466338890277
OUT_16882,244.4855737467948
OUT_16883,187.941723420473
OUT_16884,967.1344746528672
OUT_16885,136.84796603806296
OUT_16886,271.84412580523815
OUT_16887,163.8076672070444
OUT_16888,280.1864030521788
OUT_16889,320.47271784311806
OUT_16890,125.23169277045379
OUT_16891,968.0044770080824
OUT_16892,123.8574642881434
OUT_16893,274.4659372437497
OUT_16894,381.85885388840506
OUT_16895,97.59543098667972
OUT_16896,103.04893422166016
OUT_16897,121.00059037122432
OUT_16898,121.90691588427543
OUT_16899,926.4480695991706
OUT_16900,881.2828240371074
OUT_16901,125.81291303671937
OUT_16902,259.5348336513126
OUT_16903,162.5535182333648
OUT_16904,84.4973133992244
OUT_16905,436.00820619149715
OUT_16906,123.1587050839234
OUT_16907,218.0984393658065
OUT_16908,949.6393758797738
OUT_16909,835.1975975889188
OUT_16910,185.89896197238585
OUT_16911,263.4244752391012
OUT_16912,114.40771978190742
OUT_16913,232.8368617050543
OUT_16914,167.3240393583458
OUT_16915,118.85694980681816
OUT_16916,100.72901128936384
OUT_16917,213.82453427190865
OUT_16918,93.22654960132505
OUT_16919,140.28928818725774
OUT_16920,369.38186088115697
OUT_16921,328.8852395419645
OUT_16922,104.12490429686608
OUT_16923,277.5438275622625
OUT_16924,902.1924250781626
OUT_16925,939.3364796493988
OUT_16926,99.50956523539594
OUT_16927,320.8734128861435
OUT_16928,296.4140256578879
OUT_16929,364.8615178227402
OUT_16930,319.5644593024344
OUT_16931,94.32092696641854
OUT_16932,368.6328676153795
OUT_16933,213.7880313773269
OUT_16934,358.9700081796383
OUT_16935,1198.9534831279095
OUT_16936,262.86701622093534
OUT_16937,838.1014048720134
OUT_16938,118.17437526131
OUT_16939,306.4292087159582
OUT_16940,104.69326769456568
OUT_16941,149.98810152406386
OUT_16942,314.3985789533124
OUT_16943,117.14105871388458
OUT_16944,383.5761013352886
OUT_16945,198.1100509142094
OUT_16946,1222.3143769322892
OUT_16947,165.64920542909658
OUT_16948,140.1754918588813
OUT_16949,113.43472172620032
OUT_16950,440.28162599153643
OUT_16951,115.3715521265679
OUT_16952,150.99002685360853
OUT_16953,91.1194557754043
OUT_16954,180.84699292370738
OUT_16955,136.6245936640405
OUT_16956,454.79307209122726
OUT_16957,210.13527736915677
OUT_16958,929.037487492321
OUT_16959,1186.9564176826816
OUT_16960,130.64720020809446
OUT_16961,304.89729393402763
OUT_16962,381.5251236349336
OUT_16963,99.99904124970536
OUT_16964,169.54603491743998
OUT_16965,251.03425571376656
OUT_16966,192.4490970955608
OUT_16967,364.7027463755255
OUT_16968,335.1195399032433
OUT_16969,374.28189642600273
OUT_16970,410.34837762853806
OUT_16971,917.0753112883432
OUT_16972,129.34077847417598
OUT_16973,179.26118075716386
OUT_16974,294.9376322898562
OUT_16975,311.20912941668223
OUT_16976,110.69197754602348
OUT_16977,927.563155428182
OUT_16978,187.946074775277
OUT_16979,354.2097712453523
OUT_16980,128.28767223801373
OUT_16981,113.96995736968144
OUT_16982,346.76956043573443
OUT_16983,449.80560405519543
OUT_16984,124.1343657707944
OUT_16985,314.4524168950024
OUT_16986,1121.2036289610105
OUT_16987,389.5357809259226
OUT_16988,311.66672117172743
OUT_16989,338.98081830426554
OUT_16990,1114.6476432382103
OUT_16991,336.13935162244763
OUT_16992,454.64208075138595
OUT_16993,91.42330593702772
OUT_16994,293.0781373507436
OUT_16995,114.81600792652327
OUT_16996,299.85901140646644
OUT_16997,310.0520879072186
OUT_16998,438.7633597666828
OUT_16999,316.8890335290549
OUT_17000,274.3071092693405
OUT_17001,106.97184919819236
OUT_17002,343.4163086119996
OUT_17003,207.32771916259685
OUT_17004,388.9879924563853
OUT_17005,346.0409144962242
OUT_17006,346.80957009058557
OUT_17007,418.650360091581
OUT_17008,943.0356873178988
OUT_17009,1176.2474924519383
OUT_17010,1245.5910823658387
OUT_17011,117.1516032174476
OUT_17012,171.17648449448288
OUT_17013,127.61118070176872
OUT_17014,1223.9501880033156
OUT_17015,361.6233726592658
OUT_17016,337.69259132302136
OUT_17017,328.6961999346868
OUT_17018,226.69481000765313
OUT_17019,345.9175705572403
OUT_17020,140.5543270750026
OUT_17021,920.3117194846668
OUT_17022,140.73605817002712
OUT_17023,128.28888808401015
OUT_17024,366.7305296369167
OUT_17025,1055.482647825194
OUT_17026,116.89159740935672
OUT_17027,338.3610244026421
OUT_17028,957.6936680095988
OUT_17029,108.22215546632414
OUT_17030,174.18390088214588
OUT_17031,119.42015494862852
OUT_17032,118.20780324515432
OUT_17033,149.0843414505756
OUT_17034,389.6872779960122
OUT_17035,490.0350829352029
OUT_17036,276.0094312785544
OUT_17037,332.839022160801
OUT_17038,102.75921795872628
OUT_17039,402.40429903179415
OUT_17040,108.77988891348832
OUT_17041,439.132584097747
OUT_17042,94.8538541838746
OUT_17043,109.13428961655524
OUT_17044,877.8121123190625
OUT_17045,166.50524394100938
OUT_17046,124.7282781675955
OUT_17047,954.0070886597498
OUT_17048,176.0150709580651
OUT_17049,1163.7544651971903
OUT_17050,366.3925144995136
OUT_17051,118.550931775866
OUT_17052,147.73502606702422
OUT_17053,328.5079773891238
OUT_17054,281.7214831264969
OUT_17055,131.44247825361623
OUT_17056,395.25260287953927
OUT_17057,302.28505080173574
OUT_17058,934.7769533799396
OUT_17059,323.32809013950003
OUT_17060,150.41305137695278
OUT_17061,310.9528756581926
OUT_17062,165.21527493738967
OUT_17063,327.6755019777606
OUT_17064,395.8127109845849
OUT_17065,387.88811844305894
OUT_17066,997.2083363718136
OUT_17067,1245.0450661279465
OUT_17068,361.4236133816703
OUT_17069,234.8959447925172
OUT_17070,435.2668116712905
OUT_17071,1205.172239258519
OUT_17072,182.52949521449816
OUT_17073,335.5183450970927
OUT_17074,355.3936210582026
OUT_17075,144.96919703579985
OUT_17076,236.738469870654
OUT_17077,122.31998252647855
OUT_17078,963.8739194571904
OUT_17079,381.54105167802845
OUT_17080,277.1597786316161
OUT_17081,122.66187741739748
OUT_17082,1200.7053724120512
OUT_17083,388.45456903304364
OUT_17084,388.751962324822
OUT_17085,974.156088282353
OUT_17086,125.5248474766997
OUT_17087,1264.2377840402985
OUT_17088,1019.2801075131922
OUT_17089,177.35994080036227
OUT_17090,261.85042861950967
OUT_17091,126.40015036934082
OUT_17092,960.9478063055188
OUT_17093,134.63551273716936
OUT_17094,340.6969682095414
OUT_17095,397.80186487794435
OUT_17096,101.0422297189426
OUT_17097,279.77623407733654
OUT_17098,312.87538472614614
OUT_17099,408.2342105736863
OUT_17100,331.41165770154527
OUT_17101,937.3847457668728
OUT_17102,331.0442219887707
OUT_17103,136.74204355456544
OUT_17104,389.3646862382951
OUT_17105,268.1003227410632
OUT_17106,349.6374128584189
OUT_17107,345.89723310506383
OUT_17108,136.95063675293218
OUT_17109,118.74212532714508
OUT_17110,1026.095493434162
OUT_17111,369.2572779859723
OUT_17112,385.1579615949927
OUT_17113,201.04055449927563
OUT_17114,153.963851328997
OUT_17115,175.95103684846407
OUT_17116,381.8477839833213
OUT_17117,115.37386653686502
OUT_17118,220.2072350200058
OUT_17119,348.7290160818589
OUT_17120,131.032797443437
OUT_17121,945.914265499488
OUT_17122,365.4648795050972
OUT_17123,945.023550392623
OUT_17124,911.7849434044672
OUT_17125,349.7163166240693
OUT_17126,118.76961177653112
OUT_17127,128.08478191917254
OUT_17128,131.3685384898459
OUT_17129,913.5458611558548
OUT_17130,90.11767158222008
OUT_17131,1189.8246321581703
OUT_17132,124.90505746313907
OUT_17133,285.82778712037225
OUT_17134,440.59918603901497
OUT_17135,299.422434376445
OUT_17136,451.74313674347377
OUT_17137,328.4343464800167
OUT_17138,153.50271012532488
OUT_17139,129.4131457292558
OUT_17140,271.8248217024729
OUT_17141,341.41544283514617
OUT_17142,365.4948658451764
OUT_17143,328.61093570913874
OUT_17144,281.9006039195961
OUT_17145,96.89364128558312
OUT_17146,158.78997474036748
OUT_17147,142.09298940354756
OUT_17148,323.62225548548594
OUT_17149,338.8810260791653
OUT_17150,245.96602794624593
OUT_17151,218.7903448060526
OUT_17152,378.99466188447957
OUT_17153,1174.731906203566
OUT_17154,117.66054440179124
OUT_17155,302.14475325362935
OUT_17156,232.66027407929857
OUT_17157,342.75581987942206
OUT_17158,328.6191721767329
OUT_17159,317.6309187208253
OUT_17160,877.6953690349129
OUT_17161,354.6935455809544
OUT_17162,1078.9479621455248
OUT_17163,332.2347516512805
OUT_17164,420.4033882433778
OUT_17165,182.8434474003113
OUT_17166,384.00206569827174
OUT_17167,1348.7241281804504
OUT_17168,237.75610689849898
OUT_17169,435.74194765427103
OUT_17170,123.39567785166322
OUT_17171,148.97259191608703
OUT_17172,958.5241029402446
OUT_17173,304.52560743357384
OUT_17174,90.93928851048432
OUT_17175,1201.898857677861
OUT_17176,101.09446296227046
OUT_17177,316.34498743077074
OUT_17178,983.0849500888204
OUT_17179,366.8745919362194
OUT_17180,163.54344639978507
OUT_17181,110.97638010280107
OUT_17182,112.63468315577668
OUT_17183,905.00808061352
OUT_17184,403.3934584744644
OUT_17185,125.99566460931548
OUT_17186,411.0637113481226
OUT_17187,1161.1529163865923
OUT_17188,211.2167328092172
OUT_17189,346.277220153546
OUT_17190,179.56149581472084
OUT_17191,356.8153316211984
OUT_17192,905.3068156455612
OUT_17193,262.0487570265012
OUT_17194,343.53544843760346
OUT_17195,137.41284152866797
OUT_17196,116.28276350384002
OUT_17197,195.2342448677964
OUT_17198,434.44232748282184
OUT_17199,133.03484259031939
OUT_17200,395.1631133082355
OUT_17201,438.99623549397916
OUT_17202,320.2938101543388
OUT_17203,148.6320476670635
OUT_17204,307.32385148591857
OUT_17205,100.16575948398149
OUT_17206,349.19015956618244
OUT_17207,981.9435017593636
OUT_17208,949.3165915086194
OUT_17209,239.7435729336209
OUT_17210,157.6380855719675
OUT_17211,285.1203688046487
OUT_17212,149.64585725081173
OUT_17213,146.81059018331996
OUT_17214,476.849612278967
OUT_17215,460.4674732703231
OUT_17216,1360.2664084147073
OUT_17217,239.3245735435439
OUT_17218,125.2362085687936
OUT_17219,126.00379765208
OUT_17220,369.29962658754266
OUT_17221,242.67468752952144
OUT_17222,402.82663691231164
OUT_17223,356.9244115966778
OUT_17224,280.8916610580209
OUT_17225,344.3300479295613
OUT_17226,141.62305071028322
OUT_17227,353.0703657499056
OUT_17228,377.8283860349608
OUT_17229,119.63153755810308
OUT_17230,83.76158972169155
OUT_17231,1022.1685957385928
OUT_17232,891.9376699290694
OUT_17233,329.1813530376064
OUT_17234,470.2354736456434
OUT_17235,149.79091239900563
OUT_17236,133.95406072900494
OUT_17237,136.6167826440889
OUT_17238,135.3582137672022
OUT_17239,418.03245768784507
OUT_17240,327.6181817736893
OUT_17241,494.32864553454624
OUT_17242,338.06366480424833
OUT_17243,286.89034066724093
OUT_17244,319.60429414042665
OUT_17245,382.46109094228586
OUT_17246,353.87871952391794
OUT_17247,313.8796698821498
OUT_17248,356.8971912394129
OUT_17249,235.99091046571567
OUT_17250,420.42864525909715
OUT_17251,156.9668930100045
OUT_17252,234.38957230311308
OUT_17253,304.7089153939221
OUT_17254,130.54262432580293
OUT_17255,413.92807117236
OUT_17256,154.96422802513294
OUT_17257,346.2130082166057
OUT_17258,258.3528404700039
OUT_17259,374.53545630539827
OUT_17260,368.9275225420961
OUT_17261,83.28473345747962
OUT_17262,143.53456290736077
OUT_17263,1091.7386448028824
OUT_17264,400.52601689409016
OUT_17265,221.31118982543484
OUT_17266,108.67042890061934
OUT_17267,528.3008030779806
OUT_17268,303.3313218582598
OUT_17269,347.4684543240753
OUT_17270,984.9264799552236
OUT_17271,358.35881436423085
OUT_17272,354.18966510504526
OUT_17273,409.9131703471438
OUT_17274,326.1635643280191
OUT_17275,409.7635250196096
OUT_17276,305.5920211366407
OUT_17277,306.1042954036062
OUT_17278,110.73942929717722
OUT_17279,284.18198321065285
OUT_17280,1183.8666058172448
OUT_17281,198.16785161400418
OUT_17282,329.45686829505104
OUT_17283,154.35950980525286
OUT_17284,219.52998111995242
OUT_17285,410.909791122643
OUT_17286,175.95548343632333
OUT_17287,111.81511491624526
OUT_17288,100.27576728364926
OUT_17289,315.3919595074822
OUT_17290,106.97365105320571
OUT_17291,156.90908934585576
OUT_17292,157.77310916496805
OUT_17293,382.1595746258755
OUT_17294,289.85910634459674
OUT_17295,332.2893415071162
OUT_17296,152.48264506832956
OUT_17297,115.32248818418049
OUT_17298,300.6787126303135
OUT_17299,282.2937142692906
OUT_17300,322.55594425644057
OUT_17301,989.9606887200656
OUT_17302,395.92794799525836
OUT_17303,345.0002302009696
OUT_17304,957.035218714036
OUT_17305,351.40468563181696
OUT_17306,108.9590604968228
OUT_17307,394.4719146223664
OUT_17308,285.7099094815665
OUT_17309,153.34394756703588
OUT_17310,142.45223573814908
OUT_17311,107.2875396992946
OUT_17312,990.8092766381952
OUT_17313,120.8529788139649
OUT_17314,919.8365385778582
OUT_17315,870.721829842869
OUT_17316,147.7079009730146
OUT_17317,336.3719422903415
OUT_17318,976.0945934519566
OUT_17319,138.76534061468254
OUT_17320,426.04744582430783
OUT_17321,968.0180116779296
OUT_17322,354.44261072008374
OUT_17323,302.2540922833588
OUT_17324,1002.161145454392
OUT_17325,459.0092631385255
OUT_17326,1133.553469388799
OUT_17327,121.7261155406774
OUT_17328,440.35492912409154
OUT_17329,975.9894894354704
OUT_17330,126.237313673426
OUT_17331,96.73376857030462
OUT_17332,121.72410546193768
OUT_17333,404.7072478909362
OUT_17334,905.8527450364196
OUT_17335,138.54803598772136
OUT_17336,131.57901079231027
OUT_17337,164.32180086335987
OUT_17338,289.82578526383367
OUT_17339,332.57781323166375
OUT_17340,248.34707803989073
OUT_17341,87.27923554735666
OUT_17342,350.5679536163028
OUT_17343,434.9983366979156
OUT_17344,106.17769109254586
OUT_17345,962.1244236340324
OUT_17346,139.60036247682262
OUT_17347,126.43396299938988
OUT_17348,881.5766704264968
OUT_17349,106.7711828911297
OUT_17350,919.5968323141334
OUT_17351,145.59786336480335
OUT_17352,111.10734670440672
OUT_17353,116.06719210382946
OUT_17354,918.8740265362812
OUT_17355,165.25141982556784
OUT_17356,232.69623142433284
OUT_17357,147.91612667104346
OUT_17358,116.84605145362072
OUT_17359,93.84214114597424
OUT_17360,143.4865407209307
OUT_17361,360.41558959570466
OUT_17362,388.70014760103527
OUT_17363,236.89637104124438
OUT_17364,338.5150990753093
OUT_17365,170.02839235981054
OUT_17366,961.0686352530764
OUT_17367,155.0686409085286
OUT_17368,119.28447289921392
OUT_17369,252.13912463762975
OUT_17370,172.5568034366695
OUT_17371,1171.1345067229659
OUT_17372,906.0289144430044
OUT_17373,351.7901190699745
OUT_17374,1001.6615535451276
OUT_17375,230.09024448882602
OUT_17376,156.62526875658878
OUT_17377,89.24195210929071
OUT_17378,1015.3399235747414
OUT_17379,220.70971144807123
OUT_17380,383.4636290162796
OUT_17381,303.5871876549089
OUT_17382,109.7828271368605
OUT_17383,172.25366054686805
OUT_17384,83.82113338390036
OUT_17385,391.4672406480065
OUT_17386,317.59495452282744
OUT_17387,230.4982857488217
OUT_17388,151.84532732513568
OUT_17389,1182.0582102480225
OUT_17390,307.2291239774762
OUT_17391,122.00650692141288
OUT_17392,929.8348644673724
OUT_17393,139.9523038263171
OUT_17394,370.310845326532
OUT_17395,98.26527793743794
OUT_17396,387.4537758254818
OUT_17397,438.1864247410998
OUT_17398,142.57620043329413
OUT_17399,390.00917747133485
OUT_17400,319.53294462495376
OUT_17401,313.4146490850088
OUT_17402,314.68261713897544
OUT_17403,314.08361183399387
OUT_17404,370.84637089877003
OUT_17405,907.4274272394684
OUT_17406,202.35737561344928
OUT_17407,255.0820693254745
OUT_17408,1064.1635328358143
OUT_17409,311.71382002140865
OUT_17410,126.375094605489
OUT_17411,150.074922334079
OUT_17412,119.57261020287702
OUT_17413,349.1605924541535
OUT_17414,342.6796169414273
OUT_17415,409.46773530783526
OUT_17416,965.6077610954676
OUT_17417,80.87031168528338
OUT_17418,363.87082763946046
OUT_17419,335.57055542668763
OUT_17420,336.55570292717533
OUT_17421,310.7173897454636
OUT_17422,992.1536637721608
OUT_17423,998.5538306144152
OUT_17424,1195.731700382526
OUT_17425,1160.6991714703245
OUT_17426,132.58631247401968
OUT_17427,204.9243326133767
OUT_17428,124.88239341852989
OUT_17429,144.10471354798318
OUT_17430,915.2969233084224
OUT_17431,149.53206139575468
OUT_17432,318.2650229489157
OUT_17433,966.9058268746162
OUT_17434,113.42492776046876
OUT_17435,956.8152934987
OUT_17436,938.7270741299002
OUT_17437,1198.2160731647134
OUT_17438,175.30830125003968
OUT_17439,321.57884068456
OUT_17440,1002.54333597517
OUT_17441,231.88250323454375
OUT_17442,104.21545427829219
OUT_17443,307.6891062152474
OUT_17444,127.76911711691201
OUT_17445,159.24789464297135
OUT_17446,273.0237378381912
OUT_17447,909.5947861583866
OUT_17448,160.01796809201107
OUT_17449,159.38924101174246
OUT_17450,323.4918192769693
OUT_17451,317.7324884007696
OUT_17452,516.585693592834
OUT_17453,419.87158578627316
OUT_17454,142.38029231723226
OUT_17455,165.15514584152203
OUT_17456,129.53145268376934
OUT_17457,967.0259094548124
OUT_17458,211.02042326418712
OUT_17459,957.8224802547034
OUT_17460,328.3812013592189
OUT_17461,121.09869779938973
OUT_17462,102.50101968058377
OUT_17463,399.8353737821943
OUT_17464,339.522644576636
OUT_17465,151.83804398513084
OUT_17466,405.98247091262635
OUT_17467,139.82221565852973
OUT_17468,347.3527180204656
OUT_17469,157.6569665486208
OUT_17470,160.33525786667613
OUT_17471,453.91304998088356
OUT_17472,157.02369071123522
OUT_17473,412.41286765065456
OUT_17474,944.4241285433418
OUT_17475,165.5637460495892
OUT_17476,380.9135847365799
OUT_17477,952.0551708775772
OUT_17478,985.7335152039112
OUT_17479,167.2451403883921
OUT_17480,117.6685876703764
OUT_17481,253.7175137782831
OUT_17482,290.22369541149624
OUT_17483,316.7009628816504
OUT_17484,460.2733502322202
OUT_17485,157.23837404769287
OUT_17486,145.63915140515263
OUT_17487,124.25423999939716
OUT_17488,293.6405143697922
OUT_17489,207.75565910155672
OUT_17490,152.2070599932678
OUT_17491,382.4038525839827
OUT_17492,947.0136822020964
OUT_17493,128.01928161032163
OUT_17494,931.1738689138264
OUT_17495,1318.617768895553
OUT_17496,228.41161902959703
OUT_17497,162.1854490113456
OUT_17498,145.47602085981998
OUT_17499,507.58371179586754
OUT_17500,495.0646112441936
OUT_17501,298.13606940601693
OUT_17502,406.6485115811013
OUT_17503,103.43358294450226
OUT_17504,90.48298345132613
OUT_17505,161.19011649410152
OUT_17506,869.5601857138968
OUT_17507,200.92386486678652
OUT_17508,909.7399277913596
OUT_17509,151.20087745761174
OUT_17510,108.2277857396476
OUT_17511,287.94693163095764
OUT_17512,263.20257108890405
OUT_17513,103.73656703223148
OUT_17514,138.77505035001593
OUT_17515,275.5408304814997
OUT_17516,431.7003455498648
OUT_17517,124.2562207912154
OUT_17518,106.74039140934254
OUT_17519,380.3115234430076
OUT_17520,266.11757091280333
OUT_17521,415.4848029326489
OUT_17522,1007.0125662170364
OUT_17523,137.3292770188973
OUT_17524,938.4527372636428
OUT_17525,346.88319239982724
OUT_17526,432.8903557244399
OUT_17527,313.6321685759859
OUT_17528,295.5618589353597
OUT_17529,242.24601825657217
OUT_17530,964.9202003112767
OUT_17531,203.48467211359662
OUT_17532,913.8056449647108
OUT_17533,97.42543506100624
OUT_17534,153.6960861398432
OUT_17535,347.2167521863428
OUT_17536,212.0626091572048
OUT_17537,251.8359843287728
OUT_17538,356.6995274458204
OUT_17539,144.12244012058915
OUT_17540,975.722389753182
OUT_17541,112.99720401940432
OUT_17542,294.98190606572933
OUT_17543,116.79502767063296
OUT_17544,158.82120064161597
OUT_17545,133.64153761194586
OUT_17546,152.04012963767238
OUT_17547,143.50350521645228
OUT_17548,145.13499633216668
OUT_17549,1160.8583375020908
OUT_17550,262.9174736693953
OUT_17551,104.3112559639223
OUT_17552,185.61728398374498
OUT_17553,149.99132815242714
OUT_17554,295.83886747476333
OUT_17555,155.74677804717055
OUT_17556,409.53293683060735
OUT_17557,110.71938316364373
OUT_17558,190.0779959960347
OUT_17559,363.627762207597
OUT_17560,121.94882562219132
OUT_17561,108.30972138393228
OUT_17562,140.1327484283546
OUT_17563,381.59912388784676
OUT_17564,273.88327979161943
OUT_17565,131.44841331517873
OUT_17566,366.5406278866649
OUT_17567,315.68157649160446
OUT_17568,326.9294984756758
OUT_17569,166.46647034863892
OUT_17570,338.7520286591533
OUT_17571,106.72855006535472
OUT_17572,334.43567394273265
OUT_17573,363.0703869388161
OUT_17574,1032.6902451755354
OUT_17575,100.4490833004921
OUT_17576,196.04967731717875
OUT_17577,345.82396245292483
OUT_17578,139.5169759968502
OUT_17579,225.12973433099097
OUT_17580,116.0884987262654
OUT_17581,995.8355788740216
OUT_17582,108.0782625128647
OUT_17583,356.2802201767952
OUT_17584,975.8730421837354
OUT_17585,1007.9025405339728
OUT_17586,207.992613042184
OUT_17587,290.13225968622066
OUT_17588,106.55776473124654
OUT_17589,316.67972347419027
OUT_17590,306.986501877749
OUT_17591,321.27559177582526
OUT_17592,81.89646047966188
OUT_17593,452.2084885806421
OUT_17594,307.1618400875486
OUT_17595,129.6774393918947
OUT_17596,950.9680666392716
OUT_17597,151.66549761655327
OUT_17598,1188.0582495738101
OUT_17599,141.13900178779016
OUT_17600,146.29076682768732
OUT_17601,888.3593239919795
OUT_17602,961.664764167705
OUT_17603,347.1828985638916
OUT_17604,961.0617494726192
OUT_17605,387.54341791863465
OUT_17606,1153.0750275288087
OUT_17607,955.0763512718704
OUT_17608,285.84701563681193
OUT_17609,216.32890258409054
OUT_17610,824.2189456137384
OUT_17611,253.9698086792802
OUT_17612,255.0059331539858
OUT_17613,290.2548752205832
OUT_17614,414.31431138777407
OUT_17615,423.1188448043341
OUT_17616,159.47186843260678
OUT_17617,157.14998653341567
OUT_17618,1200.365518225176
OUT_17619,349.6209797313095
OUT_17620,298.6682008437044
OUT_17621,950.3026307285792
OUT_17622,985.4846272988956
OUT_17623,131.9010047792841
OUT_17624,318.8522899451101
OUT_17625,359.4145490322675
OUT_17626,281.93719940663675
OUT_17627,132.08900333586877
OUT_17628,100.23256818636764
OUT_17629,974.4166096069598
OUT_17630,307.4052120530364
OUT_17631,199.7192324128546
OUT_17632,366.62762215024384
OUT_17633,177.74648791792362
OUT_17634,125.94182369897642
OUT_17635,187.2739836415919
OUT_17636,889.0147861061869
OUT_17637,279.12628073236004
OUT_17638,101.7903008218075
OUT_17639,139.92646047294022
OUT_17640,220.48754078955852
OUT_17641,146.6810308870195
OUT_17642,348.9600866974914
OUT_17643,84.92188059345374
OUT_17644,123.8829740854605
OUT_17645,307.339501793745
OUT_17646,923.5891648586836
OUT_17647,142.72962922717025
OUT_17648,140.773511877129
OUT_17649,252.0303901950708
OUT_17650,156.58895016831556
OUT_17651,1017.4124791569258
OUT_17652,1145.1114937215045
OUT_17653,342.40425112833617
OUT_17654,332.99690324168625
OUT_17655,134.6834890104457
OUT_17656,929.735839185204
OUT_17657,125.09098938408064
OUT_17658,153.1952040348421
OUT_17659,429.207985048998
OUT_17660,953.5439070849444
OUT_17661,981.895137833075
OUT_17662,942.1171437669012
OUT_17663,156.12937789936288
OUT_17664,912.2105592804686
OUT_17665,131.5294898942161
OUT_17666,243.7707139497932
OUT_17667,941.466797697196
OUT_17668,996.8166074418704
OUT_17669,138.73127379049174
OUT_17670,237.01244340150495
OUT_17671,298.53719761574274
OUT_17672,229.96782029628673
OUT_17673,981.5060307773408
OUT_17674,145.97187244869983
OUT_17675,292.4445410383772
OUT_17676,376.7489228425468
OUT_17677,961.4323457535844
OUT_17678,467.88059639314906
OUT_17679,434.5621173377524
OUT_17680,214.33661680453042
OUT_17681,171.0825572376316
OUT_17682,155.55226365219417
OUT_17683,414.30731227770593
OUT_17684,110.727692415102
OUT_17685,307.92045959494004
OUT_17686,143.29050117167975
OUT_17687,1365.348391272023
OUT_17688,365.3539021743757
OUT_17689,146.02746135741376
OUT_17690,204.12721972432718
OUT_17691,117.7548221185856
OUT_17692,160.86186598607134
OUT_17693,125.08104176045096
OUT_17694,931.652459971454
OUT_17695,102.9151778420563
OUT_17696,399.063931938971
OUT_17697,239.10929853074572
OUT_17698,1312.5872970474368
OUT_17699,343.3658537451945
OUT_17700,354.06887023982233
OUT_17701,260.8576061047253
OUT_17702,144.55718469392582
OUT_17703,285.82983609844825
OUT_17704,243.99783564922012
OUT_17705,144.0937819134363
OUT_17706,191.50374758092534
OUT_17707,962.5044058965236
OUT_17708,366.1262539560337
OUT_17709,365.4315563682988
OUT_17710,109.80618709417512
OUT_17711,140.5805261415561
OUT_17712,210.30109277662697
OUT_17713,249.28822261893728
OUT_17714,203.27566383323426
OUT_17715,269.73120439145384
OUT_17716,105.1787766871627
OUT_17717,834.4273793529449
OUT_17718,885.9927876226637
OUT_17719,285.78757783049366
OUT_17720,477.07481853594777
OUT_17721,351.0296290706804
OUT_17722,143.99815245721794
OUT_17723,255.94033186015182
OUT_17724,120.7637186974749
OUT_17725,242.93434129432973
OUT_17726,1176.7969823090657
OUT_17727,369.2163949746432
OUT_17728,104.60362507447452
OUT_17729,359.53149596344724
OUT_17730,202.4839616466951
OUT_17731,245.96626796019
OUT_17732,315.13694907058385
OUT_17733,150.76485214883647
OUT_17734,143.51300768807664
OUT_17735,340.1130175751538
OUT_17736,965.7393602055486
OUT_17737,956.3001304228294
OUT_17738,980.0762860116844
OUT_17739,965.6927526596668
OUT_17740,456.7347460299305
OUT_17741,333.5891789840168
OUT_17742,307.109670232391
OUT_17743,129.66148096502684
OUT_17744,306.3212564668633
OUT_17745,113.74137580027909
OUT_17746,127.26444068803488
OUT_17747,121.84268870601827
OUT_17748,170.05735160194848
OUT_17749,145.8222321264421
OUT_17750,205.41160800646514
OUT_17751,183.05059216883336
OUT_17752,1022.07376436036
OUT_17753,425.40544075841956
OUT_17754,1204.6803554963317
OUT_17755,440.33338892938696
OUT_17756,320.78549834991554
OUT_17757,162.8848072724496
OUT_17758,324.5284689614647
OUT_17759,140.93395836438378
OUT_17760,291.4427626918434
OUT_17761,893.2494555018186
OUT_17762,285.6354013652979
OUT_17763,332.1361358401191
OUT_17764,322.04335909696323
OUT_17765,388.05427062861565
OUT_17766,503.14159250027626
OUT_17767,108.39236994233006
OUT_17768,223.21876874883432
OUT_17769,1188.0953692543837
OUT_17770,988.469050935188
OUT_17771,331.0001716093238
OUT_17772,118.5314085667132
OUT_17773,128.36737912243242
OUT_17774,148.6677807145482
OUT_17775,392.4668802725587
OUT_17776,931.3916958777093
OUT_17777,481.2998087783245
OUT_17778,1062.0344247380435
OUT_17779,98.61138161322488
OUT_17780,281.1770127620284
OUT_17781,273.3036676941921
OUT_17782,343.33883559209403
OUT_17783,1214.528706156885
OUT_17784,116.946927977439
OUT_17785,228.42606556838388
OUT_17786,268.99246654861867
OUT_17787,132.421822104179
OUT_17788,199.7601477808381
OUT_17789,159.58933860747072
OUT_17790,339.83987374868457
OUT_17791,975.1395202106578
OUT_17792,407.1105528494502
OUT_17793,320.61861874469537
OUT_17794,266.1605437512977
OUT_17795,132.97556779996432
OUT_17796,146.92609829283208
OUT_17797,178.53681062129323
OUT_17798,143.06610105640442
OUT_17799,110.53230390817568
OUT_17800,992.5009630481428
OUT_17801,289.1347703772728
OUT_17802,351.73587024508805
OUT_17803,152.44954429903987
OUT_17804,190.49686055473268
OUT_17805,1254.147533908829
OUT_17806,104.05516101990456
OUT_17807,147.09669305630933
OUT_17808,268.103085494183
OUT_17809,379.199939394853
OUT_17810,469.579344675931
OUT_17811,325.08536899244325
OUT_17812,104.1780115862496
OUT_17813,148.42459512269858
OUT_17814,119.9554730713126
OUT_17815,993.4587695058271
OUT_17816,219.17155250814704
OUT_17817,128.24716010583433
OUT_17818,937.6989686100516
OUT_17819,121.00003713873043
OUT_17820,938.5127632497844
OUT_17821,166.67359972156675
OUT_17822,307.6504167523338
OUT_17823,201.01645856927874
OUT_17824,339.1783054381225
OUT_17825,305.41780846350264
OUT_17826,344.7021332486113
OUT_17827,981.4278693945852
OUT_17828,218.3593926563454
OUT_17829,282.2547360972436
OUT_17830,941.2624564398126
OUT_17831,1012.6357824529318
OUT_17832,135.48520357953552
OUT_17833,144.83291006685658
OUT_17834,381.8609137228484
OUT_17835,339.3392731203598
OUT_17836,1275.287956017282
OUT_17837,174.90686489262694
OUT_17838,926.1750704926123
OUT_17839,928.1206845746674
OUT_17840,89.88504193989206
OUT_17841,138.66573046763966
OUT_17842,114.68848136933218
OUT_17843,1170.3067968794346
OUT_17844,294.23902002991576
OUT_17845,1009.3214860719298
OUT_17846,377.48343293229027
OUT_17847,309.90676573364914
OUT_17848,166.29938296897092
OUT_17849,297.8282927932068
OUT_17850,155.20347863200476
OUT_17851,415.5544189481212
OUT_17852,389.80499744953363
OUT_17853,333.7670874639523
OUT_17854,1177.55919950535
OUT_17855,980.2314789161228
OUT_17856,927.1641414596291
OUT_17857,278.1197709039448
OUT_17858,380.19566257517204
OUT_17859,375.2442063985501
OUT_17860,123.49338806935238
OUT_17861,372.99497092100444
OUT_17862,133.1513526860432
OUT_17863,130.98400535379045
OUT_17864,173.30464667443837
OUT_17865,193.39122033541065
OUT_17866,128.293185229417
OUT_17867,333.86935888616824
OUT_17868,144.2125262258596
OUT_17869,314.16619311334114
OUT_17870,133.8408305885734
OUT_17871,313.9788526194941
OUT_17872,277.9817216505561
OUT_17873,296.34355890955123
OUT_17874,155.19574941246813
OUT_17875,361.5213841027824
OUT_17876,314.0728765523358
OUT_17877,123.40990368664326
OUT_17878,307.6828558937672
OUT_17879,327.2940352522469
OUT_17880,1159.807847288993
OUT_17881,153.84374609936182
OUT_17882,304.0022723434355
OUT_17883,349.00865448843314
OUT_17884,952.287870874158
OUT_17885,162.6835727005394
OUT_17886,335.8657076836737
OUT_17887,143.35529166920625
OUT_17888,102.73149059307408
OUT_17889,382.95482422786347
OUT_17890,204.22064817069958
OUT_17891,959.551982391712
OUT_17892,113.918040056112
OUT_17893,260.8269193260836
OUT_17894,85.22416526926119
OUT_17895,167.42385310359234
OUT_17896,286.243667456721
OUT_17897,107.84005481947156
OUT_17898,196.99178666907272
OUT_17899,339.0965830096738
OUT_17900,133.47485137128115
OUT_17901,115.66727173848132
OUT_17902,923.9615262506549
OUT_17903,239.7901964454654
OUT_17904,220.83212609403685
OUT_17905,343.3493300908508
OUT_17906,878.2375197157199
OUT_17907,439.311090078397
OUT_17908,236.40772473191473
OUT_17909,88.96703125564903
OUT_17910,1178.588683832575
OUT_17911,119.7596554440746
OUT_17912,359.381954715709
OUT_17913,96.64367894519302
OUT_17914,179.0586871883752
OUT_17915,429.5315103169471
OUT_17916,90.10718014552714
OUT_17917,123.94395625960452
OUT_17918,941.6135254173312
OUT_17919,355.0814440953096
OUT_17920,302.504348611188
OUT_17921,237.29415564702882
OUT_17922,186.9907561738549
OUT_17923,1156.78707573479
OUT_17924,153.50818895884686
OUT_17925,73.36797822040863
OUT_17926,304.8615099445385
OUT_17927,325.52597137385754
OUT_17928,174.98160859410598
OUT_17929,189.53125397987245
OUT_17930,232.35768841557936
OUT_17931,267.9184587580715
OUT_17932,340.2371861886505
OUT_17933,869.473799708772
OUT_17934,364.80887862265183
OUT_17935,464.86189211906367
OUT_17936,981.9724579141002
OUT_17937,378.69852437239865
OUT_17938,104.67600201622842
OUT_17939,205.43490290642828
OUT_17940,238.22792708896958
OUT_17941,114.13605066788492
OUT_17942,169.13723215011947
OUT_17943,152.6473169975829
OUT_17944,1051.4052638236606
OUT_17945,279.4334739096002
OUT_17946,146.2272875385218
OUT_17947,955.7220447615967
OUT_17948,128.22619343054168
OUT_17949,172.24156397717553
OUT_17950,135.34307182290215
OUT_17951,228.98977177003852
OUT_17952,108.23474777351676
OUT_17953,100.23063663362764
OUT_17954,132.6321718741964
OUT_17955,958.5568270888684
OUT_17956,292.61622918150783
OUT_17957,444.7107049206976
OUT_17958,130.34741465520975
OUT_17959,134.78381171498347
OUT_17960,266.55329516590916
OUT_17961,154.62621529724987
OUT_17962,367.6806223589954
OUT_17963,333.3852276298482
OUT_17964,278.8625886027688
OUT_17965,298.08470225140934
OUT_17966,168.220193725503
OUT_17967,941.0548891282612
OUT_17968,127.29923597652578
OUT_17969,232.3741721626052
OUT_17970,240.64224547087568
OUT_17971,100.62841744785806
OUT_17972,450.65560742299317
OUT_17973,864.4257005190198
OUT_17974,156.88189995135244
OUT_17975,899.9131737923955
OUT_17976,143.53563087175542
OUT_17977,90.77238912696552
OUT_17978,137.7260051679643
OUT_17979,858.1600404970029
OUT_17980,130.16663523739535
OUT_17981,324.8973750481292
OUT_17982,135.18431308595592
OUT_17983,1193.5085222433217
OUT_17984,234.78648925230522
OUT_17985,165.0848581254687
OUT_17986,943.8006704590496
OUT_17987,1035.4484995526293
OUT_17988,918.9082496388672
OUT_17989,1226.4524592332916
OUT_17990,251.4879172954506
OUT_17991,335.0631565846694
OUT_17992,123.95991750133992
OUT_17993,121.94374799156634
OUT_17994,340.1502881711825
OUT_17995,1006.8756358516138
OUT_17996,119.000619928312
OUT_17997,124.22378292177626
OUT_17998,244.2932247839803
OUT_17999,141.05356667192115
OUT_18000,124.9956202455093
OUT_18001,131.50432800479354
OUT_18002,139.02651664658762
OUT_18003,364.7471593638619
OUT_18004,339.078734666281
OUT_18005,152.1688403555046
OUT_18006,901.4717832642492
OUT_18007,126.19836753786284
OUT_18008,263.1161114494537
OUT_18009,307.1865535475991
OUT_18010,203.34632610987762
OUT_18011,929.7845039944644
OUT_18012,983.2185419505848
OUT_18013,197.1267272889825
OUT_18014,145.8965946824145
OUT_18015,321.7122691346964
OUT_18016,115.85778943919745
OUT_18017,1036.225883214152
OUT_18018,881.295881263701
OUT_18019,125.85623439119254
OUT_18020,368.27039840409657
OUT_18021,207.32201314846313
OUT_18022,1202.7541722996257
OUT_18023,1159.452371630799
OUT_18024,111.29813872456664
OUT_18025,325.36563977387414
OUT_18026,330.35659727894745
OUT_18027,424.9434915239542
OUT_18028,429.93904339228163
OUT_18029,1167.2696258939466
OUT_18030,313.4653796496931
OUT_18031,325.82710365344536
OUT_18032,110.86468515495528
OUT_18033,299.0438590587011
OUT_18034,374.54617794551564
OUT_18035,989.6141177255814
OUT_18036,1395.0482632761143
OUT_18037,132.8812219814982
OUT_18038,154.69326432164445
OUT_18039,101.31586216952259
OUT_18040,335.94737973404
OUT_18041,270.0362836432073
OUT_18042,135.69441703888646
OUT_18043,412.0013047301944
OUT_18044,314.3265538753639
OUT_18045,448.07881280624076
OUT_18046,337.6278293237633
OUT_18047,132.7092593391826
OUT_18048,117.02669443448389
OUT_18049,156.24511005892805
OUT_18050,1000.330543692028
OUT_18051,252.7752595856742
OUT_18052,123.63485598008808
OUT_18053,346.2121517579143
OUT_18054,108.30147437635272
OUT_18055,1159.017482544422
OUT_18056,92.58616159398557
OUT_18057,176.18339958770804
OUT_18058,480.8361154716648
OUT_18059,122.57524549338096
OUT_18060,876.0914570690777
OUT_18061,334.8925932762593
OUT_18062,282.34376574552044
OUT_18063,125.18010206679897
OUT_18064,95.04887233924946
OUT_18065,253.13728731448563
OUT_18066,88.63028884820673
OUT_18067,392.656004231879
OUT_18068,359.1603516490577
OUT_18069,146.73471969605103
OUT_18070,138.36873164461326
OUT_18071,1175.5491342178905
OUT_18072,950.934804430098
OUT_18073,305.1346012290114
OUT_18074,126.80503760017363
OUT_18075,425.34831679057595
OUT_18076,125.89851759892458
OUT_18077,106.48682646329772
OUT_18078,434.2846218713005
OUT_18079,176.9064476752169
OUT_18080,139.78558197099832
OUT_18081,163.0166544098429
OUT_18082,132.85831183053182
OUT_18083,362.3240533109196
OUT_18084,295.38526524006977
OUT_18085,308.79199360816244
OUT_18086,1054.815627082359
OUT_18087,461.1186173094869
OUT_18088,348.73080995613066
OUT_18089,118.02715461150808
OUT_18090,258.2557339972243
OUT_18091,336.45553145310066
OUT_18092,372.95497831200237
OUT_18093,273.6778986285899
OUT_18094,336.1328936577056
OUT_18095,400.3356670199395
OUT_18096,265.0306545333682
OUT_18097,119.69467716838938
OUT_18098,128.42258354239587
OUT_18099,1009.3434007210884
OUT_18100,374.4449519594807
OUT_18101,307.69860122741375
OUT_18102,397.728230740938
OUT_18103,146.03100210435622
OUT_18104,386.1898220584504
OUT_18105,176.09081437729407
OUT_18106,405.36179088035567
OUT_18107,143.76080800971002
OUT_18108,325.1807534450439
OUT_18109,130.71313070901482
OUT_18110,895.8397400563056
OUT_18111,184.07341892505661
OUT_18112,215.06983506293733
OUT_18113,253.09907347475382
OUT_18114,135.98410888539672
OUT_18115,105.53554255227644
OUT_18116,103.0996533325238
OUT_18117,414.0937478581312
OUT_18118,149.6008796666597
OUT_18119,213.20279807160392
OUT_18120,158.96892634960295
OUT_18121,234.65278346092296
OUT_18122,143.10242352651
OUT_18123,445.7177677902823
OUT_18124,266.4602544346834
OUT_18125,1203.816567666883
OUT_18126,489.2339511108146
OUT_18127,123.74526564127962
OUT_18128,1227.1110406692012
OUT_18129,171.17486798032354
OUT_18130,987.048469331834
OUT_18131,307.0992323976876
OUT_18132,132.93991170715805
OUT_18133,182.73657095622434
OUT_18134,330.1799066876165
OUT_18135,168.18977417022367
OUT_18136,271.9884737116978
OUT_18137,104.70686399435552
OUT_18138,235.15113738638132
OUT_18139,102.94535417181868
OUT_18140,157.2912515336139
OUT_18141,953.5673790608656
OUT_18142,113.09903994660142
OUT_18143,120.10767627021055
OUT_18144,344.03582124226614
OUT_18145,320.1034534589562
OUT_18146,364.5713204814425
OUT_18147,418.6443326357479
OUT_18148,107.211729672321
OUT_18149,991.3545009116935
OUT_18150,884.3080144306184
OUT_18151,138.26403110897263
OUT_18152,335.4412557551527
OUT_18153,265.3965172690331
OUT_18154,424.1393293124545
OUT_18155,343.30877812176783
OUT_18156,364.7069197371819
OUT_18157,1000.5205862452116
OUT_18158,983.4820925169668
OUT_18159,111.06675321496695
OUT_18160,972.2950193025872
OUT_18161,104.91502324441412
OUT_18162,215.78225022966075
OUT_18163,934.92891130465
OUT_18164,130.55077915638563
OUT_18165,231.57119405636197
OUT_18166,1186.601969230646
OUT_18167,1014.5255723179664
OUT_18168,280.7345725497935
OUT_18169,220.28385333834706
OUT_18170,923.4138101580972
OUT_18171,83.48880750781709
OUT_18172,919.5278943268332
OUT_18173,393.23965559285
OUT_18174,310.66489617884577
OUT_18175,296.36255937916746
OUT_18176,284.4673618933547
OUT_18177,145.88856980909839
OUT_18178,290.42004700241455
OUT_18179,385.2162739572385
OUT_18180,153.23859698364035
OUT_18181,206.11661300704142
OUT_18182,160.05901639800732
OUT_18183,364.2974106298051
OUT_18184,145.6303198378167
OUT_18185,360.68886826901326
OUT_18186,272.54823787212746
OUT_18187,987.5024387665876
OUT_18188,367.1656547819159
OUT_18189,418.68959607676186
OUT_18190,429.21101514865927
OUT_18191,905.0568936390166
OUT_18192,322.57739589070496
OUT_18193,125.3842066437985
OUT_18194,425.6978167468412
OUT_18195,396.2427392756165
OUT_18196,139.38907286826236
OUT_18197,152.05660391463374
OUT_18198,168.9585311248618
OUT_18199,140.77935323594045
OUT_18200,365.439994524517
OUT_18201,164.6952817297351
OUT_18202,315.5574323601176
OUT_18203,894.9253458607582
OUT_18204,365.806722844703
OUT_18205,108.96855717702734
OUT_18206,316.18093777225823
OUT_18207,956.2117929689376
OUT_18208,367.415298289579
OUT_18209,1172.8519774900383
OUT_18210,1007.6198757726792
OUT_18211,288.4577220182525
OUT_18212,119.9942291997883
OUT_18213,134.70931838753194
OUT_18214,328.442705702622
OUT_18215,276.89634788519425
OUT_18216,317.0012270374555
OUT_18217,303.80868147185123
OUT_18218,1313.4360793797202
OUT_18219,161.92674395018872
OUT_18220,940.2121047963868
OUT_18221,322.4170702168887
OUT_18222,368.3204344838472
OUT_18223,989.7465062836706
OUT_18224,314.8553232910289
OUT_18225,126.38404213703754
OUT_18226,957.4961290742418
OUT_18227,454.3873063106453
OUT_18228,147.40027299222072
OUT_18229,147.77815748454208
OUT_18230,284.67369481390796
OUT_18231,303.04720637578293
OUT_18232,171.29521990565695
OUT_18233,107.98111505402561
OUT_18234,931.1226283218792
OUT_18235,151.79317221608238
OUT_18236,222.41513818946683
OUT_18237,256.5587535227238
OUT_18238,250.22340687919473
OUT_18239,365.5542375378004
OUT_18240,880.3786167189703
OUT_18241,1174.5925348612034
OUT_18242,1014.5773013453534
OUT_18243,158.3456486573192
OUT_18244,157.02370400647925
OUT_18245,325.72346705028593
OUT_18246,343.92212193995067
OUT_18247,220.43324727297568
OUT_18248,331.8148594793348
OUT_18249,304.82481834267514
OUT_18250,173.20095308796743
OUT_18251,124.1964621395197
OUT_18252,277.35977705937364
OUT_18253,136.5163638566915
OUT_18254,932.1561287552696
OUT_18255,96.33425343121102
OUT_18256,179.15957321746535
OUT_18257,1034.6621656538805
OUT_18258,333.95609510913937
OUT_18259,123.26556391260284
OUT_18260,125.52903660068772
OUT_18261,117.1560782403362
OUT_18262,89.84076893442175
OUT_18263,922.189691818218
OUT_18264,968.6550898803664
OUT_18265,370.31001301091146
OUT_18266,163.37035869332476
OUT_18267,988.998078206317
OUT_18268,193.97573973660954
OUT_18269,451.76854277917334
OUT_18270,349.54795186789124
OUT_18271,112.15641135835487
OUT_18272,102.43431613375861
OUT_18273,177.11105377794263
OUT_18274,409.8731812320982
OUT_18275,931.0314699001352
OUT_18276,260.29664403222
OUT_18277,124.0939507333536
OUT_18278,146.76743974193397
OUT_18279,1211.7433908831774
OUT_18280,88.74086416384972
OUT_18281,393.48798550599156
OUT_18282,345.08315321013504
OUT_18283,318.1729841792925
OUT_18284,252.9272096798973
OUT_18285,283.7901396754353
OUT_18286,930.1166996957912
OUT_18287,294.9807328051809
OUT_18288,132.81056394722066
OUT_18289,316.7400893887312
OUT_18290,958.6070385185814
OUT_18291,917.2082461094276
OUT_18292,206.12570889286445
OUT_18293,960.9908847100644
OUT_18294,121.58707065883753
OUT_18295,128.3520295623412
OUT_18296,975.0430145181537
OUT_18297,449.421664594734
OUT_18298,125.68016576127874
OUT_18299,311.043525950585
OUT_18300,398.93753161696065
OUT_18301,345.0135412860296
OUT_18302,246.5366479395415
OUT_18303,458.394848802992
OUT_18304,126.9199068472756
OUT_18305,980.1723864030092
OUT_18306,381.69254917952617
OUT_18307,109.8372906991362
OUT_18308,278.3466459521691
OUT_18309,369.6823625777281
OUT_18310,330.25612902827726
OUT_18311,175.6720256352729
OUT_18312,351.9022750572673
OUT_18313,327.5943767985943
OUT_18314,955.6912712181507
OUT_18315,165.4105142205126
OUT_18316,170.7514251202883
OUT_18317,296.27803356571803
OUT_18318,237.1527632214974
OUT_18319,300.2117542229638
OUT_18320,252.06930044300307
OUT_18321,869.9049568603173
OUT_18322,369.903373159575
OUT_18323,346.30142089276666
OUT_18324,353.411556190528
OUT_18325,123.88521468378676
OUT_18326,130.82537083032648
OUT_18327,360.50872043368963
OUT_18328,329.39966989195057
OUT_18329,135.9546055214893
OUT_18330,982.5017567194632
OUT_18331,937.0213440030328
OUT_18332,278.35891727091223
OUT_18333,135.32824461702987
OUT_18334,910.239173451396
OUT_18335,468.8874706451178
OUT_18336,209.2422429759073
OUT_18337,911.9931016180008
OUT_18338,1178.6460173588257
OUT_18339,379.6773499285666
OUT_18340,140.13187268990717
OUT_18341,390.51451011605366
OUT_18342,361.88688401154053
OUT_18343,423.86810925954455
OUT_18344,95.90038032075984
OUT_18345,166.75876204602994
OUT_18346,391.8574167202253
OUT_18347,232.7873567367928
OUT_18348,329.042289111982
OUT_18349,129.2149171072336
OUT_18350,117.74847537824488
OUT_18351,140.94098542153608
OUT_18352,1310.1844597827692
OUT_18353,104.77347417868495
OUT_18354,376.3614220359467
OUT_18355,51.221614534690815
OUT_18356,299.4553841219339
OUT_18357,138.30794459171508
OUT_18358,940.1633495826578
OUT_18359,377.3136569143892
OUT_18360,309.20847913570947
OUT_18361,310.0906693555355
OUT_18362,347.31035025235565
OUT_18363,289.73584364648605
OUT_18364,129.27604818172753
OUT_18365,324.76564276912507
OUT_18366,320.4267705485107
OUT_18367,138.0269975915354
OUT_18368,994.2775539340726
OUT_18369,365.884982977792
OUT_18370,124.29276873871117
OUT_18371,151.73592505174182
OUT_18372,125.02920647846868
OUT_18373,84.5853155476788
OUT_18374,123.67909617922165
OUT_18375,115.23412990216355
OUT_18376,138.0342981223041
OUT_18377,1198.304503950323
OUT_18378,339.7005265789353
OUT_18379,125.00890996287704
OUT_18380,493.593991221378
OUT_18381,199.61484852236725
OUT_18382,895.5115600047275
OUT_18383,994.2060156836028
OUT_18384,314.87324036492646
OUT_18385,292.75784269623017
OUT_18386,132.21688332099345
OUT_18387,1348.341081807269
OUT_18388,97.44024180081692
OUT_18389,192.49370430113925
OUT_18390,131.07084353975165
OUT_18391,322.0870784187944
OUT_18392,926.887192648062
OUT_18393,295.975189108623
OUT_18394,334.09986814146293
OUT_18395,353.03764626669783
OUT_18396,150.10452643333832
OUT_18397,111.07493611657142
OUT_18398,973.9725268953216
OUT_18399,334.34794623609514
OUT_18400,236.57027186126444
OUT_18401,109.23292455942205
OUT_18402,360.3749118764672
OUT_18403,481.2374281352672
OUT_18404,161.2778363735548
OUT_18405,242.403417227308
OUT_18406,128.81928438550463
OUT_18407,953.2972927388744
OUT_18408,1204.6352929344698
OUT_18409,315.638533954344
OUT_18410,394.3651716965619
OUT_18411,376.5511917993722
OUT_18412,136.46881841884118
OUT_18413,977.5158955063308
OUT_18414,413.07767050297355
OUT_18415,126.08298883014203
OUT_18416,376.06711617335793
OUT_18417,134.51666589962403
OUT_18418,119.42015631004318
OUT_18419,143.71204515681836
OUT_18420,334.4393330641425
OUT_18421,307.48153494952567
OUT_18422,368.47868274532823
OUT_18423,127.4046049126582
OUT_18424,404.2609413212018
OUT_18425,299.2503811544699
OUT_18426,298.8631269467297
OUT_18427,407.92786643306454
OUT_18428,166.8353611581405
OUT_18429,379.9650671581204
OUT_18430,251.35735634861348
OUT_18431,343.76400532172886
OUT_18432,149.73727925850176
OUT_18433,107.109173221496
OUT_18434,155.12823190115108
OUT_18435,242.92594074999207
OUT_18436,192.35715317988232
OUT_18437,131.0877818412464
OUT_18438,91.0464863879525
OUT_18439,452.92280448594363
OUT_18440,935.7302598580052
OUT_18441,190.97003373631878
OUT_18442,159.30436556188113
OUT_18443,176.7723470496763
OUT_18444,354.03076092222057
OUT_18445,183.0022011781302
OUT_18446,380.7260395833191
OUT_18447,974.9441283729684
OUT_18448,348.49456856808376
OUT_18449,328.787110743718
OUT_18450,141.09939573256318
OUT_18451,160.5079233180758
OUT_18452,1211.7816456589612
OUT_18453,409.0511572157377
OUT_18454,988.8687318680772
OUT_18455,135.05916305421832
OUT_18456,132.8559193380067
OUT_18457,208.12975821986032
OUT_18458,273.30735070844355
OUT_18459,332.16367620383943
OUT_18460,241.38933414273006
OUT_18461,411.7511203163639
OUT_18462,130.30953420896927
OUT_18463,379.6047528298609
OUT_18464,243.7530445710177
OUT_18465,165.73154245084248
OUT_18466,149.12308682878214
OUT_18467,369.823233478263
OUT_18468,1163.3298169007946
OUT_18469,348.02296032722194
OUT_18470,262.0243272719324
OUT_18471,124.3733977074846
OUT_18472,150.1526262951762
OUT_18473,901.281188677228
OUT_18474,283.9529182930477
OUT_18475,155.64011606413482
OUT_18476,320.3633441087394
OUT_18477,1166.9039626566266
OUT_18478,99.84637209939164
OUT_18479,1227.2287016465443
OUT_18480,113.4545337235532
OUT_18481,1033.792989934073
OUT_18482,340.11313121044657
OUT_18483,105.41134397800944
OUT_18484,277.72617821820404
OUT_18485,385.17305139119765
OUT_18486,999.4130382958484
OUT_18487,448.4876006959149
OUT_18488,148.97517748039
OUT_18489,307.2773950800136
OUT_18490,93.59933818884159
OUT_18491,999.8669919446236
OUT_18492,170.3288722085938
OUT_18493,133.26381921563595
OUT_18494,188.52101141321964
OUT_18495,132.7472672401574
OUT_18496,206.99731310660852
OUT_18497,341.3413405233551
OUT_18498,178.6280521937304
OUT_18499,349.66111844658906
OUT_18500,213.2216688235954
OUT_18501,1221.6298894148867
OUT_18502,989.6898689261157
OUT_18503,78.13635000432359
OUT_18504,1013.3790659091228
OUT_18505,279.37326653128946
OUT_18506,302.3351043249412
OUT_18507,913.021793986683
OUT_18508,301.8793032933662
OUT_18509,137.56478925014753
OUT_18510,176.74615308180887
OUT_18511,1216.920774817792
OUT_18512,126.59861040307774
OUT_18513,140.71890846737307
OUT_18514,140.11756558343572
OUT_18515,232.49989116874548
OUT_18516,122.2597289283303
OUT_18517,131.14963685135635
OUT_18518,375.30869731909326
OUT_18519,229.97547790187377
OUT_18520,164.06425293903428
OUT_18521,398.856158464755
OUT_18522,968.9332507842096
OUT_18523,975.8954904971336
OUT_18524,361.02808193063856
OUT_18525,87.62480819856201
OUT_18526,163.0140166523887
OUT_18527,389.8894500123539
OUT_18528,377.96165758132133
OUT_18529,121.90211485748858
OUT_18530,142.77265329429292
OUT_18531,303.4856014177906
OUT_18532,939.088176887294
OUT_18533,87.76650048307528
OUT_18534,129.2221856147993
OUT_18535,164.20799656361808
OUT_18536,234.86736413029658
OUT_18537,915.4106889643756
OUT_18538,422.5038570111854
OUT_18539,328.8459036579833
OUT_18540,306.85374538496364
OUT_18541,293.495332474207
OUT_18542,902.7070367526436
OUT_18543,147.8303869116683
OUT_18544,270.7060450092557
OUT_18545,948.8941278441556
OUT_18546,324.1700718384903
OUT_18547,385.3162879258754
OUT_18548,380.482337500535
OUT_18549,416.56781074214916
OUT_18550,120.67950395039529
OUT_18551,89.70429628583783
OUT_18552,139.32135376383638
OUT_18553,246.207184716057
OUT_18554,368.631246264085
OUT_18555,310.6362882680555
OUT_18556,934.510012623578
OUT_18557,127.7752012142916
OUT_18558,84.2136281398375
OUT_18559,238.7921172645988
OUT_18560,450.6448865558011
OUT_18561,231.86361768054206
OUT_18562,421.48467424650903
OUT_18563,133.1818448408248
OUT_18564,315.5169542283776
OUT_18565,477.4055209389344
OUT_18566,145.28235990278384
OUT_18567,295.7820448713766
OUT_18568,106.61860937870442
OUT_18569,340.3570509805888
OUT_18570,142.11926656081917
OUT_18571,167.6106031007622
OUT_18572,861.7212428543914
OUT_18573,351.28305977596966
OUT_18574,149.40137184988043
OUT_18575,291.07371059969637
OUT_18576,363.9962412192005
OUT_18577,325.1986734223307
OUT_18578,260.33681731230814
OUT_18579,252.3917892378708
OUT_18580,137.10240763562598
OUT_18581,402.9004221597852
OUT_18582,379.04486124616824
OUT_18583,163.452232719646
OUT_18584,346.50764487226866
OUT_18585,116.35105618006357
OUT_18586,164.67825311682225
OUT_18587,423.0307514026057
OUT_18588,68.23982741952968
OUT_18589,993.79168406011
OUT_18590,104.56952785201936
OUT_18591,249.67981880747854
OUT_18592,159.13382372691564
OUT_18593,328.9617021124141
OUT_18594,89.62529133093393
OUT_18595,143.63869794891917
OUT_18596,126.7898564221952
OUT_18597,340.15984510308766
OUT_18598,125.13486827102794
OUT_18599,136.39389632657583
OUT_18600,222.589963851337
OUT_18601,133.05788540538535
OUT_18602,368.4811149682179
OUT_18603,351.3214719192184
OUT_18604,979.4992420453996
OUT_18605,259.28498066561303
OUT_18606,132.77809941599213
OUT_18607,946.1793156941472
OUT_18608,282.8178561276882
OUT_18609,279.87336298442074
OUT_18610,134.41493989621355
OUT_18611,423.3192489869052
OUT_18612,292.8928946411449
OUT_18613,132.28264680843415
OUT_18614,901.9831716185046
OUT_18615,151.6186337920762
OUT_18616,137.00451043162056
OUT_18617,372.7780254129541
OUT_18618,430.9713257406494
OUT_18619,297.89478801261413
OUT_18620,320.9278868255095
OUT_18621,157.05117841468217
OUT_18622,294.0719739442553
OUT_18623,1418.3326715284609
OUT_18624,315.09270743064747
OUT_18625,133.62460318808652
OUT_18626,372.1290332894039
OUT_18627,343.38857982039815
OUT_18628,303.4323616615409
OUT_18629,128.07877611991466
OUT_18630,936.559557525253
OUT_18631,1118.8469027513013
OUT_18632,290.5517855990382
OUT_18633,287.4731130917009
OUT_18634,112.21249765033704
OUT_18635,428.49506785014944
OUT_18636,360.60153052389273
OUT_18637,991.624280280019
OUT_18638,150.2173588001911
OUT_18639,173.7835374233242
OUT_18640,117.77154662242302
OUT_18641,397.5988969599804
OUT_18642,145.64993983995004
OUT_18643,381.6583888170851
OUT_18644,187.91122431188688
OUT_18645,161.07069518081855
OUT_18646,405.2369424706113
OUT_18647,455.7450731514981
OUT_18648,1050.193177754326
OUT_18649,360.3501927158352
OUT_18650,129.5795153245555
OUT_18651,122.79725206650632
OUT_18652,445.6614229588258
OUT_18653,44.06847099984356
OUT_18654,134.75519321110565
OUT_18655,133.16639722790308
OUT_18656,250.52505667374405
OUT_18657,147.2929301309304
OUT_18658,185.7999862891792
OUT_18659,933.701121748374
OUT_18660,1032.194021174928
OUT_18661,130.4413761543862
OUT_18662,312.5415701747581
OUT_18663,264.2430229555996
OUT_18664,134.33171368662695
OUT_18665,132.62005808531907
OUT_18666,215.5176628568559
OUT_18667,903.1569308548712
OUT_18668,473.02095130487487
OUT_18669,327.18712629254003
OUT_18670,316.71337797464787
OUT_18671,1153.6023360312736
OUT_18672,377.05119312515626
OUT_18673,156.41010071938808
OUT_18674,933.4737615974695
OUT_18675,972.6640941127872
OUT_18676,323.69245144183674
OUT_18677,150.95782941848185
OUT_18678,424.8012837947866
OUT_18679,412.27687251573616
OUT_18680,417.06505140471353
OUT_18681,136.4768770495942
OUT_18682,1220.6100678573223
OUT_18683,228.92783545736808
OUT_18684,968.6583690079624
OUT_18685,121.26722732946945
OUT_18686,132.07583461422385
OUT_18687,156.3803158043231
OUT_18688,330.29934669168404
OUT_18689,934.0219769018908
OUT_18690,224.12991970450778
OUT_18691,116.00154958669788
OUT_18692,139.76653403607997
OUT_18693,315.9156151125275
OUT_18694,132.1489990546865
OUT_18695,216.97206335387887
OUT_18696,424.3181423373268
OUT_18697,131.01931428810843
OUT_18698,94.7612132980328
OUT_18699,114.86284270580667
OUT_18700,467.7203099688095
OUT_18701,973.165035041562
OUT_18702,407.83050885888406
OUT_18703,333.76579867872687
OUT_18704,120.5520650812533
OUT_18705,95.88203826805108
OUT_18706,314.70993728420035
OUT_18707,951.3738205327028
OUT_18708,262.8365431845124
OUT_18709,132.11064984091954
OUT_18710,193.0280125370429
OUT_18711,115.748118031042
OUT_18712,437.4313389576022
OUT_18713,198.99963638267084
OUT_18714,941.7555852202644
OUT_18715,975.4391855681176
OUT_18716,337.44768956098085
OUT_18717,132.68867237474944
OUT_18718,103.15873681135122
OUT_18719,336.3425636846116
OUT_18720,213.2692093139327
OUT_18721,106.05874083028192
OUT_18722,108.84602872218464
OUT_18723,415.5590817026017
OUT_18724,117.69927541390376
OUT_18725,140.07672348899973
OUT_18726,139.11865584416944
OUT_18727,371.6152997822832
OUT_18728,289.2553034535972
OUT_18729,347.6255338410777
OUT_18730,454.7454830414878
OUT_18731,149.0403374828802
OUT_18732,1020.981141990745
OUT_18733,140.39958404009144
OUT_18734,181.63965626075242
OUT_18735,341.6592408879419
OUT_18736,343.30803959363743
OUT_18737,1177.182942790655
OUT_18738,1162.2623338830583
OUT_18739,336.9703764784924
OUT_18740,951.7643522571578
OUT_18741,308.8946902208636
OUT_18742,358.11258638412437
OUT_18743,115.70123919411422
OUT_18744,106.79410022190068
OUT_18745,957.0775948382708
OUT_18746,287.5275106764584
OUT_18747,118.4887841233064
OUT_18748,306.3524842686032
OUT_18749,156.61786288083124
OUT_18750,93.407315749519
OUT_18751,899.5218831462823
OUT_18752,135.8940534290682
OUT_18753,149.11788706432463
OUT_18754,946.668692747188
OUT_18755,318.59545060031746
OUT_18756,113.3909188704736
OUT_18757,188.15051702633733
OUT_18758,153.83736366362177
OUT_18759,135.4151933251959
OUT_18760,117.46142718363376
OUT_18761,1459.6273490854282
OUT_18762,284.18567901203335
OUT_18763,140.31859015590726
OUT_18764,155.28525602067285
OUT_18765,267.5886538155645
OUT_18766,349.476320073648
OUT_18767,951.9143153040412
OUT_18768,970.59260211256
OUT_18769,433.7790445076955
OUT_18770,230.36150769681444
OUT_18771,310.0068513296144
OUT_18772,977.3773035148296
OUT_18773,145.4452638481094
OUT_18774,445.6924714969541
OUT_18775,403.8178657636412
OUT_18776,177.476159975909
OUT_18777,462.603137969009
OUT_18778,172.5451166436357
OUT_18779,345.76953925039254
OUT_18780,127.11245995669736
OUT_18781,331.9367228188368
OUT_18782,425.5443724274114
OUT_18783,138.06138413893078
OUT_18784,156.73145111179318
OUT_18785,154.76618974132083
OUT_18786,350.6203141051275
OUT_18787,108.95473573938318
OUT_18788,1177.499355372415
OUT_18789,294.2938966540773
OUT_18790,365.05074560319554
OUT_18791,1008.3035526473956
OUT_18792,310.36075416137874
OUT_18793,1170.6321297004326
OUT_18794,224.4646594384131
OUT_18795,354.99383027185775
OUT_18796,1354.041529233825
OUT_18797,124.9101494245934
OUT_18798,130.872622841991
OUT_18799,358.3044846163982
OUT_18800,358.48409604954924
OUT_18801,370.12161428029947
OUT_18802,1211.8099062562092
OUT_18803,147.96317801574253
OUT_18804,101.3692389483578
OUT_18805,1207.8463765345969
OUT_18806,133.61409472202263
OUT_18807,102.62885782796454
OUT_18808,88.95585355520564
OUT_18809,348.0624287402809
OUT_18810,211.8630286715911
OUT_18811,162.71938554823743
OUT_18812,123.2520698375507
OUT_18813,253.9022038630231
OUT_18814,310.895023491611
OUT_18815,928.6474262336146
OUT_18816,137.5124269777693
OUT_18817,109.68392409488558
OUT_18818,123.27369618625835
OUT_18819,942.5669015943308
OUT_18820,255.9735999544314
OUT_18821,353.4897058304904
OUT_18822,133.8474146813969
OUT_18823,461.6645645370837
OUT_18824,329.5068685970948
OUT_18825,944.00338481892
OUT_18826,318.7602965132608
OUT_18827,1234.6069021017422
OUT_18828,110.41783439015526
OUT_18829,270.4303472677131
OUT_18830,166.23809371641602
OUT_18831,143.4372003862906
OUT_18832,384.8413718839853
OUT_18833,356.88930856363845
OUT_18834,232.51179678638556
OUT_18835,973.8857134875668
OUT_18836,310.65461899673585
OUT_18837,196.64022824223335
OUT_18838,989.6749283943192
OUT_18839,114.50687019641953
OUT_18840,309.35316621184927
OUT_18841,121.28423361635257
OUT_18842,116.4844344273084
OUT_18843,310.8633521290528
OUT_18844,1163.8630488000802
OUT_18845,132.05673245182766
OUT_18846,242.15627129033876
OUT_18847,125.57533069063868
OUT_18848,397.010632991326
OUT_18849,260.7527940771894
OUT_18850,1188.8527031712147
OUT_18851,137.65042190400655
OUT_18852,940.7357136169546
OUT_18853,366.6491556341062
OUT_18854,313.99264327171346
OUT_18855,1319.762117110042
OUT_18856,229.02078753957807
OUT_18857,212.4335377299736
OUT_18858,935.4608172125872
OUT_18859,175.21711485480597
OUT_18860,324.7194639576138
OUT_18861,124.52551162245273
OUT_18862,346.6318049243168
OUT_18863,1033.6301374560624
OUT_18864,305.70114495137426
OUT_18865,138.49917355638854
OUT_18866,915.9415796132818
OUT_18867,420.1245874632143
OUT_18868,111.61637212582902
OUT_18869,119.80013000721704
OUT_18870,366.4726814488265
OUT_18871,150.0950292146822
OUT_18872,377.4331963406321
OUT_18873,322.7739041727759
OUT_18874,997.2859879254104
OUT_18875,285.7987271044008
OUT_18876,412.38459816655904
OUT_18877,1211.898114446759
OUT_18878,124.41336784459568
OUT_18879,170.4332041563115
OUT_18880,148.07080125477506
OUT_18881,139.2270612263987
OUT_18882,288.59974727681646
OUT_18883,361.03285540869285
OUT_18884,348.66702593909235
OUT_18885,937.5177753600324
OUT_18886,162.85159316864608
OUT_18887,145.54310214543855
OUT_18888,328.5855500956314
OUT_18889,102.31667540737774
OUT_18890,399.7615228499368
OUT_18891,111.40242676226936
OUT_18892,356.7655391458134
OUT_18893,126.55097964130684
OUT_18894,306.947771716857
OUT_18895,142.54707270086723
OUT_18896,1012.998688370546
OUT_18897,344.97053851571604
OUT_18898,234.14571810374434
OUT_18899,70.12283553287969
OUT_18900,292.73320897064394
OUT_18901,192.43774333429457
OUT_18902,332.8300414755762
OUT_18903,919.356138533109
OUT_18904,381.78997130299956
OUT_18905,470.8353788406482
OUT_18906,101.54826280668988
OUT_18907,146.115824142409
OUT_18908,160.46242632118313
OUT_18909,976.6329961533736
OUT_18910,320.2949851250875
OUT_18911,942.7461853238352
OUT_18912,951.3602338367588
OUT_18913,998.8937296892044
OUT_18914,380.87015637944864
OUT_18915,348.478082827359
OUT_18916,121.94742892645698
OUT_18917,126.8615923862026
OUT_18918,260.2557109947908
OUT_18919,963.5323862548046
OUT_18920,142.74091898250765
OUT_18921,343.8513098529364
OUT_18922,288.6767769795197
OUT_18923,178.28040904430696
OUT_18924,380.628482751863
OUT_18925,476.074161915931
OUT_18926,136.32894724203345
OUT_18927,362.9610436717685
OUT_18928,188.72265765486887
OUT_18929,387.0488504508818
OUT_18930,911.8883415395956
OUT_18931,244.1711435601109
OUT_18932,128.54916311726737
OUT_18933,296.8785860718054
OUT_18934,1185.9251583003268
OUT_18935,120.0920533043419
OUT_18936,109.39362516986736
OUT_18937,364.23098838492683
OUT_18938,256.92311760699744
OUT_18939,973.5512569547
OUT_18940,103.7354720669617
OUT_18941,971.1731518242342
OUT_18942,368.81436145858174
OUT_18943,114.47325459666142
OUT_18944,240.1533871915881
OUT_18945,437.9020458572146
OUT_18946,113.4943608156979
OUT_18947,140.01468162412988
OUT_18948,321.7584699621974
OUT_18949,440.797219134683
OUT_18950,972.3485643538886
OUT_18951,308.9858721526217
OUT_18952,424.11690125047767
OUT_18953,252.1202214973803
OUT_18954,150.13820232298804
OUT_18955,165.10864874554653
OUT_18956,982.4362543077896
OUT_18957,131.6169033245766
OUT_18958,974.4537303210262
OUT_18959,139.2696643705171
OUT_18960,173.05227980237387
OUT_18961,341.6015960332571
OUT_18962,352.62379483559124
OUT_18963,133.29392224754667
OUT_18964,159.20064312144302
OUT_18965,261.7018411544984
OUT_18966,295.0388534204444
OUT_18967,127.4267147399443
OUT_18968,329.7530031739151
OUT_18969,99.85452007151996
OUT_18970,357.0303087094356
OUT_18971,130.40042092576147
OUT_18972,401.0616747902535
OUT_18973,350.75760560010735
OUT_18974,210.93986666260665
OUT_18975,378.1193004502642
OUT_18976,133.16034989700776
OUT_18977,158.9619295238491
OUT_18978,512.4828693728311
OUT_18979,323.7211994142308
OUT_18980,118.20644971502888
OUT_18981,306.5156917582751
OUT_18982,965.876288899148
OUT_18983,938.6692852859948
OUT_18984,130.15111125371726
OUT_18985,1188.7831049959084
OUT_18986,959.4263477212004
OUT_18987,227.8621925050454
OUT_18988,392.4103382757309
OUT_18989,114.9200791555962
OUT_18990,219.072367689855
OUT_18991,232.46837127171304
OUT_18992,992.1881358834004
OUT_18993,145.5520058046616
OUT_18994,389.75727499639845
OUT_18995,1205.2784544211129
OUT_18996,278.7139860769525
OUT_18997,332.912903066947
OUT_18998,1270.1875221861078
OUT_18999,137.63490310723995
OUT_19000,119.5756270427396
OUT_19001,95.61525628480804
OUT_19002,419.04321518406164
OUT_19003,194.63681553907185
OUT_19004,988.2514688792328
OUT_19005,156.04851758192922
OUT_19006,361.1004033699687
OUT_19007,243.56083684164614
OUT_19008,101.12010289704529
OUT_19009,120.76284884406078
OUT_19010,201.05124503261385
OUT_19011,175.98747043202957
OUT_19012,1213.097610217059
OUT_19013,349.8093557457468
OUT_19014,140.60919576654285
OUT_19015,178.9411376773254
OUT_19016,134.60873518753002
OUT_19017,212.15373055958867
OUT_19018,1094.9331511414453
OUT_19019,349.3816735484223
OUT_19020,96.12242848010806
OUT_19021,382.9512502420657
OUT_19022,176.6021535274126
OUT_19023,366.9852970543727
OUT_19024,1150.8197974117907
OUT_19025,981.449867817355
OUT_19026,364.0960290578873
OUT_19027,248.5441766796188
OUT_19028,938.5138829304472
OUT_19029,305.4558464684834
OUT_19030,1186.8286165685463
OUT_19031,278.1847167865466
OUT_19032,233.2519323178353
OUT_19033,492.29964420411477
OUT_19034,286.45275350548854
OUT_19035,119.68046666873364
OUT_19036,107.77625769221274
OUT_19037,151.57764762059384
OUT_19038,991.9846206451234
OUT_19039,1209.8200840169957
OUT_19040,1167.6435359225945
OUT_19041,357.07423903087994
OUT_19042,373.7678958391709
OUT_19043,902.645828933371
OUT_19044,324.8364059688864
OUT_19045,918.8819647618466
OUT_19046,358.0158074348711
OUT_19047,137.36421544018592
OUT_19048,230.3276249034154
OUT_19049,925.5832017827474
OUT_19050,331.34400406587247
OUT_19051,944.838243217306
OUT_19052,301.5740876601344
OUT_19053,122.03704663130937
OUT_19054,344.7747952022777
OUT_19055,126.10513837271854
OUT_19056,131.7705454331069
OUT_19057,154.87463185338993
OUT_19058,341.894013247984
OUT_19059,161.0510519048667
OUT_19060,282.4461377325174
OUT_19061,264.336885256641
OUT_19062,377.633794436627
OUT_19063,416.70751613275615
OUT_19064,378.4465101236751
OUT_19065,190.89916634196965
OUT_19066,155.15975763815675
OUT_19067,212.348675298635
OUT_19068,1174.0433849248438
OUT_19069,272.39621539286384
OUT_19070,287.77039087271226
OUT_19071,326.32057200994603
OUT_19072,448.60103821756445
OUT_19073,258.48849000777057
OUT_19074,151.35968358569127
OUT_19075,952.6010194060572
OUT_19076,276.47133706381555
OUT_19077,274.6840909462866
OUT_19078,298.7938163649913
OUT_19079,134.65119295035194
OUT_19080,153.7904578594217
OUT_19081,116.51355130156064
OUT_19082,95.63554209660158
OUT_19083,178.39128367960916
OUT_19084,323.08068294660416
OUT_19085,313.45847427796804
OUT_19086,161.13175017709756
OUT_19087,393.81621048351724
OUT_19088,223.59716176486276
OUT_19089,331.1196743202653
OUT_19090,431.78874115890665
OUT_19091,1357.515356908402
OUT_19092,930.386334415874
OUT_19093,441.5265802876511
OUT_19094,1031.0343090648828
OUT_19095,279.0757890791303
OUT_19096,143.0192485309683
OUT_19097,313.84635797649435
OUT_19098,85.82440116521946
OUT_19099,125.89430831812554
OUT_19100,315.8275852965836
OUT_19101,292.7219332137721
OUT_19102,99.88483867452344
OUT_19103,306.13849037060163
OUT_19104,284.05856272356374
OUT_19105,308.382097464319
OUT_19106,265.3536863095736
OUT_19107,117.43703171001766
OUT_19108,353.35562361863384
OUT_19109,107.3359149761898
OUT_19110,334.7962240972969
OUT_19111,128.71399714578197
OUT_19112,312.62638302730363
OUT_19113,432.6350926558007
OUT_19114,300.6710256905682
OUT_19115,952.8443871318448
OUT_19116,331.85831108512394
OUT_19117,161.87841024727194
OUT_19118,95.50584845139409
OUT_19119,371.4063738289743
OUT_19120,374.3637313649373
OUT_19121,1198.2620071874614
OUT_19122,344.5370141188297
OUT_19123,137.41450108754236
OUT_19124,112.19835327971433
OUT_19125,952.5853561119078
OUT_19126,1193.0619950161372
OUT_19127,127.3539544578418
OUT_19128,144.1699846903736
OUT_19129,320.146561216165
OUT_19130,358.5416105917936
OUT_19131,330.7741779241077
OUT_19132,349.9773933940987
OUT_19133,929.800841266023
OUT_19134,380.8426125304448
OUT_19135,473.3311665348213
OUT_19136,133.10636320314535
OUT_19137,343.9580957159342
OUT_19138,147.8127692087768
OUT_19139,387.4548019998589
OUT_19140,259.87983711945776
OUT_19141,137.1210587581084
OUT_19142,947.3626640690076
OUT_19143,146.14407826055327
OUT_19144,424.23797172103525
OUT_19145,387.73986675533854
OUT_19146,422.3243061869871
OUT_19147,107.23788946775154
OUT_19148,291.8312329432903
OUT_19149,84.68208174832654
OUT_19150,102.97559258704727
OUT_19151,1160.633435169163
OUT_19152,318.9012668228676
OUT_19153,302.8555255673649
OUT_19154,946.8945919985878
OUT_19155,343.69478124040165
OUT_19156,325.864074724583
OUT_19157,139.14630203055847
OUT_19158,139.8795738705022
OUT_19159,964.0378531122918
OUT_19160,546.3213937532523
OUT_19161,351.52790715485486
OUT_19162,100.92227342984827
OUT_19163,415.0002282832139
OUT_19164,272.6686175416579
OUT_19165,133.1174066607849
OUT_19166,147.26756248045663
OUT_19167,299.01193984135136
OUT_19168,301.4189980586899
OUT_19169,348.2154252931391
OUT_19170,131.36189465947945
OUT_19171,116.41111013268272
OUT_19172,119.27946765610108
OUT_19173,158.38366745509433
OUT_19174,269.49206701638013
OUT_19175,222.35990784671824
OUT_19176,295.75297624632464
OUT_19177,949.4552012114206
OUT_19178,377.29792301547764
OUT_19179,119.25018404697612
OUT_19180,141.70491599495827
OUT_19181,233.14178485221478
OUT_19182,350.54141111532454
OUT_19183,132.5542284314693
OUT_19184,138.02882719914209
OUT_19185,583.8222480423849
OUT_19186,979.5033250238172
OUT_19187,1207.574742211528
OUT_19188,356.4874260186027
OUT_19189,110.4649893251334
OUT_19190,298.9380050864039
OUT_19191,163.4359673018417
OUT_19192,444.4995721071298
OUT_19193,304.2578205300392
OUT_19194,439.3872219785578
OUT_19195,346.40739606662066
OUT_19196,301.22609142842435
OUT_19197,299.10012541985964
OUT_19198,394.4196040119343
OUT_19199,117.27427058304824
OUT_19200,125.9234071339512
OUT_19201,1164.4724762359735
OUT_19202,258.6270851130415
OUT_19203,94.57882146873014
OUT_19204,1040.202721261283
OUT_19205,158.54740896271812
OUT_19206,346.4352526751959
OUT_19207,345.4347106191369
OUT_19208,398.51983627304924
OUT_19209,233.6546123768088
OUT_19210,364.11084356151514
OUT_19211,984.1574415036404
OUT_19212,129.9646943373801
OUT_19213,216.82378411290193
OUT_19214,928.2507730442056
OUT_19215,300.36096583636277
OUT_19216,299.36760333487894
OUT_19217,317.5961261637882
OUT_19218,121.57097244571244
OUT_19219,143.05009047284636
OUT_19220,132.2877102387218
OUT_19221,153.99394292598157
OUT_19222,195.16789375167997
OUT_19223,111.23234315259408
OUT_19224,222.27952443169747
OUT_19225,361.7997027540765
OUT_19226,208.26505676411603
OUT_19227,336.9792586938332
OUT_19228,287.94739266136787
OUT_19229,305.1745575261781
OUT_19230,919.616804803212
OUT_19231,123.14323675851644
OUT_19232,325.1305588241875
OUT_19233,380.7275583524764
OUT_19234,145.50616518139117
OUT_19235,978.0898013443696
OUT_19236,390.2899769151818
OUT_19237,129.65036664116687
OUT_19238,95.6057666249896
OUT_19239,115.14866745457047
OUT_19240,405.53007105893187
OUT_19241,131.0255640445397
OUT_19242,382.4285182985267
OUT_19243,293.65186043402906
OUT_19244,363.8179687306211
OUT_19245,264.22326214470013
OUT_19246,268.45143595744787
OUT_19247,150.80429302322304
OUT_19248,379.4132923361948
OUT_19249,370.3494712474777
OUT_19250,187.4545431062645
OUT_19251,372.7433521130223
OUT_19252,979.9144273838764
OUT_19253,306.65588920913086
OUT_19254,77.56294867992116
OUT_19255,282.0401048308629
OUT_19256,137.631860341096
OUT_19257,285.50196777400606
OUT_19258,1158.864460039869
OUT_19259,167.53981780152185
OUT_19260,101.02964376742888
OUT_19261,411.16226533994006
OUT_19262,131.46345607911545
OUT_19263,306.0732563883154
OUT_19264,321.3943238756898
OUT_19265,302.61787516029483
OUT_19266,321.0738597624662
OUT_19267,100.6578504498361
OUT_19268,295.13911437859696
OUT_19269,102.96662171020829
OUT_19270,136.58359170609882
OUT_19271,428.50198107595224
OUT_19272,157.847431893926
OUT_19273,1366.8383026397346
OUT_19274,317.18031613585947
OUT_19275,1221.8030927498685
OUT_19276,154.11387596142353
OUT_19277,347.26681046900296
OUT_19278,889.574503957606
OUT_19279,397.57920129899674
OUT_19280,246.71251320079298
OUT_19281,293.85114920661226
OUT_19282,940.2299493200388
OUT_19283,391.3665705059858
OUT_19284,928.3333945186536
OUT_19285,342.8526804021656
OUT_19286,125.80963759391112
OUT_19287,186.26858340883933
OUT_19288,182.69343959559612
OUT_19289,350.20174779706076
OUT_19290,147.44959368601567
OUT_19291,1005.0788691289812
OUT_19292,140.4754264353916
OUT_19293,141.9973066605107
OUT_19294,331.8507708658079
OUT_19295,368.2419747879442
OUT_19296,333.2265078326023
OUT_19297,281.24934333407657
OUT_19298,973.8961396510568
OUT_19299,121.33495068461878
OUT_19300,975.851238189892
OUT_19301,446.65648500874556
OUT_19302,292.6521238947266
OUT_19303,1152.8877067227784
OUT_19304,138.05943509585137
OUT_19305,290.60196225256595
OUT_19306,303.39576989593274
OUT_19307,1289.4896171261762
OUT_19308,914.5466391715808
OUT_19309,210.39362094305633
OUT_19310,1156.2344999962424
OUT_19311,1182.0775519655876
OUT_19312,1168.6778643017956
OUT_19313,142.97510702243744
OUT_19314,106.29417422849193
OUT_19315,127.80006112800254
OUT_19316,318.2279955548724
OUT_19317,155.0880775234111
OUT_19318,1028.0629277065975
OUT_19319,311.62938299295126
OUT_19320,964.4912291562396
OUT_19321,141.421036367453
OUT_19322,144.29436943209222
OUT_19323,929.302819778252
OUT_19324,340.91923954948226
OUT_19325,1040.9440884196622
OUT_19326,327.3858804008863
OUT_19327,141.16202745532706
OUT_19328,105.22977079329748
OUT_19329,145.0159127004742
OUT_19330,133.9381727799961
OUT_19331,276.9476231493519
OUT_19332,929.9353099424046
OUT_19333,1046.482055556928
OUT_19334,286.9863664786966
OUT_19335,129.69643188379132
OUT_19336,114.20264541712348
OUT_19337,76.49937023963659
OUT_19338,113.14179309629148
OUT_19339,883.0179963220074
OUT_19340,335.6570558694157
OUT_19341,953.2500930427152
OUT_19342,921.8982601780184
OUT_19343,122.63061583890324
OUT_19344,968.5732157227816
OUT_19345,385.6148589259725
OUT_19346,127.83497709349584
OUT_19347,266.07123770743783
OUT_19348,1164.5352869932342
OUT_19349,306.5431627765881
OUT_19350,961.2138921195216
OUT_19351,131.22846742570215
OUT_19352,387.1318758765872
OUT_19353,320.70678602365865
OUT_19354,298.24819143661887
OUT_19355,895.4047082819393
OUT_19356,954.5729481528276
OUT_19357,994.6730168948976
OUT_19358,345.2772885652146
OUT_19359,122.00490597959742
OUT_19360,996.0509051738176
OUT_19361,131.85374661329166
OUT_19362,314.47378064235147
OUT_19363,341.5293873845024
OUT_19364,355.27296980294614
OUT_19365,1183.6286851071952
OUT_19366,1136.2733444586065
OUT_19367,337.69004231545915
OUT_19368,1473.7672152713794
OUT_19369,79.82993519759412
OUT_19370,264.2366076730849
OUT_19371,349.63089162543315
OUT_19372,314.14584666740404
OUT_19373,90.36575973311533
OUT_19374,250.98327634412374
OUT_19375,118.75852969416508
OUT_19376,138.5695381444656
OUT_19377,125.21184800835351
OUT_19378,181.19945868545406
OUT_19379,127.22691763102311
OUT_19380,356.6200388075357
OUT_19381,327.45166153512673
OUT_19382,1018.375103157362
OUT_19383,313.2550237890391
OUT_19384,165.91719854695563
OUT_19385,139.0465377934409
OUT_19386,125.90943067632874
OUT_19387,215.65650063981732
OUT_19388,280.1033997974953
OUT_19389,170.02165344306997
OUT_19390,178.7096938459655
OUT_19391,236.91272480414293
OUT_19392,235.08863977951378
OUT_19393,355.45385547197344
OUT_19394,328.09039941615754
OUT_19395,158.01112086744513
OUT_19396,137.25708644147974
OUT_19397,942.2441260766852
OUT_19398,190.81192934010494
OUT_19399,140.7238217296275
OUT_19400,347.4492181452539
OUT_19401,905.1916051059832
OUT_19402,164.43139865926452
OUT_19403,440.9191714991806
OUT_19404,130.49710500530804
OUT_19405,981.8903138784228
OUT_19406,129.6498233140477
OUT_19407,964.701651016695
OUT_19408,133.99628798238416
OUT_19409,356.3330221116853
OUT_19410,159.0057673189951
OUT_19411,119.97743191641835
OUT_19412,119.84079132741076
OUT_19413,266.31497156767284
OUT_19414,126.25020860162294
OUT_19415,264.9676432438196
OUT_19416,933.9886337425744
OUT_19417,1004.9963996112008
OUT_19418,328.67199204079986
OUT_19419,169.1747137174019
OUT_19420,326.52104797974124
OUT_19421,355.1226115650964
OUT_19422,142.52479174411005
OUT_19423,324.13852845220947
OUT_19424,141.21680784133054
OUT_19425,362.78754848888286
OUT_19426,336.03734453025515
OUT_19427,180.89521169080484
OUT_19428,243.97701303584776
OUT_19429,90.98104558849722
OUT_19430,168.2357128303889
OUT_19431,307.4514393610736
OUT_19432,125.404040358572
OUT_19433,136.6180963346885
OUT_19434,1181.982660879327
OUT_19435,138.8632774872404
OUT_19436,317.69512216976415
OUT_19437,357.5153864600824
OUT_19438,94.8366660229194
OUT_19439,95.6658457471095
OUT_19440,429.92633405517427
OUT_19441,149.3108081132587
OUT_19442,89.67488263530265
OUT_19443,279.6712554790232
OUT_19444,462.7584702113752
OUT_19445,337.55169692263854
OUT_19446,231.41151061904864
OUT_19447,310.86967943739944
OUT_19448,164.90205372504454
OUT_19449,965.5228315547508
OUT_19450,252.8132541898585
OUT_19451,326.9032958825983
OUT_19452,323.26757091245463
OUT_19453,121.2788671246328
OUT_19454,231.21244054076976
OUT_19455,287.685136121878
OUT_19456,113.36937372033994
OUT_19457,212.2331652923255
OUT_19458,379.6776684493992
OUT_19459,396.1983137664481
OUT_19460,272.4482237802809
OUT_19461,81.8348747805037
OUT_19462,1005.338536673758
OUT_19463,1022.4108373708236
OUT_19464,347.2783271126509
OUT_19465,238.28661960711287
OUT_19466,114.9674757001049
OUT_19467,336.074522145077
OUT_19468,424.7923155049576
OUT_19469,155.5361136331381
OUT_19470,415.93110954335566
OUT_19471,296.1817040900741
OUT_19472,326.43654735921666
OUT_19473,1096.7258449777626
OUT_19474,106.8629446126658
OUT_19475,121.14015666087059
OUT_19476,387.9748735824169
OUT_19477,121.06715950641028
OUT_19478,451.2897194919294
OUT_19479,177.66420982149347
OUT_19480,127.67658610401656
OUT_19481,350.69272505442837
OUT_19482,320.1801048251682
OUT_19483,122.5552547983707
OUT_19484,222.6601946209512
OUT_19485,299.97886471092784
OUT_19486,436.2902153946345
OUT_19487,314.2322681577272
OUT_19488,123.43689004147275
OUT_19489,118.24179216437388
OUT_19490,165.3165563967453
OUT_19491,211.84068017190202
OUT_19492,267.1395837263576
OUT_19493,928.6374214502694
OUT_19494,173.11093527845355
OUT_19495,1006.9635493465285
OUT_19496,443.79795780753716
OUT_19497,116.73206293275726
OUT_19498,133.23250497383978
OUT_19499,183.36150341656074
OUT_19500,295.9233941517123
OUT_19501,127.81404076892528
OUT_19502,1053.7676702569013
OUT_19503,174.04525526735893
OUT_19504,124.92077018539234
OUT_19505,114.1209934242316
OUT_19506,379.2185104087109
OUT_19507,380.0778810679079
OUT_19508,144.3946700770368
OUT_19509,313.1214934145288
OUT_19510,145.44030885482942
OUT_19511,346.1195156873688
OUT_19512,375.5406674395773
OUT_19513,442.6688880840194
OUT_19514,956.4271115316228
OUT_19515,122.30278803202128
OUT_19516,140.95615526214186
OUT_19517,93.51699413060896
OUT_19518,382.95754129287445
OUT_19519,916.1847811232024
OUT_19520,169.59946910502356
OUT_19521,952.274271332846
OUT_19522,438.7922377763315
OUT_19523,107.54689739801044
OUT_19524,396.5858016071967
OUT_19525,194.48078252160704
OUT_19526,270.94912028683484
OUT_19527,157.6400983521571
OUT_19528,312.55466372937326
OUT_19529,105.2206258990487
OUT_19530,231.53113199623454
OUT_19531,314.392983645037
OUT_19532,146.99706853776007
OUT_19533,109.37719718407946
OUT_19534,143.45796093100978
OUT_19535,912.54172099391
OUT_19536,356.4976143178235
OUT_19537,955.006805276249
OUT_19538,328.5729561080336
OUT_19539,352.17590516471273
OUT_19540,334.4725198682458
OUT_19541,490.7177130402571
OUT_19542,146.40050883163119
OUT_19543,113.27487561416385
OUT_19544,980.2318503583524
OUT_19545,337.1184168116347
OUT_19546,439.6994036238858
OUT_19547,339.8073255218173
OUT_19548,1290.061567885571
OUT_19549,363.28279691179176
OUT_19550,369.0228560298342
OUT_19551,399.2686740668944
OUT_19552,1017.1845784572768
OUT_19553,136.20661641119466
OUT_19554,985.2017459804472
OUT_19555,243.09664306234424
OUT_19556,985.8842568032262
OUT_19557,237.21710335770774
OUT_19558,151.98112761374827
OUT_19559,117.61737343938354
OUT_19560,945.7957668704636
OUT_19561,228.85483044614543
OUT_19562,409.7479392591715
OUT_19563,139.62062617733784
OUT_19564,162.7182486353991
OUT_19565,350.6076661627367
OUT_19566,152.02420271715695
OUT_19567,417.2815267405425
OUT_19568,328.239316585051
OUT_19569,111.96221197698245
OUT_19570,937.9053069552156
OUT_19571,402.3658157157131
OUT_19572,242.1453196879224
OUT_19573,169.33632815321948
OUT_19574,1177.0951487149391
OUT_19575,105.245919449054
OUT_19576,377.68017342315625
OUT_19577,276.4138047392288
OUT_19578,127.86797474522513
OUT_19579,134.49444241676827
OUT_19580,187.67946997687343
OUT_19581,165.26459252796514
OUT_19582,252.2198085864381
OUT_19583,307.0590100595699
OUT_19584,366.8538405859598
OUT_19585,303.87617123469124
OUT_19586,281.2682216855543
OUT_19587,1019.9634598280396
OUT_19588,1309.704796328693
OUT_19589,341.3924441651575
OUT_19590,297.2947604279865
OUT_19591,124.26745298456125
OUT_19592,399.1387660166622
OUT_19593,300.46155379700934
OUT_19594,291.2437982368227
OUT_19595,1215.0823291961856
OUT_19596,119.83359546017854
OUT_19597,366.18577831406867
OUT_19598,105.2493271875484
OUT_19599,1003.0651886554508
OUT_19600,351.2677660379705
OUT_19601,180.45233692248235
OUT_19602,959.530708974084
OUT_19603,188.81008135103343
OUT_19604,123.25262829304324
OUT_19605,967.0243882425084
OUT_19606,240.3858046537279
OUT_19607,84.62253959726651
OUT_19608,203.50717243389488
OUT_19609,184.4894161808523
OUT_19610,141.6688693727068
OUT_19611,506.3616825324317
OUT_19612,292.24214452278557
OUT_19613,921.698766975667
OUT_19614,952.3806851850248
OUT_19615,919.8104305820804
OUT_19616,142.4751747634898
OUT_19617,371.1004879373595
OUT_19618,128.96969235360496
OUT_19619,128.71977311184676
OUT_19620,156.19788755926345
OUT_19621,247.381225976321
OUT_19622,180.94990436615987
OUT_19623,309.6050835956694
OUT_19624,296.4535263834166
OUT_19625,978.2366222142808
OUT_19626,147.01541343470254
OUT_19627,306.7514465204512
OUT_19628,979.4836885144804
OUT_19629,341.49425239765515
OUT_19630,114.94819420144611
OUT_19631,191.29307134147854
OUT_19632,410.94179551647835
OUT_19633,288.3231000488597
OUT_19634,1297.678451330073
OUT_19635,136.73276194382078
OUT_19636,918.8233465100652
OUT_19637,1182.7204363016026
OUT_19638,381.21868490523616
OUT_19639,364.2126118555142
OUT_19640,88.36806079599748
OUT_19641,908.5946585602125
OUT_19642,297.41037218985184
OUT_19643,418.8431690559331
OUT_19644,906.004760854863
OUT_19645,92.92447089433006
OUT_19646,1218.4168076363528
OUT_19647,125.81546417892044
OUT_19648,1166.2801106348063
OUT_19649,133.97360787504877
OUT_19650,140.8866228238745
OUT_19651,102.56391267714802
OUT_19652,980.981435737462
OUT_19653,404.6375211633167
OUT_19654,331.5173260885704
OUT_19655,149.93159273590487
OUT_19656,337.53464252199853
OUT_19657,398.55905337390266
OUT_19658,429.75398689165866
OUT_19659,187.57220306732327
OUT_19660,959.5137146944368
OUT_19661,1012.8450638033596
OUT_19662,274.3638368284667
OUT_19663,346.49670742109447
OUT_19664,383.041259643874
OUT_19665,289.21999759918214
OUT_19666,971.2151122194218
OUT_19667,363.7871740667315
OUT_19668,328.0350781248013
OUT_19669,221.2977070055792
OUT_19670,342.9223888372356
OUT_19671,328.6859630250055
OUT_19672,955.8977060679802
OUT_19673,403.1965530856155
OUT_19674,364.6710512195422
OUT_19675,378.29364783483265
OUT_19676,444.468430318472
OUT_19677,354.0163218696556
OUT_19678,436.1347443643401
OUT_19679,112.48924860542772
OUT_19680,268.56092780816266
OUT_19681,400.3385772779725
OUT_19682,115.46564854152707
OUT_19683,308.4700441343922
OUT_19684,429.6991343367217
OUT_19685,92.09963769675394
OUT_19686,93.682519406224
OUT_19687,373.1774955539219
OUT_19688,98.66696124555268
OUT_19689,442.5977346245552
OUT_19690,146.08771221636275
OUT_19691,930.8181969628496
OUT_19692,132.17533100701084
OUT_19693,136.5481815756169
OUT_19694,119.76994404055468
OUT_19695,360.2128574618589
OUT_19696,914.3354419059208
OUT_19697,393.61503977515736
OUT_19698,127.20816753821023
OUT_19699,97.5695986792708
OUT_19700,129.00791669662976
OUT_19701,312.4538109084675
OUT_19702,303.91082029391055
OUT_19703,947.404117856547
OUT_19704,388.31874977918994
OUT_19705,172.13380363652377
OUT_19706,106.30041496836097
OUT_19707,236.4167193411301
OUT_19708,257.5164569792322
OUT_19709,964.905037546991
OUT_19710,281.94970254896947
OUT_19711,131.6388452835119
OUT_19712,109.51289149944768
OUT_19713,292.76801646295155
OUT_19714,158.54723660189046
OUT_19715,388.745903952733
OUT_19716,372.76806484477936
OUT_19717,168.6255351200711
OUT_19718,118.38260320844964
OUT_19719,139.52144104961366
OUT_19720,119.75473813872436
OUT_19721,287.8841983084948
OUT_19722,126.43789172014428
OUT_19723,243.68592918925404
OUT_19724,207.55958186780018
OUT_19725,320.7150718850887
OUT_19726,139.87161170454675
OUT_19727,230.6397000567022
OUT_19728,956.7862991287708
OUT_19729,1005.5651818070804
OUT_19730,933.3870035985482
OUT_19731,163.2137102646372
OUT_19732,113.94869030287528
OUT_19733,156.7781730675376
OUT_19734,342.3355042554848
OUT_19735,115.64657833252082
OUT_19736,396.9982708694364
OUT_19737,102.62846240245594
OUT_19738,268.5681547575465
OUT_19739,358.49598717724496
OUT_19740,294.9741131029637
OUT_19741,124.78713106409882
OUT_19742,413.8248494783288
OUT_19743,1292.9486814925394
OUT_19744,952.6640105962948
OUT_19745,319.0953368122859
OUT_19746,325.4777176389789
OUT_19747,107.06091167907816
OUT_19748,146.38971224708766
OUT_19749,118.670631907806
OUT_19750,350.9912193502747
OUT_19751,142.21471921338733
OUT_19752,192.53862121809732
OUT_19753,309.1572914090274
OUT_19754,130.13910973409185
OUT_19755,1016.9911255206854
OUT_19756,344.57029800100577
OUT_19757,974.8598833976802
OUT_19758,442.87197331388984
OUT_19759,376.71680422161796
OUT_19760,155.98641543505062
OUT_19761,434.1987269934082
OUT_19762,169.46567062382903
OUT_19763,160.79581618128296
OUT_19764,120.75880516719108
OUT_19765,326.9416216977039
OUT_19766,102.18801359045692
OUT_19767,149.50230395136836
OUT_19768,179.10148841185975
OUT_19769,1206.4999579672033
OUT_19770,114.66676509112423
OUT_19771,142.5501546481181
OUT_19772,1029.2716829086403
OUT_19773,515.4674908562384
OUT_19774,1000.212716381312
OUT_19775,137.64226431901287
OUT_19776,328.3142815665368
OUT_19777,403.63432870821237
OUT_19778,278.05000487201164
OUT_19779,136.10530421500954
OUT_19780,368.3732516025834
OUT_19781,359.6251493980651
OUT_19782,104.5229789014773
OUT_19783,241.16066653704402
OUT_19784,106.72072888378334
OUT_19785,405.6280636493641
OUT_19786,371.1817055678804
OUT_19787,377.9141433672954
OUT_19788,987.4656155144462
OUT_19789,198.2307424551641
OUT_19790,234.98780583029145
OUT_19791,244.9228954446305
OUT_19792,128.86500621471268
OUT_19793,230.45404978180346
OUT_19794,323.2520126757169
OUT_19795,140.69590657169013
OUT_19796,159.01124209522334
OUT_19797,139.94644049037066
OUT_19798,141.49522015645323
OUT_19799,122.76816095049004
OUT_19800,356.45824836411595
OUT_19801,322.11217742865114
OUT_19802,1165.9687033944265
OUT_19803,985.4256723162802
OUT_19804,291.9805076951751
OUT_19805,872.0344916359705
OUT_19806,892.0493837986301
OUT_19807,115.58134538156978
OUT_19808,881.5695887003553
OUT_19809,396.943000114342
OUT_19810,387.29869672959205
OUT_19811,269.76623406404974
OUT_19812,149.56408398907925
OUT_19813,142.87455616599465
OUT_19814,136.52907607300594
OUT_19815,265.1629626883112
OUT_19816,121.03655801768427
OUT_19817,957.3282040953742
OUT_19818,86.20504000202835
OUT_19819,113.17454097210704
OUT_19820,113.31644956938746
OUT_19821,426.3606239764373
OUT_19822,140.48083200099882
OUT_19823,252.2495853273608
OUT_19824,138.49012426865266
OUT_19825,263.8750881561965
OUT_19826,394.7329370470474
OUT_19827,1214.2375324461657
OUT_19828,904.3144694648668
OUT_19829,179.2803706805406
OUT_19830,400.7043441310266
OUT_19831,336.54328295226884
OUT_19832,134.51463768784538
OUT_19833,224.7930807589761
OUT_19834,324.27222230044185
OUT_19835,137.82071883889833
OUT_19836,136.2615409629108
OUT_19837,967.6649056357488
OUT_19838,136.93589059695765
OUT_19839,99.48184692493116
OUT_19840,423.29564407719795
OUT_19841,148.7071405980526
OUT_19842,271.9741596310021
OUT_19843,371.6968113007389
OUT_19844,216.05772764668285
OUT_19845,158.74467809690685
OUT_19846,152.61767866530022
OUT_19847,165.01854745592578
OUT_19848,443.39256197876
OUT_19849,104.53554911686685
OUT_19850,1184.3392948277717
OUT_19851,99.203285473567
OUT_19852,1162.7315004959428
OUT_19853,474.532995213664
OUT_19854,123.27025767842272
OUT_19855,161.43433323044923
OUT_19856,937.79843394482
OUT_19857,190.0204460589277
OUT_19858,221.68856325970853
OUT_19859,981.4051301095266
OUT_19860,153.10384693961157
OUT_19861,95.97842541845206
OUT_19862,127.1430408699847
OUT_19863,313.1808776935876
OUT_19864,136.41603022038117
OUT_19865,1185.015848977143
OUT_19866,457.4031880018915
OUT_19867,337.4857427554304
OUT_19868,111.41128271610324
OUT_19869,171.49746215751645
OUT_19870,366.7343368169114
OUT_19871,357.8884353235717
OUT_19872,106.94291621246995
OUT_19873,142.33916106560784
OUT_19874,368.263812037556
OUT_19875,433.6613020653317
OUT_19876,470.4996477227046
OUT_19877,245.2510734177245
OUT_19878,428.36700925274965
OUT_19879,138.89408756143789
OUT_19880,180.0658836606185
OUT_19881,97.17904816722921
OUT_19882,159.32034666067437
OUT_19883,134.89497242181744
OUT_19884,355.68574966889264
OUT_19885,296.3393712485356
OUT_19886,157.7296586886917
OUT_19887,355.5958448891939
OUT_19888,329.1770707496115
OUT_19889,112.83549400616006
OUT_19890,167.0950966540114
OUT_19891,142.9811841407212
OUT_19892,404.4816021342847
OUT_19893,310.8043709406346
OUT_19894,986.6432274743077
OUT_19895,114.71441452885657
OUT_19896,1449.1140571746157
OUT_19897,130.07749535019764
OUT_19898,915.3309548465114
OUT_19899,406.2390752344637
OUT_19900,127.94258280021528
OUT_19901,121.44451588179388
OUT_19902,141.6143000479022
OUT_19903,151.5486076516822
OUT_19904,148.8707179030264
OUT_19905,124.20327067185428
OUT_19906,168.63045272980673
OUT_19907,346.52557767700966
OUT_19908,112.97173787610194
OUT_19909,117.22165018612887
OUT_19910,56.41224457447043
OUT_19911,101.43160076997032
OUT_19912,1022.1010764623408
OUT_19913,125.06993643872774
OUT_19914,75.62591693814038
OUT_19915,249.19415353836797
OUT_19916,105.88085283076482
OUT_19917,116.42000680644269
OUT_19918,112.31595047979889
OUT_19919,228.30114425800897
OUT_19920,302.13550360450176
OUT_19921,450.72475768294987
OUT_19922,135.15976719764768
OUT_19923,365.07943577416563
OUT_19924,130.54524119731852
OUT_19925,378.36058339882925
OUT_19926,94.0537087003636
OUT_19927,286.382639269773
OUT_19928,360.5002534181745
OUT_19929,297.87543998874963
OUT_19930,127.719808599875
OUT_19931,410.9425599095134
OUT_19932,212.81478732574624
OUT_19933,321.8677721816498
OUT_19934,902.9406453204564
OUT_19935,999.1886540716156
OUT_19936,214.27841990183515
OUT_19937,359.2877959096004
OUT_19938,98.50471166054506
OUT_19939,357.7906789795511
OUT_19940,1016.99355459015
OUT_19941,957.264611526347
OUT_19942,181.05157826671217
OUT_19943,960.2510277453076
OUT_19944,168.78496540304127
OUT_19945,241.16478455023176
OUT_19946,132.1562222363217
OUT_19947,981.8106524583492
OUT_19948,257.57295348691156
OUT_19949,89.36508098860463
OUT_19950,176.52431545947402
OUT_19951,931.1107708197628
OUT_19952,317.6116003949712
OUT_19953,292.7311564833275
OUT_19954,921.0463810602564
OUT_19955,387.39037304938915
OUT_19956,195.5741921267424
OUT_19957,980.46954172194
OUT_19958,109.9194082308574
OUT_19959,953.777249906743
OUT_19960,990.1172082597728
OUT_19961,226.25704469994375
OUT_19962,334.6974525289229
OUT_19963,109.36590496865648
OUT_19964,317.0077286277086
OUT_19965,340.5588147705363
OUT_19966,146.9639499534524
OUT_19967,97.42416598781588
OUT_19968,360.45230810685007
OUT_19969,239.96128678251554
OUT_19970,366.135168980482
OUT_19971,364.248568354977
OUT_19972,132.023486593953
OUT_19973,116.33066832268732
OUT_19974,270.5365785443804
OUT_19975,362.6084049549165
OUT_19976,428.47867145033774
OUT_19977,1168.338570408895
OUT_19978,938.406285452014
OUT_19979,384.97227818732415
OUT_19980,110.78745006005768
OUT_19981,96.81754076243968
OUT_19982,389.45007326914515
OUT_19983,90.03185040385627
OUT_19984,321.53121617371266
OUT_19985,969.1803176925354
OUT_19986,334.43727541257545
OUT_19987,140.48723292982095
OUT_19988,187.765642929502
OUT_19989,156.52032592094687
OUT_19990,323.7765124203743
OUT_19991,1033.282313927541
OUT_19992,316.6749760530168
OUT_19993,297.8389209153442
OUT_19994,364.6215313079682
OUT_19995,359.8531930729499
OUT_19996,442.07936236293483
OUT_19997,131.84836202391998
OUT_19998,317.40421323654834
OUT_19999,104.69991090009246
OUT_20000,102.15412173385944
