Outlet_ID,Maximum_Monthly_Liters
OUT_00001,1941.4700014761208
OUT_00002,1668.4198072724294
OUT_00003,1790.8517259599382
OUT_00004,1682.090300234845
OUT_00005,1815.7207970660115
OUT_00006,1559.2046589518077
OUT_00007,2100.2055215172672
OUT_00008,1672.9984760328575
OUT_00009,1817.0550959079228
OUT_00010,1886.504494397222
OUT_00011,1779.0414077671294
OUT_00012,1332.6850139074409
OUT_00013,948.2439187517826
OUT_00014,928.0914173773192
OUT_00015,1067.3550112633227
OUT_00016,1542.6560141017449
OUT_00017,1261.021376604317
OUT_00018,903.5763763172224
OUT_00019,1734.8324565662645
OUT_00020,1951.8583779802937
OUT_00021,1513.3839725045946
OUT_00022,1523.353372860469
OUT_00023,1578.659998074239
OUT_00024,1857.5249828000656
OUT_00025,193.56056441918633
OUT_00026,1698.866763124994
OUT_00027,1316.898581154138
OUT_00028,2087.7697735402207
OUT_00029,977.383971423572
OUT_00030,1759.3636958659677
OUT_00031,1327.4677080880886
OUT_00032,1754.481351922753
OUT_00033,1569.6797351534765
OUT_00034,1493.8661977680802
OUT_00035,1806.537406630221
OUT_00036,1459.0224279930587
OUT_00037,1497.652795860164
OUT_00038,1906.646369055156
OUT_00039,1774.4794243054268
OUT_00040,1845.004866029393
OUT_00041,1435.60382401337
OUT_00042,1635.4366326387926
OUT_00043,906.4956364567684
OUT_00044,1527.3496031417924
OUT_00045,1803.114830033824
OUT_00046,1013.5779398648762
OUT_00047,1769.7964790574665
OUT_00048,936.1854377102468
OUT_00049,1744.9047149011196
OUT_00050,907.8008374893165
OUT_00051,1941.9881238743708
OUT_00052,1717.430266286378
OUT_00053,1786.6565960677292
OUT_00054,1824.227829025784
OUT_00055,1895.0050920684505
OUT_00056,1674.08876505664
OUT_00057,957.5137541702846
OUT_00058,1886.1079957543327
OUT_00059,970.3410334131314
OUT_00060,1165.3651373436371
OUT_00061,967.7045681807404
OUT_00062,907.0783035277436
OUT_00063,890.8405173383308
OUT_00064,995.5496699531432
OUT_00065,874.0125000330121
OUT_00066,941.8555594467437
OUT_00067,946.0990023595148
OUT_00068,1055.1362324460276
OUT_00069,954.5871834971196
OUT_00070,997.0904092630968
OUT_00071,193.56056441918633
OUT_00072,1007.6243316099772
OUT_00073,193.56056441918633
OUT_00074,1028.254852104739
OUT_00075,889.0116314697556
OUT_00076,1006.0088598350276
OUT_00077,982.9336506965092
OUT_00078,909.7110326984838
OUT_00079,939.5535702435938
OUT_00080,858.0114047817439
OUT_00081,937.2945292796998
OUT_00082,1003.0113542549748
OUT_00083,907.0457099633462
OUT_00084,835.6658276348173
OUT_00085,960.9049375851138
OUT_00086,895.3955573494175
OUT_00087,1021.912066774439
OUT_00088,965.0973847992962
OUT_00089,852.8378107380541
OUT_00090,807.9271384620223
OUT_00091,810.7726278715317
OUT_00092,975.9213579378523
OUT_00093,915.8261623318328
OUT_00094,891.4273877941157
OUT_00095,982.5656798081376
OUT_00096,976.0533997127852
OUT_00097,912.414292724515
OUT_00098,907.8696233215584
OUT_00099,919.0620582554355
OUT_00100,947.808071149896
OUT_00101,909.4936071371768
OUT_00102,926.552620341126
OUT_00103,800.3943621847857
OUT_00104,936.3038565036192
OUT_00105,993.5083611696216
OUT_00106,845.6189552320307
OUT_00107,928.019081361005
OUT_00108,951.6517628980752
OUT_00109,951.755139865072
OUT_00110,968.9191746952812
OUT_00111,931.613990314102
OUT_00112,973.1512690962418
OUT_00113,1000.5775643480072
OUT_00114,905.8820951466582
OUT_00115,957.623793965304
OUT_00116,967.4350885993184
OUT_00117,988.1129326632404
OUT_00118,919.6144395824796
OUT_00119,910.1875867693468
OUT_00120,946.7829981615788
OUT_00121,997.9719177322733
OUT_00122,909.3554612820308
OUT_00123,910.3302478624984
OUT_00124,947.5841068243968
OUT_00125,1184.6773705269795
OUT_00126,749.2307218664547
OUT_00127,976.466917721919
OUT_00128,939.2791314002473
OUT_00129,904.088426401388
OUT_00130,934.7334374942592
OUT_00131,980.1165795723824
OUT_00132,879.1745838717741
OUT_00133,792.444176759511
OUT_00134,946.2322737368178
OUT_00135,890.0703409517863
OUT_00136,862.8132307003365
OUT_00137,934.4014989414233
OUT_00138,911.8799607117488
OUT_00139,910.45634479014
OUT_00140,789.8807642830591
OUT_00141,903.8662376799438
OUT_00142,1004.1731716615726
OUT_00143,193.56056441918633
OUT_00144,863.0172205048809
OUT_00145,942.5068248468972
OUT_00146,1320.3799202388486
OUT_00147,943.2258306822032
OUT_00148,874.7819224339959
OUT_00149,914.1850024984116
OUT_00150,914.0168963297244
OUT_00151,882.54497424527
OUT_00152,989.9985329033882
OUT_00153,915.4289598707684
OUT_00154,888.6918506793045
OUT_00155,990.5922270372556
OUT_00156,929.9982179056448
OUT_00157,994.3187946524492
OUT_00158,981.9173122669451
OUT_00159,830.7130257356852
OUT_00160,982.1976081220764
OUT_00161,870.4369552496173
OUT_00162,887.1165304317353
OUT_00163,854.9351034115355
OUT_00164,957.1893008967076
OUT_00165,1074.5543601609777
OUT_00166,876.5787768506143
OUT_00167,976.5855138991128
OUT_00168,979.3796858391436
OUT_00169,964.2815637094942
OUT_00170,869.0080779581597
OUT_00171,964.5896510359138
OUT_00172,862.9454019502001
OUT_00173,852.5852755828599
OUT_00174,934.4168100605608
OUT_00175,949.4022838636332
OUT_00176,942.2110243850296
OUT_00177,892.9866893251545
OUT_00178,1267.7153169762564
OUT_00179,999.791276011995
OUT_00180,939.3639572883834
OUT_00181,1329.7044210404542
OUT_00182,958.7088362084872
OUT_00183,920.029062211916
OUT_00184,193.56056441918633
OUT_00185,897.8099963783634
OUT_00186,918.9176327930938
OUT_00187,955.2224665549412
OUT_00188,937.6531254464288
OUT_00189,949.6381229070493
OUT_00190,961.205929154744
OUT_00191,917.8120275301208
OUT_00192,915.9071347159232
OUT_00193,906.4505085087524
OUT_00194,950.1080915144968
OUT_00195,954.3363201451068
OUT_00196,969.1515635197864
OUT_00197,816.3525038994284
OUT_00198,941.5949108556346
OUT_00199,883.5466107963427
OUT_00200,845.3069869520724
OUT_00201,696.3861030863238
OUT_00202,894.3548123850096
OUT_00203,921.3135308403956
OUT_00204,904.895453639042
OUT_00205,945.0498735823116
OUT_00206,844.8943616068909
OUT_00207,964.8434225153784
OUT_00208,959.2017493188094
OUT_00209,999.21746900703
OUT_00210,903.94425372514
OUT_00211,939.903982624922
OUT_00212,936.7386468438552
OUT_00213,981.5344821959716
OUT_00214,896.4191616194023
OUT_00215,973.5739705154464
OUT_00216,956.5855572914955
OUT_00217,1004.8979228956032
OUT_00218,810.7842190837221
OUT_00219,922.1611407641273
OUT_00220,851.9775845687849
OUT_00221,945.2697589584602
OUT_00222,989.2326824979132
OUT_00223,936.912516133856
OUT_00224,871.9027508596707
OUT_00225,962.7463590748476
OUT_00226,815.5761944018861
OUT_00227,966.9000415647072
OUT_00228,884.9322526890868
OUT_00229,868.7827566527765
OUT_00230,838.1835212832951
OUT_00231,927.5347864916796
OUT_00232,907.6354366842244
OUT_00233,891.7689417563232
OUT_00234,930.5586486356184
OUT_00235,904.0970442307618
OUT_00236,853.8268979070157
OUT_00237,893.9593259863664
OUT_00238,916.471431055505
OUT_00239,912.7395822674482
OUT_00240,756.5219442451858
OUT_00241,1003.8005848770176
OUT_00242,949.4071972430992
OUT_00243,989.8814106370266
OUT_00244,824.8008608894211
OUT_00245,872.8113636850287
OUT_00246,919.494107784787
OUT_00247,1307.6080862098888
OUT_00248,846.0985509742738
OUT_00249,906.763045290932
OUT_00250,919.2417016048724
OUT_00251,877.226548431818
OUT_00252,889.9084316725896
OUT_00253,895.7833991011563
OUT_00254,854.9830403629549
OUT_00255,922.416323597392
OUT_00256,841.1514216065626
OUT_00257,935.359777043687
OUT_00258,947.0688291159036
OUT_00259,943.8593517718624
OUT_00260,895.5433300101038
OUT_00261,953.3400138747068
OUT_00262,944.7558319344134
OUT_00263,961.618630399639
OUT_00264,899.8145904167643
OUT_00265,983.1328084949034
OUT_00266,951.0235194794078
OUT_00267,958.0245805248376
OUT_00268,943.3623615936356
OUT_00269,899.3878847720655
OUT_00270,895.6942493076265
OUT_00271,839.898054787657
OUT_00272,911.6909801936184
OUT_00273,981.2281653730812
OUT_00274,898.0862589182165
OUT_00275,989.3416515360964
OUT_00276,826.0386257161747
OUT_00277,894.1168472982878
OUT_00278,995.6111735044808
OUT_00279,863.6151212151104
OUT_00280,794.2354201999102
OUT_00281,848.0343118826833
OUT_00282,947.492743668683
OUT_00283,882.0437670922544
OUT_00284,875.6545377590193
OUT_00285,933.4370022268772
OUT_00286,921.460592729419
OUT_00287,921.4957803982312
OUT_00288,946.841857649036
OUT_00289,886.5308114584625
OUT_00290,923.9599205994404
OUT_00291,984.6417453602016
OUT_00292,924.4340002577848
OUT_00293,908.8552875814814
OUT_00294,901.0189535658712
OUT_00295,871.1160254695716
OUT_00296,1008.0707369224648
OUT_00297,923.8914341492188
OUT_00298,899.1593654384876
OUT_00299,952.9924491998764
OUT_00300,1007.4920696606698
OUT_00301,965.4840490844864
OUT_00302,865.8718072279715
OUT_00303,1125.5429924667417
OUT_00304,847.0542666368219
OUT_00305,830.3074445333293
OUT_00306,951.7226370536996
OUT_00307,832.4489804276079
OUT_00308,885.5470363506037
OUT_00309,969.921704490125
OUT_00310,944.8666417787896
OUT_00311,958.6191025792428
OUT_00312,989.474083768096
OUT_00313,1018.36631834444
OUT_00314,854.8153994814999
OUT_00315,916.0417191100248
OUT_00316,908.0475534283108
OUT_00317,999.5115714233262
OUT_00318,976.8242797258376
OUT_00319,900.2612861943543
OUT_00320,889.3024758444594
OUT_00321,963.0650715682748
OUT_00322,1075.540894829848
OUT_00323,927.8767140401164
OUT_00324,853.7717497992899
OUT_00325,955.6559115335484
OUT_00326,1003.2350715560924
OUT_00327,898.4030166714944
OUT_00328,915.7346564702568
OUT_00329,940.8230890190904
OUT_00330,949.4548431468132
OUT_00331,937.9326567108104
OUT_00332,835.1181176016313
OUT_00333,956.8843728393324
OUT_00334,979.8386115346136
OUT_00335,924.6335538451856
OUT_00336,920.8561340370884
OUT_00337,928.2547658067796
OUT_00338,970.077616811542
OUT_00339,975.738214088478
OUT_00340,994.1735507054216
OUT_00341,918.8944922366728
OUT_00342,853.2312513421817
OUT_00343,958.853647049882
OUT_00344,915.5926576500988
OUT_00345,985.2090233031672
OUT_00346,991.2422338830308
OUT_00347,944.8634520726026
OUT_00348,877.4551292055858
OUT_00349,969.0174747750592
OUT_00350,968.3292189821034
OUT_00351,965.289185416106
OUT_00352,852.5695094190767
OUT_00353,1027.155410593283
OUT_00354,947.7351214876315
OUT_00355,918.5112068832668
OUT_00356,889.8648765491466
OUT_00357,884.501308373583
OUT_00358,892.10221094468
OUT_00359,941.4171420375384
OUT_00360,915.1425036791206
OUT_00361,956.6570308217938
OUT_00362,929.494301743678
OUT_00363,953.14337703897
OUT_00364,911.6080087336352
OUT_00365,886.0469344561252
OUT_00366,860.9450763851961
OUT_00367,952.0239203430835
OUT_00368,916.5202482169902
OUT_00369,964.1003512636938
OUT_00370,928.0513873380788
OUT_00371,924.0040891418442
OUT_00372,1014.9945472967388
OUT_00373,958.647090162059
OUT_00374,918.4784879381234
OUT_00375,897.6039650215813
OUT_00376,1020.4595276147104
OUT_00377,975.6504547896842
OUT_00378,986.1388204039108
OUT_00379,926.4499683632376
OUT_00380,979.878317114936
OUT_00381,971.1137716965468
OUT_00382,896.2513207419917
OUT_00383,869.1598468348441
OUT_00384,942.8371814174463
OUT_00385,980.8926070202056
OUT_00386,939.7426674097296
OUT_00387,1001.079323212676
OUT_00388,966.096015845916
OUT_00389,925.8397657660606
OUT_00390,938.1021166780992
OUT_00391,884.2886178804162
OUT_00392,948.17122536757
OUT_00393,986.4371255792294
OUT_00394,940.8670997545888
OUT_00395,958.1723295338206
OUT_00396,946.8239945130312
OUT_00397,935.3068987086468
OUT_00398,997.4593310969598
OUT_00399,898.3152530890723
OUT_00400,959.7976013920246
OUT_00401,157.66198324567148
OUT_00402,885.7359118551437
OUT_00403,348.5227727222839
OUT_00404,118.49095994555977
OUT_00405,402.82959762494113
OUT_00406,147.37970517264122
OUT_00407,200.27545877386507
OUT_00408,113.21735039115573
OUT_00409,380.81793506718026
OUT_00410,313.60301277437725
OUT_00411,111.45486710884447
OUT_00412,128.31774135710245
OUT_00413,997.5857298986248
OUT_00414,121.90372082431335
OUT_00415,145.59223811433304
OUT_00416,360.76184352636346
OUT_00417,799.1042109111361
OUT_00418,300.39671998560266
OUT_00419,110.89859094248426
OUT_00420,82.81386807045085
OUT_00421,261.47909001908664
OUT_00422,327.11191476231886
OUT_00423,821.5923800545015
OUT_00424,803.1082755743347
OUT_00425,151.17216331888864
OUT_00426,346.54102344120946
OUT_00427,291.01718755078696
OUT_00428,1185.6110008455912
OUT_00429,297.85323948969244
OUT_00430,184.66023563422635
OUT_00431,135.0893171515564
OUT_00432,1116.3407546222877
OUT_00433,354.9647961968732
OUT_00434,1131.3095377772893
OUT_00435,345.3286179384696
OUT_00436,117.28950927477877
OUT_00437,112.9813731486132
OUT_00438,320.5009282516758
OUT_00439,346.5466140513265
OUT_00440,165.86775351905402
OUT_00441,197.38135000581917
OUT_00442,136.51213243043154
OUT_00443,362.133356346488
OUT_00444,316.59889771067714
OUT_00445,898.74108308395
OUT_00446,128.55513179193545
OUT_00447,120.37934658527456
OUT_00448,149.93855517860018
OUT_00449,1112.7506601766695
OUT_00450,956.337722017032
OUT_00451,115.25355675900111
OUT_00452,187.456543545454
OUT_00453,296.4731981949557
OUT_00454,389.18031559382564
OUT_00455,1136.6259017661773
OUT_00456,326.40696961283106
OUT_00457,961.4427104299716
OUT_00458,108.58910389226386
OUT_00459,330.147821301297
OUT_00460,311.1053441290068
OUT_00461,162.56875151621517
OUT_00462,135.4671336035663
OUT_00463,890.5066130947623
OUT_00464,150.79752320855326
OUT_00465,372.3741760297099
OUT_00466,865.8792219393018
OUT_00467,106.57119619643335
OUT_00468,830.3231584080845
OUT_00469,199.479189229406
OUT_00470,118.25715334893815
OUT_00471,278.5143376232619
OUT_00472,290.815260555849
OUT_00473,143.50124049270462
OUT_00474,82.96767783870747
OUT_00475,165.37975266529725
OUT_00476,327.26040800519047
OUT_00477,150.55640730625797
OUT_00478,302.60733785741706
OUT_00479,118.83913603733897
OUT_00480,148.93360585741203
OUT_00481,108.56547724141822
OUT_00482,356.9763245273422
OUT_00483,128.79518973695508
OUT_00484,122.57579495274511
OUT_00485,318.88924639195835
OUT_00486,350.3114114298445
OUT_00487,111.00798684702984
OUT_00488,126.6238996296834
OUT_00489,389.18048627386855
OUT_00490,152.91427491408925
OUT_00491,135.1632917462873
OUT_00492,891.1819450891569
OUT_00493,344.2471592598537
OUT_00494,140.8291964852261
OUT_00495,123.58325114008622
OUT_00496,152.8919626197954
OUT_00497,269.06076048097054
OUT_00498,330.70733765741466
OUT_00499,364.4960237071368
OUT_00500,114.54903558146758
OUT_00501,300.95423320484184
OUT_00502,240.6526498390241
OUT_00503,884.0762407821031
OUT_00504,239.50609383672648
OUT_00505,129.5404666621167
OUT_00506,1105.018434751573
OUT_00507,1086.9019261304488
OUT_00508,314.02545809346486
OUT_00509,316.84596756687716
OUT_00510,305.03610294902745
OUT_00511,325.8256181196484
OUT_00512,193.56056441918633
OUT_00513,105.8801379031104
OUT_00514,99.73657977554413
OUT_00515,855.9085197403422
OUT_00516,167.65605868445206
OUT_00517,336.25925971056574
OUT_00518,235.6789786665813
OUT_00519,155.86400098401538
OUT_00520,95.24864223985004
OUT_00521,149.1442718013153
OUT_00522,134.08958210251356
OUT_00523,107.28830863274929
OUT_00524,154.17182526435138
OUT_00525,860.0581549391283
OUT_00526,348.5482739702413
OUT_00527,376.9185001643365
OUT_00528,299.9437328036361
OUT_00529,355.35513555826446
OUT_00530,972.0775091577268
OUT_00531,141.2048035010578
OUT_00532,152.46345464534895
OUT_00533,160.3225144060881
OUT_00534,982.160443882779
OUT_00535,193.56056441918633
OUT_00536,105.8145451848326
OUT_00537,106.4465036418388
OUT_00538,162.5853570223573
OUT_00539,968.0972845099192
OUT_00540,101.63091735436467
OUT_00541,353.3066621386638
OUT_00542,113.65461205426708
OUT_00543,108.62620483225606
OUT_00544,94.11712845781463
OUT_00545,324.9983975846788
OUT_00546,316.24928143757165
OUT_00547,161.3929244296818
OUT_00548,97.02634648936154
OUT_00549,102.8688788984105
OUT_00550,273.1544981226118
OUT_00551,952.7129272570136
OUT_00552,89.05099403852851
OUT_00553,232.20679528159573
OUT_00554,99.17338521412009
OUT_00555,138.55027495391084
OUT_00556,298.68339407125274
OUT_00557,75.98253381153762
OUT_00558,126.46442853001408
OUT_00559,121.77261349987224
OUT_00560,346.1560528309057
OUT_00561,155.9577687562442
OUT_00562,178.27984059525156
OUT_00563,141.6640956025278
OUT_00564,119.91385861340954
OUT_00565,336.9375817347175
OUT_00566,178.20832026264893
OUT_00567,910.2580249291682
OUT_00568,1239.1926171827242
OUT_00569,132.009374007802
OUT_00570,924.9255848248056
OUT_00571,193.56056441918633
OUT_00572,199.35331919830816
OUT_00573,839.0015604234019
OUT_00574,373.81616501223965
OUT_00575,121.99207271413617
OUT_00576,313.53854989691877
OUT_00577,977.4089813648288
OUT_00578,125.16453946999002
OUT_00579,1111.5594002078096
OUT_00580,935.3160115121424
OUT_00581,946.0010937014852
OUT_00582,368.7848023468182
OUT_00583,134.15068945646692
OUT_00584,166.12155192512125
OUT_00585,333.02075791950455
OUT_00586,291.3021260659217
OUT_00587,213.4358816556309
OUT_00588,82.53178936976697
OUT_00589,979.6207099121784
OUT_00590,341.9941490162721
OUT_00591,921.627325827055
OUT_00592,133.63678437158651
OUT_00593,137.01585331614416
OUT_00594,304.584355409056
OUT_00595,265.5506275543356
OUT_00596,127.03689226946926
OUT_00597,120.21561126500244
OUT_00598,94.84552606324095
OUT_00599,102.38964320659902
OUT_00600,981.1301038741811
OUT_00601,391.0544193136669
OUT_00602,133.52252688871684
OUT_00603,937.4071379399649
OUT_00604,355.46374446051806
OUT_00605,134.66776204640965
OUT_00606,891.2935581754497
OUT_00607,839.1372756492217
OUT_00608,372.5857026558971
OUT_00609,290.4127134528518
OUT_00610,848.3155361580789
OUT_00611,156.10357645844732
OUT_00612,159.70640038876087
OUT_00613,152.93547374833494
OUT_00614,962.5509236404832
OUT_00615,102.36250726422162
OUT_00616,320.2555791394203
OUT_00617,295.1397933707899
OUT_00618,368.2041670967546
OUT_00619,1155.3505060571597
OUT_00620,412.0498499403368
OUT_00621,420.60441354367856
OUT_00622,122.94579976345314
OUT_00623,128.23196693962083
OUT_00624,377.3082809749726
OUT_00625,288.5274361316357
OUT_00626,882.7345284086323
OUT_00627,204.47732973342235
OUT_00628,130.92853465004023
OUT_00629,381.2234107672632
OUT_00630,172.78494526369218
OUT_00631,140.96458958413717
OUT_00632,120.20294484034808
OUT_00633,1179.9759609236098
OUT_00634,333.75470123909605
OUT_00635,299.1057321070147
OUT_00636,257.36120711100097
OUT_00637,318.3885201103761
OUT_00638,370.2862173252447
OUT_00639,949.5227156208556
OUT_00640,317.801064959026
OUT_00641,139.12114171390513
OUT_00642,298.96270418811355
OUT_00643,293.9756012666326
OUT_00644,345.9304167926596
OUT_00645,310.20007055200693
OUT_00646,119.35551767011742
OUT_00647,125.5509481356502
OUT_00648,386.0389683922485
OUT_00649,967.2043280959144
OUT_00650,290.11686711944185
OUT_00651,89.69711623615193
OUT_00652,394.6957639887878
OUT_00653,128.52697645707542
OUT_00654,154.41995662849325
OUT_00655,115.98333231371707
OUT_00656,361.65912175678244
OUT_00657,114.9615327420352
OUT_00658,379.8448235244779
OUT_00659,140.88768968833182
OUT_00660,853.1767302457301
OUT_00661,256.66881742956036
OUT_00662,390.9314763376417
OUT_00663,350.76512909484137
OUT_00664,98.33080031474263
OUT_00665,128.1334107243351
OUT_00666,895.7801147218911
OUT_00667,283.37471173198986
OUT_00668,173.7980171724463
OUT_00669,168.18193266289404
OUT_00670,328.6956584963343
OUT_00671,375.54484936597515
OUT_00672,167.81047751015433
OUT_00673,330.5378713761877
OUT_00674,798.3029580170089
OUT_00675,116.97814134442
OUT_00676,218.94551824514076
OUT_00677,330.9621782993864
OUT_00678,114.53046481610616
OUT_00679,182.3084580679363
OUT_00680,253.26942840727386
OUT_00681,105.23682027576208
OUT_00682,141.01013351311084
OUT_00683,365.2330692394488
OUT_00684,1192.9752943437873
OUT_00685,95.12531427227803
OUT_00686,961.6301937532862
OUT_00687,898.8264491006433
OUT_00688,134.15388788384377
OUT_00689,1191.178781304627
OUT_00690,105.04173377306698
OUT_00691,1119.0781155520397
OUT_00692,124.3041413657033
OUT_00693,341.6246785567944
OUT_00694,967.1529988915923
OUT_00695,124.79271220705512
OUT_00696,122.99696358391834
OUT_00697,364.9399725126051
OUT_00698,904.8424662122322
OUT_00699,946.1470230086396
OUT_00700,165.86775044897252
OUT_00701,135.95936304868385
OUT_00702,112.26692829291065
OUT_00703,260.3582166391844
OUT_00704,405.46687116923067
OUT_00705,142.39612278933606
OUT_00706,301.9682246055812
OUT_00707,127.79428133189377
OUT_00708,109.10236008215455
OUT_00709,129.89985063831858
OUT_00710,245.08649055082844
OUT_00711,140.19503424403672
OUT_00712,910.7140013237428
OUT_00713,139.86574853412802
OUT_00714,97.2658487714994
OUT_00715,325.8368132881555
OUT_00716,92.81799896014283
OUT_00717,880.5370830355992
OUT_00718,149.68041984566563
OUT_00719,151.4668472386549
OUT_00720,961.7127922976264
OUT_00721,127.4481179750753
OUT_00722,267.2464954892139
OUT_00723,108.02107268723982
OUT_00724,146.85568809195163
OUT_00725,82.38314540051971
OUT_00726,985.3677325509474
OUT_00727,406.2076666915101
OUT_00728,845.3812269576537
OUT_00729,128.83638225432736
OUT_00730,245.36297967889428
OUT_00731,966.5908672992636
OUT_00732,310.9473781254927
OUT_00733,264.1791488972196
OUT_00734,861.9761577245242
OUT_00735,135.3597674914968
OUT_00736,896.8180502682548
OUT_00737,919.9582415208838
OUT_00738,103.89478395338386
OUT_00739,200.24973467212007
OUT_00740,287.1945231396608
OUT_00741,181.2320576330455
OUT_00742,1110.2141416269035
OUT_00743,193.56056441918633
OUT_00744,208.3177097419568
OUT_00745,305.9657185839493
OUT_00746,804.1548824277345
OUT_00747,305.21117916162893
OUT_00748,189.97778775701127
OUT_00749,298.9505512628368
OUT_00750,309.0932659662674
OUT_00751,207.64810694113257
OUT_00752,127.25869426173371
OUT_00753,945.4105004152856
OUT_00754,164.5562483507452
OUT_00755,914.0575224186808
OUT_00756,200.77483273442206
OUT_00757,245.26518977042807
OUT_00758,134.26015737149064
OUT_00759,72.80688264198025
OUT_00760,105.04075418576979
OUT_00761,323.2185636832878
OUT_00762,138.64079168717305
OUT_00763,82.78053697743482
OUT_00764,355.6067256343461
OUT_00765,102.16672939783585
OUT_00766,112.58635975684437
OUT_00767,328.421299354288
OUT_00768,96.32142448183512
OUT_00769,363.3338945480648
OUT_00770,126.70513107399796
OUT_00771,321.07397884889656
OUT_00772,328.3259186232876
OUT_00773,860.8647489267495
OUT_00774,112.83815891694236
OUT_00775,358.367315207678
OUT_00776,126.95862996790378
OUT_00777,147.3998793510022
OUT_00778,1120.9093731566302
OUT_00779,254.81713452853546
OUT_00780,103.89885511072696
OUT_00781,162.35358585773668
OUT_00782,124.78946328498225
OUT_00783,91.62259411493092
OUT_00784,126.52453218529656
OUT_00785,333.4243593473289
OUT_00786,128.12920631714402
OUT_00787,294.7917608036958
OUT_00788,273.58322182207905
OUT_00789,901.409064826162
OUT_00790,141.05482835511185
OUT_00791,1152.15157509742
OUT_00792,942.9025706804032
OUT_00793,201.3243490665156
OUT_00794,110.32326798714645
OUT_00795,950.6805239024528
OUT_00796,117.283598130796
OUT_00797,293.1589835228147
OUT_00798,265.3273473094145
OUT_00799,870.7580593225136
OUT_00800,949.0189491971364
OUT_00801,110.01960818288055
OUT_00802,143.93410447693074
OUT_00803,374.96067154877113
OUT_00804,111.48823144782322
OUT_00805,106.6259871174733
OUT_00806,99.3840586102663
OUT_00807,183.0536121558573
OUT_00808,256.0846799195685
OUT_00809,336.23033318593065
OUT_00810,154.83676455921517
OUT_00811,123.61934614782034
OUT_00812,103.16543682948124
OUT_00813,116.21088310752334
OUT_00814,141.879878572148
OUT_00815,1157.77312777136
OUT_00816,122.09906864786603
OUT_00817,116.30117711182822
OUT_00818,152.28919086587615
OUT_00819,106.06695975231754
OUT_00820,125.94099323045033
OUT_00821,153.1353977211471
OUT_00822,215.2405823078793
OUT_00823,915.7710489222763
OUT_00824,121.49170054871081
OUT_00825,307.3114205238491
OUT_00826,298.07454269912574
OUT_00827,147.71427163473658
OUT_00828,278.9151719809028
OUT_00829,109.08461125897789
OUT_00830,154.16898016011984
OUT_00831,163.76622116042748
OUT_00832,111.27262185780764
OUT_00833,317.1197444919645
OUT_00834,330.1323314731372
OUT_00835,370.4909823257783
OUT_00836,306.64444162802727
OUT_00837,932.8038162241996
OUT_00838,350.8773041675579
OUT_00839,172.44230419575797
OUT_00840,1091.479158100744
OUT_00841,178.82955656893904
OUT_00842,115.45918943563285
OUT_00843,373.2694424055295
OUT_00844,114.40270913401584
OUT_00845,346.0105883560641
OUT_00846,90.83468661879205
OUT_00847,204.56078220830605
OUT_00848,338.50729316878784
OUT_00849,310.62111824312603
OUT_00850,147.26029629351598
OUT_00851,125.50996238337481
OUT_00852,329.9463976810455
OUT_00853,1179.2153644758105
OUT_00854,337.04726418908837
OUT_00855,130.15495711208445
OUT_00856,1081.728690280497
OUT_00857,953.6925777147252
OUT_00858,128.38947233011163
OUT_00859,133.95653051866904
OUT_00860,103.99227199824749
OUT_00861,111.46193992244967
OUT_00862,104.51094215594554
OUT_00863,122.36147341274916
OUT_00864,86.0829692818722
OUT_00865,378.92366599875106
OUT_00866,337.2772862506647
OUT_00867,322.63076608291783
OUT_00868,155.80379557988994
OUT_00869,129.79251062025986
OUT_00870,330.09262278479457
OUT_00871,969.4123882476596
OUT_00872,193.47532157691697
OUT_00873,971.6677814077628
OUT_00874,380.3240876700829
OUT_00875,157.5227302553603
OUT_00876,116.00748276421382
OUT_00877,885.5535721067632
OUT_00878,284.9243918628049
OUT_00879,281.50736474744843
OUT_00880,89.1368785593083
OUT_00881,919.9195118471132
OUT_00882,160.08909367591102
OUT_00883,171.98010100428843
OUT_00884,328.7586907777094
OUT_00885,359.9928980373489
OUT_00886,1206.624026611453
OUT_00887,110.52017444885651
OUT_00888,123.96034350539904
OUT_00889,371.75438996926584
OUT_00890,329.674809856407
OUT_00891,368.6749114594886
OUT_00892,106.28686823894468
OUT_00893,142.64061222885704
OUT_00894,143.69049559700528
OUT_00895,247.9828278705578
OUT_00896,120.67759237831464
OUT_00897,351.8624476666607
OUT_00898,131.30131057566743
OUT_00899,147.0822923616506
OUT_00900,126.11716079083665
OUT_00901,130.69876149418624
OUT_00902,122.41283234520711
OUT_00903,949.5368750671678
OUT_00904,104.04819928683257
OUT_00905,140.46916893059364
OUT_00906,965.289552708637
OUT_00907,121.68176004837783
OUT_00908,153.90077066875781
OUT_00909,114.29035763521122
OUT_00910,185.35619034314664
OUT_00911,145.33348259580228
OUT_00912,749.9931978670008
OUT_00913,301.8172757219919
OUT_00914,363.9298189886719
OUT_00915,90.94639365065092
OUT_00916,292.93655215628917
OUT_00917,223.8763399244431
OUT_00918,980.150719588564
OUT_00919,143.33005867975183
OUT_00920,322.11087710742345
OUT_00921,342.6005806707096
OUT_00922,116.4752012944419
OUT_00923,936.3577607629652
OUT_00924,276.0401260801367
OUT_00925,134.10842988383763
OUT_00926,96.74939130666998
OUT_00927,132.41286648527768
OUT_00928,166.98706247060204
OUT_00929,343.35928867616843
OUT_00930,342.4024740367118
OUT_00931,117.53463802704721
OUT_00932,165.67169756839402
OUT_00933,988.408546837213
OUT_00934,913.4146034541972
OUT_00935,320.0541831084535
OUT_00936,140.19728073287214
OUT_00937,833.8323022966197
OUT_00938,276.28992607520723
OUT_00939,126.03707054741733
OUT_00940,159.20292560092298
OUT_00941,252.33274023353383
OUT_00942,267.97433711014526
OUT_00943,927.9141471896662
OUT_00944,134.56481940729896
OUT_00945,350.11190887973913
OUT_00946,131.61709882974455
OUT_00947,128.2621818815034
OUT_00948,193.12213074850706
OUT_00949,90.7069657151014
OUT_00950,126.18668247483153
OUT_00951,269.9667356889343
OUT_00952,831.3207255183515
OUT_00953,117.1782573077791
OUT_00954,928.838704378647
OUT_00955,309.1661496551851
OUT_00956,312.2232860751525
OUT_00957,104.97102748986259
OUT_00958,139.5806271696253
OUT_00959,149.1613755820015
OUT_00960,905.6161834603032
OUT_00961,99.350249773988
OUT_00962,348.3891798746579
OUT_00963,330.473477510887
OUT_00964,87.31780588743361
OUT_00965,1251.3528311575312
OUT_00966,125.93323950510509
OUT_00967,143.35151945161735
OUT_00968,116.5747888769046
OUT_00969,297.16870832812106
OUT_00970,113.32812856417033
OUT_00971,136.4414367063322
OUT_00972,326.53327067543546
OUT_00973,915.0479167690788
OUT_00974,147.3487879402506
OUT_00975,112.16708031448344
OUT_00976,285.25475671041784
OUT_00977,126.68678870900469
OUT_00978,142.32245919264676
OUT_00979,141.28990283287231
OUT_00980,125.63501886513968
OUT_00981,332.5947296846785
OUT_00982,154.16805144798374
OUT_00983,109.34776024497585
OUT_00984,128.10774359978623
OUT_00985,390.0514976730036
OUT_00986,888.007075689213
OUT_00987,151.83690337446953
OUT_00988,262.71368003684086
OUT_00989,165.61825954096201
OUT_00990,878.5064645450344
OUT_00991,188.00744716691585
OUT_00992,255.1202064240356
OUT_00993,139.53795703805508
OUT_00994,911.6420346953414
OUT_00995,960.162281239824
OUT_00996,1234.0806388878484
OUT_00997,316.97577113120644
OUT_00998,397.14980156023125
OUT_00999,392.275243386287
OUT_01000,148.33010814082016
OUT_01001,131.4929272048592
OUT_01002,124.35670023915768
OUT_01003,139.2130433550429
OUT_01004,131.78871574416118
OUT_01005,250.59520097147947
OUT_01006,1156.557094109045
OUT_01007,129.78046743407123
OUT_01008,299.3136937468331
OUT_01009,160.0977641003201
OUT_01010,251.03632461705968
OUT_01011,341.1359092065866
OUT_01012,343.17438338142335
OUT_01013,130.7462696256968
OUT_01014,296.27287160763336
OUT_01015,340.2985484681479
OUT_01016,283.79952610020956
OUT_01017,162.40498074535506
OUT_01018,968.6946579636508
OUT_01019,141.26190575873133
OUT_01020,126.04161699417996
OUT_01021,141.17293640441622
OUT_01022,197.63973858027697
OUT_01023,834.4428502551368
OUT_01024,144.33612288851788
OUT_01025,402.9624815427809
OUT_01026,219.9562219820513
OUT_01027,140.50345491383698
OUT_01028,172.5064302200879
OUT_01029,122.70825508645254
OUT_01030,112.48091296577365
OUT_01031,139.46338928744333
OUT_01032,1239.297477905814
OUT_01033,132.17415435509878
OUT_01034,144.85518936267513
OUT_01035,273.61737660798934
OUT_01036,837.2676070744799
OUT_01037,309.9170628292652
OUT_01038,352.3230922141591
OUT_01039,321.61211336336874
OUT_01040,337.6044342594344
OUT_01041,291.3870758767202
OUT_01042,126.1322792705184
OUT_01043,138.3801901097326
OUT_01044,1275.617701851299
OUT_01045,170.75680098234932
OUT_01046,96.60704941958636
OUT_01047,123.97096154212848
OUT_01048,148.84712824182762
OUT_01049,350.12055647602256
OUT_01050,136.44151167349568
OUT_01051,331.099939961361
OUT_01052,94.30843981903833
OUT_01053,135.75572960374527
OUT_01054,353.17487861459756
OUT_01055,96.15123426010636
OUT_01056,342.9059635576951
OUT_01057,98.97858888739017
OUT_01058,299.81605069544844
OUT_01059,363.3415625373101
OUT_01060,398.71371220671244
OUT_01061,1098.0322923740468
OUT_01062,129.73556619593293
OUT_01063,88.44379953408193
OUT_01064,116.52905992426564
OUT_01065,125.66637380133689
OUT_01066,103.92497957834387
OUT_01067,87.02840778188398
OUT_01068,162.3680874314415
OUT_01069,255.7691581058607
OUT_01070,133.53200920611317
OUT_01071,195.57938989206374
OUT_01072,291.75890464388976
OUT_01073,949.5491470450391
OUT_01074,307.4956041439592
OUT_01075,343.787282383681
OUT_01076,316.64813562066223
OUT_01077,103.24173211960084
OUT_01078,135.98691755214904
OUT_01079,931.6932833860142
OUT_01080,317.6658514472582
OUT_01081,175.76152994818142
OUT_01082,119.74678020399969
OUT_01083,77.93884859695014
OUT_01084,100.88302551667871
OUT_01085,916.350426744024
OUT_01086,283.85286849122616
OUT_01087,132.6692804125387
OUT_01088,106.35925313629666
OUT_01089,108.20401370371187
OUT_01090,951.1665819155322
OUT_01091,98.32691182035983
OUT_01092,128.85231026667378
OUT_01093,281.9184609154053
OUT_01094,135.96626517078337
OUT_01095,161.6091505029321
OUT_01096,181.52837174029725
OUT_01097,328.0999103396412
OUT_01098,112.55320706348726
OUT_01099,957.5091855779146
OUT_01100,1212.8307209315735
OUT_01101,140.41819830201962
OUT_01102,344.9434751405231
OUT_01103,138.04305871435253
OUT_01104,113.44893347662016
OUT_01105,920.2211780043182
OUT_01106,139.24761499719173
OUT_01107,932.5906069150236
OUT_01108,1097.006723060454
OUT_01109,358.28853066394305
OUT_01110,359.14062257657554
OUT_01111,320.2914968209953
OUT_01112,140.4782231669369
OUT_01113,136.32000113811372
OUT_01114,150.60853599087508
OUT_01115,295.7749927524761
OUT_01116,360.5241187633065
OUT_01117,175.4637772615489
OUT_01118,100.37938042585364
OUT_01119,154.73350343834545
OUT_01120,113.69697826686654
OUT_01121,380.4891572074648
OUT_01122,160.16781296258867
OUT_01123,263.9075639925534
OUT_01124,1180.0665968616977
OUT_01125,199.91402668117203
OUT_01126,122.95031251786916
OUT_01127,121.14651647635057
OUT_01128,108.02402681991175
OUT_01129,174.67231836046122
OUT_01130,828.3938168638963
OUT_01131,163.79519006734623
OUT_01132,120.76898484482736
OUT_01133,931.6050038906212
OUT_01134,913.8296218023266
OUT_01135,858.9197920562564
OUT_01136,163.9358887495829
OUT_01137,291.3311350667774
OUT_01138,335.5681929402422
OUT_01139,193.56056441918633
OUT_01140,96.6304118492137
OUT_01141,114.69924862644213
OUT_01142,287.6951819278748
OUT_01143,81.44677740546254
OUT_01144,130.52126223224613
OUT_01145,311.052243162424
OUT_01146,1182.1278792279772
OUT_01147,171.24963483949003
OUT_01148,285.32876515042733
OUT_01149,304.4197665917778
OUT_01150,106.54608454736059
OUT_01151,118.7687976151328
OUT_01152,1113.3068500677891
OUT_01153,973.4385502213264
OUT_01154,141.9842373201342
OUT_01155,138.7685166574249
OUT_01156,255.7712456830097
OUT_01157,328.59591222451684
OUT_01158,107.19638276664192
OUT_01159,77.25975563118452
OUT_01160,81.98631368119672
OUT_01161,109.01913179508728
OUT_01162,122.03158217768814
OUT_01163,94.46540278062733
OUT_01164,964.5478994020458
OUT_01165,114.4809734058643
OUT_01166,296.7203201132796
OUT_01167,112.74483074863264
OUT_01168,143.1166331497845
OUT_01169,142.4127941633675
OUT_01170,193.56056441918633
OUT_01171,107.9338479750128
OUT_01172,86.44709006482725
OUT_01173,303.20669295211513
OUT_01174,125.95086823778875
OUT_01175,890.0499041812748
OUT_01176,347.2841915284562
OUT_01177,106.06065456930762
OUT_01178,924.1344351021992
OUT_01179,230.0542695661108
OUT_01180,286.2643550624052
OUT_01181,114.72491645037852
OUT_01182,357.63537696271334
OUT_01183,157.94619656013745
OUT_01184,150.66056567603516
OUT_01185,95.22095348732095
OUT_01186,125.81286671963176
OUT_01187,156.6118709454629
OUT_01188,122.14865447988095
OUT_01189,150.31479532777445
OUT_01190,132.29009550664088
OUT_01191,316.5273206869819
OUT_01192,107.76754755581888
OUT_01193,61.81111061236019
OUT_01194,133.45470679564403
OUT_01195,341.4791508582362
OUT_01196,63.79242461484025
OUT_01197,924.8220293864828
OUT_01198,244.92766669791348
OUT_01199,176.94727765799936
OUT_01200,103.58441820711688
OUT_01201,156.47282129265332
OUT_01202,115.53058982833224
OUT_01203,908.3664652347186
OUT_01204,292.33572017255847
OUT_01205,107.15091110760297
OUT_01206,129.42018500237555
OUT_01207,1174.1314037830782
OUT_01208,142.8015145617402
OUT_01209,193.56056441918633
OUT_01210,348.9990444426586
OUT_01211,323.49301284711225
OUT_01212,1208.5575066171004
OUT_01213,143.47968960751166
OUT_01214,879.8716125150078
OUT_01215,956.9047152555432
OUT_01216,110.72585716299922
OUT_01217,987.355948987784
OUT_01218,359.3349636509138
OUT_01219,138.72061258184576
OUT_01220,383.5441626160396
OUT_01221,1189.4926973943975
OUT_01222,143.3113977501644
OUT_01223,314.7550249859638
OUT_01224,278.3385118570967
OUT_01225,377.385725438589
OUT_01226,123.7497056139695
OUT_01227,103.13395583528764
OUT_01228,121.18095192002451
OUT_01229,120.05289738850252
OUT_01230,314.7143548871301
OUT_01231,169.1585615384618
OUT_01232,143.17154357832715
OUT_01233,386.5711910062961
OUT_01234,118.58042793316925
OUT_01235,216.12687527864875
OUT_01236,992.4790085580642
OUT_01237,119.95811472327979
OUT_01238,363.09097580019
OUT_01239,1008.0046814572852
OUT_01240,135.25913210017808
OUT_01241,1296.215602312085
OUT_01242,157.47448395506086
OUT_01243,123.97434707735569
OUT_01244,137.30367517973943
OUT_01245,103.69543861994848
OUT_01246,949.3287003944856
OUT_01247,93.61621359039631
OUT_01248,79.12409504798077
OUT_01249,133.03258549410776
OUT_01250,306.08742787622896
OUT_01251,144.39694553020252
OUT_01252,156.025738996542
OUT_01253,787.0002803060659
OUT_01254,113.95356396119632
OUT_01255,119.25415426452324
OUT_01256,148.28191577433148
OUT_01257,132.16011121587306
OUT_01258,324.3702918840205
OUT_01259,112.38937804724587
OUT_01260,109.35628523161574
OUT_01261,123.47584001241071
OUT_01262,932.93345981662
OUT_01263,915.164948683034
OUT_01264,122.91757811921809
OUT_01265,263.9808908533137
OUT_01266,388.9576378515717
OUT_01267,875.2856010586098
OUT_01268,258.90785176015913
OUT_01269,115.45955698960739
OUT_01270,950.924374721756
OUT_01271,115.40858358037408
OUT_01272,362.6230331984008
OUT_01273,1008.0440752377168
OUT_01274,174.68580614805143
OUT_01275,149.01500838470926
OUT_01276,116.99614789811996
OUT_01277,126.10920505330051
OUT_01278,102.87173759390198
OUT_01279,278.08159680065233
OUT_01280,133.45871739704194
OUT_01281,314.6757966898475
OUT_01282,112.9899940422193
OUT_01283,132.21604222014696
OUT_01284,363.07452228097026
OUT_01285,123.41490899532826
OUT_01286,124.53230413653594
OUT_01287,861.4903130344338
OUT_01288,851.2816083429126
OUT_01289,102.8959873306085
OUT_01290,376.85522215320475
OUT_01291,934.7195938362167
OUT_01292,974.9892056453986
OUT_01293,309.89224950967747
OUT_01294,156.7518040211749
OUT_01295,389.2032721477866
OUT_01296,152.01029236363172
OUT_01297,146.43281361927257
OUT_01298,309.1039140201822
OUT_01299,1240.1489770254436
OUT_01300,240.29887577441463
OUT_01301,123.14926878084707
OUT_01302,174.35399205821585
OUT_01303,113.75883169162775
OUT_01304,889.4978894082712
OUT_01305,110.64416081873503
OUT_01306,320.7626436711771
OUT_01307,371.62118683813674
OUT_01308,92.62090102902869
OUT_01309,162.92148914079294
OUT_01310,115.53071161284099
OUT_01311,113.09305098371294
OUT_01312,135.2517002524386
OUT_01313,146.13200009313437
OUT_01314,319.17455238445046
OUT_01315,98.9134624189778
OUT_01316,1226.3981630840017
OUT_01317,147.31955533313788
OUT_01318,121.8348694399676
OUT_01319,93.80268582276827
OUT_01320,104.00286629299325
OUT_01321,107.50366007191951
OUT_01322,117.20982852453335
OUT_01323,354.7543342903058
OUT_01324,97.46216190560968
OUT_01325,218.79491190186
OUT_01326,115.71472023059947
OUT_01327,125.58721907932866
OUT_01328,121.41839397891329
OUT_01329,125.9229033717756
OUT_01330,91.76091195315585
OUT_01331,961.8344006268784
OUT_01332,350.18650633721546
OUT_01333,121.11638172000443
OUT_01334,285.3916618958697
OUT_01335,86.78557023435016
OUT_01336,131.72004120566103
OUT_01337,163.85346634274015
OUT_01338,933.38212369028
OUT_01339,110.47895291594848
OUT_01340,107.55257206318842
OUT_01341,156.8059079108594
OUT_01342,334.27872575524555
OUT_01343,131.33727078497373
OUT_01344,157.12416689767798
OUT_01345,110.9949214703198
OUT_01346,338.3375676844224
OUT_01347,291.0733477790364
OUT_01348,360.9550704655634
OUT_01349,168.3938754546803
OUT_01350,256.0277941672764
OUT_01351,125.56830347406571
OUT_01352,955.6766602101312
OUT_01353,146.84228408535424
OUT_01354,76.78148902056205
OUT_01355,868.7671695492822
OUT_01356,337.118593467416
OUT_01357,119.71839917817431
OUT_01358,277.376246465672
OUT_01359,140.26125019206032
OUT_01360,310.6640451854938
OUT_01361,147.72373322760944
OUT_01362,1183.3153688083282
OUT_01363,203.9071156534855
OUT_01364,293.2575862371476
OUT_01365,133.64094737706455
OUT_01366,380.53794719416896
OUT_01367,335.9712598288825
OUT_01368,136.2119445129126
OUT_01369,922.083364981988
OUT_01370,106.14342066717748
OUT_01371,102.45288484188373
OUT_01372,226.87432174373708
OUT_01373,297.3075844702504
OUT_01374,364.24572442128203
OUT_01375,905.2478877163702
OUT_01376,1196.048275924146
OUT_01377,267.2358528083673
OUT_01378,136.20983213829828
OUT_01379,164.54929999359103
OUT_01380,307.22438116059806
OUT_01381,126.20030291123288
OUT_01382,932.5436897218042
OUT_01383,345.89285547055664
OUT_01384,165.0306146717444
OUT_01385,272.56333042472295
OUT_01386,300.81926196953754
OUT_01387,127.02965382391898
OUT_01388,163.5657712549547
OUT_01389,983.64126875236
OUT_01390,200.86107673506572
OUT_01391,990.3639870652772
OUT_01392,214.78733674947907
OUT_01393,121.47554805525476
OUT_01394,135.56756009366563
OUT_01395,277.3921398794702
OUT_01396,908.282659393731
OUT_01397,105.64758782447605
OUT_01398,166.58642963364
OUT_01399,126.33505372818082
OUT_01400,988.2722002469568
OUT_01401,273.95958510735943
OUT_01402,154.87118591637014
OUT_01403,324.6299750125961
OUT_01404,120.75569856247878
OUT_01405,69.61191815516204
OUT_01406,116.29098014879459
OUT_01407,128.38481737858922
OUT_01408,325.8188935359569
OUT_01409,948.8337056502
OUT_01410,920.4049442374647
OUT_01411,916.4312260728948
OUT_01412,284.72695714003396
OUT_01413,307.4247207337149
OUT_01414,129.57472102880834
OUT_01415,90.70940878582331
OUT_01416,145.08171375970892
OUT_01417,290.25133175583323
OUT_01418,267.23139175860604
OUT_01419,308.85450195440774
OUT_01420,902.1588110980068
OUT_01421,93.5199944940259
OUT_01422,126.34324713046284
OUT_01423,109.54857860727012
OUT_01424,120.43069442923459
OUT_01425,275.20961199008264
OUT_01426,125.82437804506738
OUT_01427,140.0940060707691
OUT_01428,257.9793577628525
OUT_01429,95.68202877121978
OUT_01430,169.4910839357269
OUT_01431,141.44813933282924
OUT_01432,120.81033106911165
OUT_01433,112.39874422334161
OUT_01434,106.5817740261087
OUT_01435,193.56056441918633
OUT_01436,321.8449699713394
OUT_01437,960.7787262275532
OUT_01438,131.8796735883257
OUT_01439,315.85479220821554
OUT_01440,1136.4915227585461
OUT_01441,293.4219832201968
OUT_01442,312.5347047623642
OUT_01443,193.56056441918633
OUT_01444,300.08605027624685
OUT_01445,345.86626781087574
OUT_01446,111.79381820333636
OUT_01447,857.5003691372611
OUT_01448,308.1106447372276
OUT_01449,353.81280902901136
OUT_01450,117.1842283084856
OUT_01451,345.7014181532456
OUT_01452,125.21313984055972
OUT_01453,925.444889721826
OUT_01454,125.90682930603121
OUT_01455,137.62911893830838
OUT_01456,119.55953291933302
OUT_01457,137.53141752145666
OUT_01458,321.77159358851054
OUT_01459,115.63574598082552
OUT_01460,340.8469808061969
OUT_01461,747.3720868331459
OUT_01462,76.27668191616064
OUT_01463,47.71440947474327
OUT_01464,107.49472194282744
OUT_01465,154.8158414572296
OUT_01466,150.3028036707925
OUT_01467,151.4673993953695
OUT_01468,94.35315613985541
OUT_01469,206.2742621194197
OUT_01470,292.19735843887696
OUT_01471,1220.6649719910804
OUT_01472,1206.491710205861
OUT_01473,994.52734905212
OUT_01474,177.86933164585807
OUT_01475,111.04350471445572
OUT_01476,272.129005475466
OUT_01477,180.96203313597175
OUT_01478,102.03854699115496
OUT_01479,132.77917539060053
OUT_01480,103.3537674191482
OUT_01481,841.991751197588
OUT_01482,113.00462275601583
OUT_01483,271.41475115786966
OUT_01484,115.3485481190738
OUT_01485,893.8170205754133
OUT_01486,134.9640774969351
OUT_01487,163.16696743670084
OUT_01488,117.66672375997004
OUT_01489,126.2729650632172
OUT_01490,328.2024974337832
OUT_01491,158.47447665248094
OUT_01492,124.91811858838452
OUT_01493,92.9550470444174
OUT_01494,115.003493500098
OUT_01495,246.4793483578127
OUT_01496,121.67287141527412
OUT_01497,284.1539990461342
OUT_01498,272.0270568683797
OUT_01499,319.4850936927516
OUT_01500,941.9821575792948
OUT_01501,184.28943590039395
OUT_01502,353.83649921272576
OUT_01503,954.790900025724
OUT_01504,305.28039846092355
OUT_01505,1104.5548297585315
OUT_01506,886.1591227022471
OUT_01507,956.2472794713927
OUT_01508,98.01080122586932
OUT_01509,136.40670457511646
OUT_01510,379.00428207566074
OUT_01511,96.140677285109
OUT_01512,98.6253079299544
OUT_01513,122.56140362863253
OUT_01514,1227.348448432885
OUT_01515,83.66016282596038
OUT_01516,164.27073761164485
OUT_01517,111.52843148162466
OUT_01518,299.8370115100142
OUT_01519,132.67696221695033
OUT_01520,950.9245775799602
OUT_01521,386.71272635549917
OUT_01522,117.96898521854222
OUT_01523,309.568860907058
OUT_01524,302.4166040198661
OUT_01525,156.99634956534368
OUT_01526,297.9223710697526
OUT_01527,965.765656147007
OUT_01528,1200.2892538682345
OUT_01529,134.55940756072258
OUT_01530,145.55242629729074
OUT_01531,94.92788390849222
OUT_01532,892.1500537783804
OUT_01533,148.5700771599118
OUT_01534,118.5990227408729
OUT_01535,88.20985173344243
OUT_01536,132.0385328877488
OUT_01537,125.43657174347776
OUT_01538,148.29964007746784
OUT_01539,130.18396946473163
OUT_01540,1018.270441234645
OUT_01541,209.524722857391
OUT_01542,154.32783990352598
OUT_01543,163.02580213724605
OUT_01544,146.13763449527954
OUT_01545,419.2535834435767
OUT_01546,332.7573851487607
OUT_01547,340.80613213839223
OUT_01548,109.42697803199684
OUT_01549,385.6831821701438
OUT_01550,320.6196615188196
OUT_01551,141.42875545226883
OUT_01552,401.36848816744987
OUT_01553,334.4895338974965
OUT_01554,1119.7024211595776
OUT_01555,148.35405741944697
OUT_01556,165.31260989314265
OUT_01557,1227.6083963226486
OUT_01558,118.79643755983147
OUT_01559,996.1096628111536
OUT_01560,931.6676248931026
OUT_01561,141.97531971704674
OUT_01562,104.39330578872472
OUT_01563,313.11119592695627
OUT_01564,141.6290532911215
OUT_01565,257.0407595952297
OUT_01566,133.1620287825584
OUT_01567,1232.3322555598377
OUT_01568,104.6164735629404
OUT_01569,139.24909815858337
OUT_01570,890.8792715862936
OUT_01571,109.49691515464275
OUT_01572,370.7553822739444
OUT_01573,122.39744691372265
OUT_01574,124.01745242794162
OUT_01575,137.9504562746549
OUT_01576,119.88434538878921
OUT_01577,309.3325970778603
OUT_01578,249.08701363589233
OUT_01579,120.18928496355804
OUT_01580,152.6006540419717
OUT_01581,234.9464159024763
OUT_01582,892.1554070115309
OUT_01583,313.57692019974377
OUT_01584,109.36848952774385
OUT_01585,108.54184182930645
OUT_01586,132.42065458513474
OUT_01587,147.42978725302427
OUT_01588,300.87434497088924
OUT_01589,332.2103187035924
OUT_01590,114.01239005624596
OUT_01591,146.0073958398513
OUT_01592,108.5365979824721
OUT_01593,884.007780161345
OUT_01594,349.8866203811098
OUT_01595,1126.2876174364392
OUT_01596,304.7848634439456
OUT_01597,107.40242427447951
OUT_01598,406.6036899214496
OUT_01599,111.89139995333916
OUT_01600,156.1915257505379
OUT_01601,116.72243227791833
OUT_01602,360.3293111978795
OUT_01603,128.5062046619076
OUT_01604,152.1536418022756
OUT_01605,924.7941167135472
OUT_01606,100.54820548263051
OUT_01607,126.37774239303876
OUT_01608,125.49857617696986
OUT_01609,234.2757658427148
OUT_01610,252.19517972093527
OUT_01611,91.58363965916854
OUT_01612,97.46515080613769
OUT_01613,106.1737622067462
OUT_01614,82.46569902156413
OUT_01615,89.6924906476816
OUT_01616,173.20780482603598
OUT_01617,159.9488366759307
OUT_01618,129.88441911811
OUT_01619,381.0704067642676
OUT_01620,382.7890594842766
OUT_01621,965.597098228757
OUT_01622,119.20721811340394
OUT_01623,92.11339725944151
OUT_01624,1121.8862125190785
OUT_01625,117.98680671583853
OUT_01626,124.16917252665972
OUT_01627,160.18928333247737
OUT_01628,113.63714839467062
OUT_01629,852.2877189227044
OUT_01630,146.47293543321067
OUT_01631,128.50089352604013
OUT_01632,122.18172576218066
OUT_01633,117.52291687382551
OUT_01634,928.843661807736
OUT_01635,278.40972048876256
OUT_01636,286.69037090066195
OUT_01637,93.92916390398183
OUT_01638,289.08227741
OUT_01639,1388.206301070045
OUT_01640,1286.1287284152088
OUT_01641,1218.5869980846453
OUT_01642,112.4955114271152
OUT_01643,168.87007211171016
OUT_01644,104.21379349258548
OUT_01645,214.96855368492575
OUT_01646,136.15764906821363
OUT_01647,113.26292887342984
OUT_01648,174.30120881230042
OUT_01649,120.83768754341173
OUT_01650,1112.8484758405261
OUT_01651,175.62619791086024
OUT_01652,146.2736042094237
OUT_01653,296.05346725941826
OUT_01654,841.3221058610943
OUT_01655,94.5310283400901
OUT_01656,941.5215025092444
OUT_01657,127.07879302879097
OUT_01658,173.39885270880154
OUT_01659,113.25222491582043
OUT_01660,318.3275481124591
OUT_01661,316.97714143714273
OUT_01662,348.3954477443669
OUT_01663,119.71263982958764
OUT_01664,81.03530287160397
OUT_01665,1090.2077504104975
OUT_01666,805.1894000446473
OUT_01667,254.9715091746004
OUT_01668,126.18655932728544
OUT_01669,106.75745646421701
OUT_01670,132.56404363179067
OUT_01671,121.29713261852794
OUT_01672,206.8058060729848
OUT_01673,113.19816236673536
OUT_01674,84.51026468429862
OUT_01675,265.38745541593835
OUT_01676,386.78537605243474
OUT_01677,82.98338963463218
OUT_01678,115.39342851433875
OUT_01679,813.3020323452866
OUT_01680,172.50601729451904
OUT_01681,114.75834865561741
OUT_01682,161.586339621716
OUT_01683,134.32418464691108
OUT_01684,125.85576574780363
OUT_01685,126.30423325386887
OUT_01686,275.3570453659973
OUT_01687,193.56056441918633
OUT_01688,321.4502015351538
OUT_01689,144.2305446621094
OUT_01690,131.0199618086519
OUT_01691,1182.5825529846747
OUT_01692,409.26451486724943
OUT_01693,127.85894847534608
OUT_01694,924.6510465809424
OUT_01695,362.7940679615863
OUT_01696,92.97676379223324
OUT_01697,132.46186081741024
OUT_01698,124.32118600623532
OUT_01699,102.33710496526005
OUT_01700,107.16963558759632
OUT_01701,288.7531507663897
OUT_01702,120.43942282866384
OUT_01703,160.32151780247938
OUT_01704,300.8283170491096
OUT_01705,924.9307664298334
OUT_01706,193.56056441918633
OUT_01707,131.16041521214515
OUT_01708,385.53094768231153
OUT_01709,170.01988083330028
OUT_01710,384.11029700969505
OUT_01711,130.02202654642306
OUT_01712,1162.779869309788
OUT_01713,96.91247268244896
OUT_01714,115.03017122428318
OUT_01715,352.34459649729644
OUT_01716,1094.1579986505503
OUT_01717,193.6511780245274
OUT_01718,285.3380938235373
OUT_01719,112.13414231714714
OUT_01720,126.70576295150326
OUT_01721,206.00545040157107
OUT_01722,140.91412554640937
OUT_01723,281.96667765907665
OUT_01724,113.1204628121536
OUT_01725,1262.999228596537
OUT_01726,119.21752019425405
OUT_01727,121.83798044171549
OUT_01728,98.65915835550533
OUT_01729,165.7034335982608
OUT_01730,324.7739653689265
OUT_01731,337.8272233561947
OUT_01732,324.7533533024532
OUT_01733,118.46559932623319
OUT_01734,292.6460037301928
OUT_01735,723.8242497962293
OUT_01736,1130.769565559237
OUT_01737,915.0661399283326
OUT_01738,372.6487710548223
OUT_01739,303.92277145804667
OUT_01740,957.9619064972452
OUT_01741,286.7898108977875
OUT_01742,334.29931796304174
OUT_01743,62.7471477249664
OUT_01744,120.46016400136875
OUT_01745,123.9218093939838
OUT_01746,396.92509150819967
OUT_01747,134.4968696041562
OUT_01748,129.53608353540162
OUT_01749,929.590998388032
OUT_01750,105.82014630894136
OUT_01751,162.99234097759205
OUT_01752,128.44113058649629
OUT_01753,133.19247861325945
OUT_01754,352.12116776186076
OUT_01755,405.8603657401262
OUT_01756,322.73407106376305
OUT_01757,955.6932816621368
OUT_01758,941.8530381763592
OUT_01759,170.55011800359802
OUT_01760,1153.9789602390251
OUT_01761,121.57145135340741
OUT_01762,104.18997369574367
OUT_01763,283.3132711319521
OUT_01764,161.92948921608905
OUT_01765,163.63290511700797
OUT_01766,869.2044089452825
OUT_01767,913.597996921446
OUT_01768,311.7002540765822
OUT_01769,132.0502100765898
OUT_01770,314.2848680195119
OUT_01771,162.88716753295625
OUT_01772,307.4486293995208
OUT_01773,115.6430321952842
OUT_01774,356.8503093275129
OUT_01775,905.0483978476498
OUT_01776,123.34559469753451
OUT_01777,153.59627492134436
OUT_01778,347.8281168480146
OUT_01779,129.27361958109472
OUT_01780,325.61961109244635
OUT_01781,101.10961447461204
OUT_01782,1211.2619177284132
OUT_01783,180.54798842361848
OUT_01784,212.74817666818961
OUT_01785,1076.7440759563394
OUT_01786,127.88513798135735
OUT_01787,178.30490509694675
OUT_01788,315.7971069283596
OUT_01789,128.4304476798464
OUT_01790,139.59915838915035
OUT_01791,94.39662311055352
OUT_01792,182.63052200132555
OUT_01793,139.01155637948094
OUT_01794,322.4017851740148
OUT_01795,298.88453261311
OUT_01796,127.20846418144727
OUT_01797,99.4029390723108
OUT_01798,268.2195656604917
OUT_01799,166.04165238039968
OUT_01800,230.7731981089536
OUT_01801,902.4324365560154
OUT_01802,963.9147975304506
OUT_01803,933.2480851163544
OUT_01804,394.1295952939896
OUT_01805,303.1529393225242
OUT_01806,1024.4324378688805
OUT_01807,172.47318624652075
OUT_01808,294.8029406908196
OUT_01809,335.91070913083524
OUT_01810,197.93605324433878
OUT_01811,132.0985126417325
OUT_01812,71.72297065214535
OUT_01813,359.38622929770474
OUT_01814,330.9464130776772
OUT_01815,118.96486365263956
OUT_01816,194.21604991665788
OUT_01817,155.5104584232441
OUT_01818,163.38113504798844
OUT_01819,157.0098236225217
OUT_01820,406.044262828127
OUT_01821,1184.7379865613489
OUT_01822,168.65149542536585
OUT_01823,129.48780556126724
OUT_01824,153.76055882168603
OUT_01825,961.9161699497644
OUT_01826,1000.2975841346408
OUT_01827,971.5041212091857
OUT_01828,344.98804700310905
OUT_01829,129.9209759081243
OUT_01830,103.82188761114608
OUT_01831,99.47647763688943
OUT_01832,107.21416438358747
OUT_01833,114.12210380778504
OUT_01834,1014.3568159468928
OUT_01835,929.439903785903
OUT_01836,97.17440299282269
OUT_01837,120.2762945360962
OUT_01838,307.30815636284285
OUT_01839,369.77084987188357
OUT_01840,155.25868724834058
OUT_01841,1144.368146324149
OUT_01842,247.16329084932943
OUT_01843,138.4446397667036
OUT_01844,905.0348702170336
OUT_01845,163.62700852452448
OUT_01846,119.75539470702407
OUT_01847,971.8997569264336
OUT_01848,309.71949074546194
OUT_01849,123.98674151258588
OUT_01850,255.77828539358427
OUT_01851,921.8620171607804
OUT_01852,866.2762774141469
OUT_01853,345.39192117037635
OUT_01854,942.8563952072336
OUT_01855,142.35771034066136
OUT_01856,307.9950460431572
OUT_01857,111.20280044007231
OUT_01858,154.89409770228772
OUT_01859,187.01572601570734
OUT_01860,347.67025131531534
OUT_01861,280.5650151379592
OUT_01862,138.88009254968912
OUT_01863,309.9547409245445
OUT_01864,281.65980293961763
OUT_01865,147.70147678217498
OUT_01866,129.52014137770527
OUT_01867,119.10668130433297
OUT_01868,267.98898522447087
OUT_01869,1198.7606447865096
OUT_01870,119.63070668822593
OUT_01871,193.56056441918633
OUT_01872,265.6884683542092
OUT_01873,336.5543305586916
OUT_01874,124.35839883383946
OUT_01875,289.0552544459325
OUT_01876,348.0485888203897
OUT_01877,989.7673307611008
OUT_01878,974.1437165828722
OUT_01879,1170.7783631057505
OUT_01880,244.88764238984385
OUT_01881,100.583600355978
OUT_01882,152.03750761637272
OUT_01883,95.99961323093903
OUT_01884,115.42201216953934
OUT_01885,398.3863775008847
OUT_01886,98.1809605642428
OUT_01887,964.4994436089768
OUT_01888,142.2211901443723
OUT_01889,233.51877022695925
OUT_01890,91.86095138142495
OUT_01891,950.2689225542088
OUT_01892,262.62105275407043
OUT_01893,126.12669700271968
OUT_01894,371.68273749574786
OUT_01895,180.44397690128457
OUT_01896,126.39456658256061
OUT_01897,974.3537194412642
OUT_01898,355.734334390296
OUT_01899,933.5776260705768
OUT_01900,115.6436692377644
OUT_01901,1115.0036954574816
OUT_01902,123.57488170498277
OUT_01903,1164.2703225963642
OUT_01904,142.55622405865816
OUT_01905,102.03083629491708
OUT_01906,1103.461285615309
OUT_01907,981.8275213141262
OUT_01908,849.175085928017
OUT_01909,159.02148211359298
OUT_01910,124.72637121099028
OUT_01911,310.05134625672827
OUT_01912,146.25781388253142
OUT_01913,325.7107096512326
OUT_01914,170.775694614475
OUT_01915,102.86436070042426
OUT_01916,170.5620354804856
OUT_01917,339.43337922157457
OUT_01918,113.43356186787432
OUT_01919,163.95179989724062
OUT_01920,166.47338549849076
OUT_01921,109.49564603855151
OUT_01922,156.25470839558471
OUT_01923,138.31481485700218
OUT_01924,158.83205830444678
OUT_01925,925.889061045492
OUT_01926,921.620818602352
OUT_01927,341.97686681692227
OUT_01928,941.7074876961516
OUT_01929,326.7316930262572
OUT_01930,126.5666967169738
OUT_01931,90.53265317080847
OUT_01932,244.76595940743252
OUT_01933,74.47947092871856
OUT_01934,175.94219414095554
OUT_01935,193.56056441918633
OUT_01936,120.06474788744588
OUT_01937,1125.9689709860204
OUT_01938,382.2039807310274
OUT_01939,345.8575724650318
OUT_01940,132.3358935381319
OUT_01941,345.9071570605761
OUT_01942,103.87372082963549
OUT_01943,123.24514093886691
OUT_01944,1131.6837094704115
OUT_01945,124.50963428385157
OUT_01946,326.52897522887474
OUT_01947,99.97270724180552
OUT_01948,325.8504342027296
OUT_01949,99.46282616460722
OUT_01950,193.56056441918633
OUT_01951,878.13286365904
OUT_01952,125.36638260490446
OUT_01953,965.3697211390564
OUT_01954,471.2506889549418
OUT_01955,945.926269614913
OUT_01956,110.34212975409355
OUT_01957,102.54893037019119
OUT_01958,289.6646801088333
OUT_01959,155.5721254272036
OUT_01960,114.74071826721588
OUT_01961,731.1419746311115
OUT_01962,118.6401608227105
OUT_01963,940.6040565189098
OUT_01964,126.23579382616033
OUT_01965,299.768109748035
OUT_01966,106.2147143841975
OUT_01967,877.5238730903119
OUT_01968,223.11669586374188
OUT_01969,121.13959094838988
OUT_01970,1215.061179327307
OUT_01971,359.0804935207255
OUT_01972,107.2266867579638
OUT_01973,192.42239009383547
OUT_01974,127.95181719262821
OUT_01975,287.4313302391663
OUT_01976,226.8114685201533
OUT_01977,200.84480024094233
OUT_01978,103.50361046124767
OUT_01979,406.63286433013695
OUT_01980,310.30917128287206
OUT_01981,291.3963545703433
OUT_01982,1026.195195950267
OUT_01983,361.0990890165472
OUT_01984,902.0947604934264
OUT_01985,993.5532292404934
OUT_01986,122.08530008650378
OUT_01987,100.55440577875916
OUT_01988,255.5839548262989
OUT_01989,226.1893137735564
OUT_01990,135.60700358405705
OUT_01991,993.469701035932
OUT_01992,286.37351116577616
OUT_01993,188.36153647429992
OUT_01994,274.65960981440844
OUT_01995,113.29431458737135
OUT_01996,898.8644895972678
OUT_01997,846.4811982418424
OUT_01998,177.75602924860456
OUT_01999,1004.9990434095484
OUT_02000,331.17649382314335
OUT_02001,119.13210584051248
OUT_02002,192.6259590527584
OUT_02003,116.61897577130935
OUT_02004,109.95775882333844
OUT_02005,240.36271041792276
OUT_02006,389.4091809470656
OUT_02007,247.32119557170094
OUT_02008,275.7321492190147
OUT_02009,313.67687940214125
OUT_02010,107.14395792461303
OUT_02011,140.86404374491943
OUT_02012,368.14192913830607
OUT_02013,127.69539354992757
OUT_02014,849.2389539296357
OUT_02015,114.02341252818788
OUT_02016,1516.7270194277737
OUT_02017,942.175195054463
OUT_02018,279.9504689072283
OUT_02019,136.4220575627365
OUT_02020,124.85584302416581
OUT_02021,143.93164163778044
OUT_02022,1232.5745627604265
OUT_02023,142.54948455341142
OUT_02024,218.9004877174132
OUT_02025,1204.5743452542536
OUT_02026,372.16633742447004
OUT_02027,315.0242038263883
OUT_02028,344.1328396811423
OUT_02029,343.35189922786174
OUT_02030,325.8045695944022
OUT_02031,61.78536680901378
OUT_02032,356.9885009191163
OUT_02033,166.69673574165503
OUT_02034,1144.0109889212345
OUT_02035,89.41155113390387
OUT_02036,103.50647512302707
OUT_02037,120.66655105945664
OUT_02038,170.15979007027056
OUT_02039,112.92734911602463
OUT_02040,199.6724316263389
OUT_02041,127.10404592933394
OUT_02042,113.70178193343578
OUT_02043,269.468969412149
OUT_02044,869.6331427469822
OUT_02045,278.2814733017719
OUT_02046,139.97912299175513
OUT_02047,1492.719074266945
OUT_02048,176.7875110869407
OUT_02049,100.85732510581842
OUT_02050,99.2042695833511
OUT_02051,353.765696392016
OUT_02052,193.56056441918633
OUT_02053,141.30455546357177
OUT_02054,819.0050708699871
OUT_02055,373.961160568265
OUT_02056,1204.1106341309255
OUT_02057,324.4263606561417
OUT_02058,898.7601655960275
OUT_02059,258.3591367073486
OUT_02060,168.35561999041187
OUT_02061,86.73060372888467
OUT_02062,119.99115517482075
OUT_02063,97.05899886598533
OUT_02064,144.5307669144654
OUT_02065,95.82654247117914
OUT_02066,974.972941088727
OUT_02067,104.57325936288369
OUT_02068,938.9536322475514
OUT_02069,115.0429062315846
OUT_02070,77.3330248006049
OUT_02071,144.7944006294254
OUT_02072,965.5184237769772
OUT_02073,1117.1112305287909
OUT_02074,151.74727706940945
OUT_02075,105.66696357047961
OUT_02076,88.85350469088507
OUT_02077,99.57256265603905
OUT_02078,1164.192878971406
OUT_02079,327.106735197974
OUT_02080,100.78491161670637
OUT_02081,95.84157781532339
OUT_02082,176.52516814937448
OUT_02083,1115.037373467992
OUT_02084,348.3382791350744
OUT_02085,884.1558649526783
OUT_02086,277.58485158880575
OUT_02087,311.75024235503025
OUT_02088,916.6931797384495
OUT_02089,164.2324175214096
OUT_02090,131.3371839239505
OUT_02091,160.849843721457
OUT_02092,320.23587998467826
OUT_02093,80.76511493886412
OUT_02094,884.6856123465184
OUT_02095,266.7310771611524
OUT_02096,1192.9491488470574
OUT_02097,960.3818649055864
OUT_02098,329.2261193069195
OUT_02099,326.53108164230605
OUT_02100,99.16783216447111
OUT_02101,217.42646589417376
OUT_02102,160.60109457600615
OUT_02103,358.0124225874807
OUT_02104,364.19155081676877
OUT_02105,99.2948203101783
OUT_02106,126.42796134575634
OUT_02107,103.98399194950264
OUT_02108,105.92244962560164
OUT_02109,157.87670042927405
OUT_02110,126.39162059596005
OUT_02111,163.64396004120528
OUT_02112,95.63795533634168
OUT_02113,327.5560157382478
OUT_02114,363.2101080742094
OUT_02115,130.12768484387806
OUT_02116,112.34474842254942
OUT_02117,95.80750338569851
OUT_02118,327.3827718491169
OUT_02119,232.0407262340713
OUT_02120,122.27596836850007
OUT_02121,913.4180218808784
OUT_02122,96.34589446153102
OUT_02123,326.1084034920942
OUT_02124,357.6800125766942
OUT_02125,115.85252844917105
OUT_02126,132.21111915199626
OUT_02127,105.97316062964968
OUT_02128,863.2395862575356
OUT_02129,140.155533981352
OUT_02130,106.14460439289628
OUT_02131,752.3534772365037
OUT_02132,325.5420276108168
OUT_02133,923.5757571257756
OUT_02134,324.80855976173655
OUT_02135,324.3580192279985
OUT_02136,899.1896400408039
OUT_02137,344.04282340686814
OUT_02138,1014.2368601031874
OUT_02139,781.3477684883046
OUT_02140,159.5912769161802
OUT_02141,256.2214074653063
OUT_02142,178.53267839540243
OUT_02143,319.79150152562534
OUT_02144,143.38723664477254
OUT_02145,113.15789501599731
OUT_02146,938.2162475244712
OUT_02147,393.3817991995761
OUT_02148,339.1866176488837
OUT_02149,131.72004812649865
OUT_02150,118.03474751916389
OUT_02151,271.3233128550014
OUT_02152,1286.2213003743243
OUT_02153,141.81303284589544
OUT_02154,127.21106747713269
OUT_02155,265.88474019860405
OUT_02156,120.15420579615879
OUT_02157,360.1155955758772
OUT_02158,141.0954375908878
OUT_02159,125.67001277752773
OUT_02160,154.5241546529894
OUT_02161,132.93160264684286
OUT_02162,298.053649214035
OUT_02163,149.9534623469288
OUT_02164,301.2454849578823
OUT_02165,183.103548166518
OUT_02166,92.75719600417015
OUT_02167,164.89574502908644
OUT_02168,136.55779645988133
OUT_02169,89.95215309850137
OUT_02170,160.61310977913703
OUT_02171,109.41969312172576
OUT_02172,271.55133188157936
OUT_02173,92.88356445728412
OUT_02174,105.91309609062496
OUT_02175,133.71648655697925
OUT_02176,1198.667727326649
OUT_02177,316.5962068828183
OUT_02178,132.69460624950665
OUT_02179,314.32226292698056
OUT_02180,1148.984947240062
OUT_02181,914.3825975090988
OUT_02182,147.9629605202463
OUT_02183,288.945047082068
OUT_02184,316.74291269728883
OUT_02185,368.770420401742
OUT_02186,152.82358792932678
OUT_02187,314.4792075155559
OUT_02188,127.12403413217837
OUT_02189,147.68067227022428
OUT_02190,1283.7384216024288
OUT_02191,313.7963408679439
OUT_02192,327.67031595936476
OUT_02193,371.8983301838568
OUT_02194,161.6197217834742
OUT_02195,128.71255913550502
OUT_02196,309.5046003824925
OUT_02197,111.69744206018431
OUT_02198,85.55883613718704
OUT_02199,142.32368480511167
OUT_02200,329.481822029839
OUT_02201,866.8927833718133
OUT_02202,193.56056441918633
OUT_02203,931.037349597366
OUT_02204,334.4371378389775
OUT_02205,935.1636673910108
OUT_02206,122.60402557240214
OUT_02207,906.0200282324582
OUT_02208,142.50840043989274
OUT_02209,142.57320057794848
OUT_02210,146.8183855750715
OUT_02211,154.89744855835687
OUT_02212,447.75733976941797
OUT_02213,99.77081603039169
OUT_02214,257.01238635373875
OUT_02215,359.8760960204764
OUT_02216,303.21429901854987
OUT_02217,866.821158307427
OUT_02218,377.8627047600663
OUT_02219,270.8802920280623
OUT_02220,115.76838000235809
OUT_02221,171.29325029101062
OUT_02222,114.45844754426811
OUT_02223,349.6801880223573
OUT_02224,350.77493004769286
OUT_02225,134.73674027633982
OUT_02226,317.80095083838734
OUT_02227,136.47988670366962
OUT_02228,305.42641349931984
OUT_02229,320.09703711571285
OUT_02230,282.9066774184949
OUT_02231,128.28127670492307
OUT_02232,114.87512657777285
OUT_02233,153.03475086332884
OUT_02234,320.3472947886712
OUT_02235,70.34791663357669
OUT_02236,1209.5203472268963
OUT_02237,141.2132421512811
OUT_02238,946.2554860608794
OUT_02239,105.38056138651528
OUT_02240,156.96682394150145
OUT_02241,108.14215829867145
OUT_02242,915.4665382903892
OUT_02243,907.352993317724
OUT_02244,243.3277898853447
OUT_02245,114.81058106805985
OUT_02246,920.2268188061618
OUT_02247,131.30083919987015
OUT_02248,348.0605944556028
OUT_02249,324.2925748439542
OUT_02250,112.76268292368056
OUT_02251,99.58350793609257
OUT_02252,168.27891422050968
OUT_02253,254.23989037708566
OUT_02254,273.7190957561981
OUT_02255,368.20340479748745
OUT_02256,95.89176975439742
OUT_02257,355.67135452637126
OUT_02258,122.74904664007818
OUT_02259,119.00647777661999
OUT_02260,164.98456805159384
OUT_02261,148.4555922327292
OUT_02262,173.84374183162498
OUT_02263,340.33175983336116
OUT_02264,193.56056441918633
OUT_02265,170.26000882024965
OUT_02266,130.21724902551077
OUT_02267,961.5738768375816
OUT_02268,101.0544290808358
OUT_02269,368.32518422889723
OUT_02270,126.96196735500587
OUT_02271,152.6792189839615
OUT_02272,350.22926873208377
OUT_02273,246.26678136192695
OUT_02274,99.18380115879988
OUT_02275,325.75000293580166
OUT_02276,110.10772586569887
OUT_02277,337.8209464326961
OUT_02278,93.59170940145282
OUT_02279,846.8454160952174
OUT_02280,320.2930281882477
OUT_02281,88.49446703696448
OUT_02282,131.0657338069237
OUT_02283,117.98533317539815
OUT_02284,335.1761506172505
OUT_02285,115.41518560953266
OUT_02286,793.9086603869756
OUT_02287,299.6476446269625
OUT_02288,328.9828891234161
OUT_02289,134.679152830854
OUT_02290,105.93302280493538
OUT_02291,159.9088931563193
OUT_02292,139.38349141785926
OUT_02293,134.62657071961465
OUT_02294,148.137728913758
OUT_02295,281.2310401677865
OUT_02296,239.78560557099752
OUT_02297,112.53028469808828
OUT_02298,969.0776409427174
OUT_02299,125.38662058780008
OUT_02300,100.60191583049753
OUT_02301,875.0799556673614
OUT_02302,101.17552765185228
OUT_02303,1013.4236268010412
OUT_02304,382.1300687373477
OUT_02305,309.2094311287223
OUT_02306,200.10391658118215
OUT_02307,170.7303079066223
OUT_02308,916.9316126183857
OUT_02309,89.84585685682282
OUT_02310,933.3952801608456
OUT_02311,342.52923024950076
OUT_02312,280.9356719158858
OUT_02313,339.3873963004056
OUT_02314,360.50980363270656
OUT_02315,139.615112625069
OUT_02316,105.48080371699274
OUT_02317,87.16884067898275
OUT_02318,346.4016204426397
OUT_02319,104.14331204952805
OUT_02320,305.8857889809566
OUT_02321,215.62567650188376
OUT_02322,1109.6184571600345
OUT_02323,144.89969312164374
OUT_02324,426.9903862416735
OUT_02325,170.62007420514442
OUT_02326,99.28958223205109
OUT_02327,94.23956493804074
OUT_02328,116.16324612468864
OUT_02329,128.23062851105607
OUT_02330,161.55540232222594
OUT_02331,175.4283198159315
OUT_02332,224.20975123296014
OUT_02333,193.56056441918633
OUT_02334,963.9718080719372
OUT_02335,140.27836836776166
OUT_02336,140.51645953207657
OUT_02337,193.56056441918633
OUT_02338,131.4010303849068
OUT_02339,184.4279848768134
OUT_02340,137.58611525921114
OUT_02341,323.09259448252214
OUT_02342,158.64049409950977
OUT_02343,397.11430304873375
OUT_02344,859.2032303882063
OUT_02345,158.36001758802104
OUT_02346,920.3420154802012
OUT_02347,377.5207732666308
OUT_02348,119.07902465559003
OUT_02349,314.42868727846803
OUT_02350,331.73693015957576
OUT_02351,1189.260380660859
OUT_02352,350.3771061968753
OUT_02353,370.90608366353024
OUT_02354,299.1439449559613
OUT_02355,339.0040631083061
OUT_02356,88.69165968177536
OUT_02357,97.89114194899577
OUT_02358,954.4427952378418
OUT_02359,167.2476693052677
OUT_02360,115.03234089573267
OUT_02361,319.00922566593755
OUT_02362,103.90129367356433
OUT_02363,171.27757391508692
OUT_02364,352.2500556848834
OUT_02365,386.49434034080383
OUT_02366,151.19231893757672
OUT_02367,161.0276150394648
OUT_02368,114.2094904734006
OUT_02369,890.0888233178017
OUT_02370,142.78008626933456
OUT_02371,1249.8825743736934
OUT_02372,131.77771671674515
OUT_02373,1210.5105421445398
OUT_02374,341.42942016332125
OUT_02375,227.32108261953073
OUT_02376,121.88025044574246
OUT_02377,107.81649172784365
OUT_02378,98.91347509704289
OUT_02379,309.5390545593304
OUT_02380,96.46833119298124
OUT_02381,123.11455216930976
OUT_02382,152.51122849256112
OUT_02383,1217.804353220273
OUT_02384,318.5427110569124
OUT_02385,939.6516153951696
OUT_02386,787.7622385056055
OUT_02387,1015.1850049727371
OUT_02388,168.34469947213006
OUT_02389,176.76791298842463
OUT_02390,374.5342364576337
OUT_02391,280.7746465871521
OUT_02392,215.74029426515162
OUT_02393,100.94225428977097
OUT_02394,266.0655337149696
OUT_02395,129.63932703378575
OUT_02396,325.2420974036269
OUT_02397,156.95261357952654
OUT_02398,105.81382587291522
OUT_02399,886.7567210947527
OUT_02400,142.31589266871168
OUT_02401,1124.2658334234588
OUT_02402,145.3008310372589
OUT_02403,145.23751841761901
OUT_02404,986.4813920768768
OUT_02405,944.2415208717916
OUT_02406,108.58047831288424
OUT_02407,249.52144761503152
OUT_02408,339.87698600882584
OUT_02409,301.17020311014056
OUT_02410,138.88950584931874
OUT_02411,133.50823403490912
OUT_02412,114.06824925200146
OUT_02413,86.11252361205432
OUT_02414,122.71535206899739
OUT_02415,974.281623224532
OUT_02416,916.3189039801086
OUT_02417,169.24812451371832
OUT_02418,825.2534769059537
OUT_02419,304.8244039796935
OUT_02420,107.95160387630548
OUT_02421,199.5373693848651
OUT_02422,1167.9519793993056
OUT_02423,286.2104007591743
OUT_02424,91.46372937060421
OUT_02425,289.72034972786594
OUT_02426,94.54187588715031
OUT_02427,326.2165252696144
OUT_02428,370.0957698109487
OUT_02429,159.48830445654028
OUT_02430,273.38050803583883
OUT_02431,1176.9470142670816
OUT_02432,139.4512008978009
OUT_02433,90.70388298029742
OUT_02434,193.56056441918633
OUT_02435,118.71178552865241
OUT_02436,862.398073163037
OUT_02437,1195.285473242844
OUT_02438,115.60097302270844
OUT_02439,385.93019386337505
OUT_02440,155.12530241100356
OUT_02441,121.21359604959608
OUT_02442,261.88022849342855
OUT_02443,102.5215604174791
OUT_02444,965.9559928171484
OUT_02445,321.6471015989298
OUT_02446,401.7561486516697
OUT_02447,114.95473837070234
OUT_02448,160.36054059062195
OUT_02449,104.64841057985534
OUT_02450,98.43340400806832
OUT_02451,362.3800594048994
OUT_02452,1014.458317782558
OUT_02453,135.2882755138922
OUT_02454,306.8498990563795
OUT_02455,148.58259560473456
OUT_02456,100.84411833307692
OUT_02457,371.7490503860181
OUT_02458,951.2897984627464
OUT_02459,1127.3655920922686
OUT_02460,304.1679967728596
OUT_02461,171.198889114715
OUT_02462,128.38094309662907
OUT_02463,144.6534579914902
OUT_02464,149.03761229246226
OUT_02465,145.54138033899125
OUT_02466,193.56056441918633
OUT_02467,96.7371184851734
OUT_02468,109.22092054470238
OUT_02469,275.70741309348557
OUT_02470,328.35263534967225
OUT_02471,1111.9044530381766
OUT_02472,227.25492855819442
OUT_02473,117.75073627523436
OUT_02474,139.55252295404443
OUT_02475,1107.1983002758975
OUT_02476,127.88808688657343
OUT_02477,169.12671378689834
OUT_02478,82.76013057808349
OUT_02479,952.3717873158909
OUT_02480,132.33260768579785
OUT_02481,139.72020176391345
OUT_02482,905.9600763299044
OUT_02483,159.41066352977643
OUT_02484,371.5294095020796
OUT_02485,118.32109740999698
OUT_02486,255.48712617621467
OUT_02487,136.91279298115845
OUT_02488,162.32123747251995
OUT_02489,129.26569823581247
OUT_02490,299.6236955549068
OUT_02491,136.4261345565581
OUT_02492,290.47436142100474
OUT_02493,135.37099954191845
OUT_02494,308.4765460948156
OUT_02495,102.6557369877627
OUT_02496,361.42575367650744
OUT_02497,128.53667051084875
OUT_02498,925.9490915376738
OUT_02499,109.76511691335332
OUT_02500,245.50346544561776
OUT_02501,868.75107703759
OUT_02502,341.49549909830915
OUT_02503,120.31668722315437
OUT_02504,103.11704143456129
OUT_02505,115.99781693221853
OUT_02506,104.54884310247954
OUT_02507,88.559469437041
OUT_02508,174.45850856254935
OUT_02509,398.73087123466905
OUT_02510,326.303940914329
OUT_02511,379.4468629775127
OUT_02512,314.5279069515421
OUT_02513,127.55814151292401
OUT_02514,935.8919611215232
OUT_02515,925.0068580943096
OUT_02516,833.5216612768091
OUT_02517,412.4686713927139
OUT_02518,107.31582198761679
OUT_02519,101.00038764105732
OUT_02520,450.6813751252947
OUT_02521,105.0332195447828
OUT_02522,355.5481243917471
OUT_02523,400.8758045557337
OUT_02524,1013.2052877632876
OUT_02525,929.9890895859112
OUT_02526,173.49840296213918
OUT_02527,353.0369790920982
OUT_02528,276.51579360778476
OUT_02529,160.58854712960405
OUT_02530,274.7229637503794
OUT_02531,410.1876777428397
OUT_02532,93.92093700511192
OUT_02533,164.77408486489404
OUT_02534,351.2754197717858
OUT_02535,126.03531024022304
OUT_02536,152.57385281100977
OUT_02537,140.56281007153098
OUT_02538,868.1056165027964
OUT_02539,95.13684805034161
OUT_02540,95.27368561220705
OUT_02541,934.5532830283012
OUT_02542,102.0760792074322
OUT_02543,320.75035274448044
OUT_02544,313.350433995009
OUT_02545,295.71441638291043
OUT_02546,108.60054228582442
OUT_02547,143.70716857780693
OUT_02548,239.3622274144168
OUT_02549,357.5329780833166
OUT_02550,156.58716894334808
OUT_02551,103.10349466857612
OUT_02552,898.3915676002213
OUT_02553,123.26516249284971
OUT_02554,106.78268144716907
OUT_02555,319.81959435863024
OUT_02556,108.22914726601937
OUT_02557,152.2799473618964
OUT_02558,129.3626311994244
OUT_02559,140.75754356508705
OUT_02560,104.95770139062083
OUT_02561,149.77833135091018
OUT_02562,105.69670439450842
OUT_02563,237.67813736927633
OUT_02564,110.17408067376574
OUT_02565,302.1754035262146
OUT_02566,377.30534762045403
OUT_02567,80.29584450605583
OUT_02568,327.24889069770154
OUT_02569,126.0873279546561
OUT_02570,254.02088556373872
OUT_02571,307.0514865736964
OUT_02572,112.67496877282582
OUT_02573,133.99794111017718
OUT_02574,281.003177856026
OUT_02575,169.78651946350718
OUT_02576,1202.3153657660882
OUT_02577,166.15128038620415
OUT_02578,845.7532527566603
OUT_02579,329.02040739418453
OUT_02580,123.1071433077113
OUT_02581,332.15928479237266
OUT_02582,1092.6299356641964
OUT_02583,137.14572697526958
OUT_02584,159.32220346708291
OUT_02585,172.04523160171428
OUT_02586,1120.8592242101392
OUT_02587,131.35921133046284
OUT_02588,104.70124262668504
OUT_02589,103.06661952753852
OUT_02590,360.1650493833055
OUT_02591,939.4386936728862
OUT_02592,286.6234794457205
OUT_02593,916.9200585708531
OUT_02594,106.69849326735847
OUT_02595,114.62810395947227
OUT_02596,980.0299124576738
OUT_02597,873.6772914930415
OUT_02598,928.9218991431892
OUT_02599,1187.5533552337245
OUT_02600,352.0223494183838
OUT_02601,404.292869279729
OUT_02602,155.95557467238126
OUT_02603,932.0182791084324
OUT_02604,157.70485627146135
OUT_02605,303.2564108184322
OUT_02606,828.6597529875876
OUT_02607,170.23105977603186
OUT_02608,335.7493651737974
OUT_02609,98.1614040456276
OUT_02610,360.4959271542138
OUT_02611,260.73722995568835
OUT_02612,293.3080408555379
OUT_02613,312.39327335886475
OUT_02614,98.15803893548195
OUT_02615,933.885148426956
OUT_02616,945.8838680540846
OUT_02617,1223.5510867424075
OUT_02618,109.64916216688351
OUT_02619,309.44084514634795
OUT_02620,89.12180514663015
OUT_02621,252.5543146360806
OUT_02622,120.01633424923037
OUT_02623,131.3344628671694
OUT_02624,123.22005940106565
OUT_02625,353.3113044314017
OUT_02626,943.7876330673477
OUT_02627,123.26350039341074
OUT_02628,346.65806099163933
OUT_02629,66.45303568056771
OUT_02630,116.7289908762835
OUT_02631,161.34761652598615
OUT_02632,268.3877133435752
OUT_02633,122.04939678089082
OUT_02634,129.23409419543808
OUT_02635,124.68726516215432
OUT_02636,1189.977553223653
OUT_02637,103.88454718086712
OUT_02638,329.5614603140121
OUT_02639,76.74698259269526
OUT_02640,337.11323411888867
OUT_02641,934.3162908991774
OUT_02642,137.09418327674825
OUT_02643,963.4716858018428
OUT_02644,278.20967052930416
OUT_02645,139.2994298627105
OUT_02646,134.54100923660513
OUT_02647,950.2934939119286
OUT_02648,128.85090019618886
OUT_02649,129.64405641431438
OUT_02650,239.26764013009708
OUT_02651,258.11352224135805
OUT_02652,162.7896486517574
OUT_02653,114.04597886271053
OUT_02654,936.2646047797888
OUT_02655,163.3958568208155
OUT_02656,127.99911682973081
OUT_02657,107.81943841443584
OUT_02658,136.43641873001008
OUT_02659,124.07967320035793
OUT_02660,138.21404785358828
OUT_02661,289.047980993464
OUT_02662,136.8412703479157
OUT_02663,324.4859249597976
OUT_02664,955.9004319997504
OUT_02665,1010.492303300539
OUT_02666,348.6082968998096
OUT_02667,199.09466567973752
OUT_02668,917.5390666593626
OUT_02669,116.13639430840176
OUT_02670,149.6191668438342
OUT_02671,172.1917563787029
OUT_02672,120.77433631854633
OUT_02673,104.03908973946754
OUT_02674,100.72962127629943
OUT_02675,98.06942067691446
OUT_02676,383.49657272186107
OUT_02677,102.14616243630924
OUT_02678,89.97130127052982
OUT_02679,111.09686958115874
OUT_02680,102.2454079679308
OUT_02681,128.90584750002893
OUT_02682,146.874581020665
OUT_02683,111.68309514340928
OUT_02684,836.9003608606736
OUT_02685,140.13196395144675
OUT_02686,334.3885151703852
OUT_02687,98.87295103744924
OUT_02688,341.65690226293697
OUT_02689,110.3133599977741
OUT_02690,287.4886543776728
OUT_02691,907.2001123721697
OUT_02692,260.9900475655328
OUT_02693,95.58049458333734
OUT_02694,107.35453711104012
OUT_02695,122.737472085089
OUT_02696,250.0280980435048
OUT_02697,364.4908610482551
OUT_02698,433.89075844880597
OUT_02699,348.397346355569
OUT_02700,115.03369512406105
OUT_02701,819.1816109288111
OUT_02702,165.44711084654818
OUT_02703,325.4787723630188
OUT_02704,179.08988218310435
OUT_02705,148.0342583471214
OUT_02706,123.42830084703348
OUT_02707,217.1923980572776
OUT_02708,120.98328809628347
OUT_02709,104.15511470352767
OUT_02710,352.20165453821943
OUT_02711,132.50681566488493
OUT_02712,138.89320774820203
OUT_02713,161.66456629848273
OUT_02714,263.2741265069335
OUT_02715,130.86629768873976
OUT_02716,117.66871961986828
OUT_02717,957.4872707613924
OUT_02718,126.87147398966265
OUT_02719,115.7847581480658
OUT_02720,97.91750316372897
OUT_02721,1101.9359105423948
OUT_02722,301.13554341184397
OUT_02723,124.75612700115255
OUT_02724,121.37125267746201
OUT_02725,145.544689289709
OUT_02726,138.69705414296652
OUT_02727,125.52819668809629
OUT_02728,937.1907781516658
OUT_02729,95.28722141234482
OUT_02730,88.892948175891
OUT_02731,412.29717596174
OUT_02732,129.70578405859595
OUT_02733,92.36369523961808
OUT_02734,895.4683512518877
OUT_02735,103.46587775820925
OUT_02736,386.46908260789485
OUT_02737,226.26975969949515
OUT_02738,193.56056441918633
OUT_02739,311.6828241756072
OUT_02740,418.62119389586906
OUT_02741,165.5364384416029
OUT_02742,84.97154098682604
OUT_02743,122.86288797453028
OUT_02744,351.487348219508
OUT_02745,129.65015429140632
OUT_02746,330.9091512478815
OUT_02747,151.53958446833965
OUT_02748,114.64016787407044
OUT_02749,99.48101460965391
OUT_02750,112.8394110481755
OUT_02751,943.6004083206255
OUT_02752,105.12332820156324
OUT_02753,317.3960441437712
OUT_02754,104.65203746038887
OUT_02755,1337.5044179498163
OUT_02756,151.75941577359566
OUT_02757,156.24953151730875
OUT_02758,1188.9711820009643
OUT_02759,149.79827295689913
OUT_02760,1011.6043669425216
OUT_02761,113.22370139569702
OUT_02762,106.6784250434967
OUT_02763,147.43524257952492
OUT_02764,124.34824007406286
OUT_02765,890.8667740460232
OUT_02766,233.41786458197424
OUT_02767,251.9502097834001
OUT_02768,174.08941029756767
OUT_02769,125.18627205055488
OUT_02770,383.38664087971256
OUT_02771,158.63807179754994
OUT_02772,128.98259604758928
OUT_02773,286.3106894526047
OUT_02774,267.7632127299181
OUT_02775,393.97615004344834
OUT_02776,959.1308132220076
OUT_02777,202.13043437057132
OUT_02778,88.8345950399554
OUT_02779,132.28304206784298
OUT_02780,350.9434179831769
OUT_02781,318.8430501889775
OUT_02782,1011.0221442962631
OUT_02783,1157.1983275475204
OUT_02784,292.7776483737099
OUT_02785,99.57462260383676
OUT_02786,123.2579025029928
OUT_02787,115.03111835080519
OUT_02788,297.7504610427332
OUT_02789,131.98800745866833
OUT_02790,104.6323897575823
OUT_02791,352.72796655157276
OUT_02792,841.0733828326534
OUT_02793,303.3684095096031
OUT_02794,115.57188762038209
OUT_02795,127.73865155792689
OUT_02796,129.19869147873356
OUT_02797,355.8100199419404
OUT_02798,320.55581003617937
OUT_02799,84.60095455301031
OUT_02800,389.98961426258234
OUT_02801,128.2515846654269
OUT_02802,150.60656287004304
OUT_02803,103.65100709038022
OUT_02804,171.4142453082154
OUT_02805,177.07212848727943
OUT_02806,348.56767478151414
OUT_02807,341.38907145988685
OUT_02808,273.3433582312932
OUT_02809,116.63108010438776
OUT_02810,379.0689508520457
OUT_02811,177.19639346513668
OUT_02812,109.77496417561204
OUT_02813,145.69139976025022
OUT_02814,133.95550289156546
OUT_02815,172.27108998015007
OUT_02816,112.48019400799704
OUT_02817,321.11933918030024
OUT_02818,330.2085720785266
OUT_02819,386.47748921491984
OUT_02820,1001.1412012438054
OUT_02821,306.4987756850377
OUT_02822,165.58229330924183
OUT_02823,107.98355998190728
OUT_02824,423.38894790646043
OUT_02825,145.97367448035882
OUT_02826,104.92541979158588
OUT_02827,345.31526626034565
OUT_02828,176.9123432778983
OUT_02829,933.7756668358996
OUT_02830,254.3893657215013
OUT_02831,100.1635061324184
OUT_02832,952.7887036228464
OUT_02833,451.1440171865294
OUT_02834,367.1132400806124
OUT_02835,137.77377962000264
OUT_02836,1112.5740361514347
OUT_02837,166.1363664757561
OUT_02838,344.3405330196499
OUT_02839,167.1413174278728
OUT_02840,952.802509388205
OUT_02841,1107.9372704404186
OUT_02842,381.3176007525666
OUT_02843,136.99424156950943
OUT_02844,111.58542188157578
OUT_02845,119.24504991962988
OUT_02846,233.23627814422431
OUT_02847,177.07432352107315
OUT_02848,108.87333367437648
OUT_02849,323.5132369739068
OUT_02850,193.56056441918633
OUT_02851,99.62633236117051
OUT_02852,319.0951862139097
OUT_02853,344.12344516064536
OUT_02854,1166.6864264510243
OUT_02855,105.22491461861097
OUT_02856,98.83073547698199
OUT_02857,377.2076498511494
OUT_02858,920.7248755504172
OUT_02859,114.14723421583156
OUT_02860,1180.6617090928842
OUT_02861,99.1968975352944
OUT_02862,177.33765294433124
OUT_02863,416.1403301405576
OUT_02864,292.3699582229629
OUT_02865,1242.886822330441
OUT_02866,141.80861453261429
OUT_02867,132.3505889282829
OUT_02868,86.58672276091401
OUT_02869,99.08216225237234
OUT_02870,116.8013555030557
OUT_02871,138.75894129390602
OUT_02872,169.48656123700601
OUT_02873,297.3480204184556
OUT_02874,332.6478477666756
OUT_02875,272.7881761277576
OUT_02876,330.7248304357547
OUT_02877,128.90619783324485
OUT_02878,279.1558993528978
OUT_02879,94.23562516096275
OUT_02880,101.95010642310773
OUT_02881,104.33557178838193
OUT_02882,149.2370433231544
OUT_02883,1170.6597432248757
OUT_02884,193.56056441918633
OUT_02885,125.1518998049591
OUT_02886,153.98655875774233
OUT_02887,323.83599358549725
OUT_02888,134.28580401882556
OUT_02889,169.42713850310588
OUT_02890,912.283840207422
OUT_02891,87.7998121458279
OUT_02892,1172.440976259125
OUT_02893,159.9212928187844
OUT_02894,128.88141015114718
OUT_02895,983.1034033514588
OUT_02896,782.0358477281044
OUT_02897,295.3087734481391
OUT_02898,130.3372058244475
OUT_02899,148.79336370336856
OUT_02900,238.94590127104266
OUT_02901,351.36973912680673
OUT_02902,306.1666988302111
OUT_02903,100.36188859324129
OUT_02904,155.73082111984345
OUT_02905,123.92684420360212
OUT_02906,997.878300755651
OUT_02907,193.56056441918633
OUT_02908,129.49006429434837
OUT_02909,363.9588884270985
OUT_02910,260.7258177277784
OUT_02911,1182.3193014506824
OUT_02912,102.77947475819877
OUT_02913,398.81964677658607
OUT_02914,130.9628297103505
OUT_02915,90.69891278364086
OUT_02916,93.0815383334214
OUT_02917,153.78268245516915
OUT_02918,110.27082192652308
OUT_02919,814.4519017827907
OUT_02920,242.2445589467497
OUT_02921,99.87423616732129
OUT_02922,912.086366409764
OUT_02923,297.61509665857653
OUT_02924,409.5499581008452
OUT_02925,346.66368667054
OUT_02926,103.68621547218052
OUT_02927,118.02938229539717
OUT_02928,194.52179059583395
OUT_02929,160.98197427347392
OUT_02930,960.4001072693706
OUT_02931,123.511471957161
OUT_02932,387.19098659890824
OUT_02933,106.88097986792296
OUT_02934,113.93961058315988
OUT_02935,145.33573978655008
OUT_02936,1188.4043251054393
OUT_02937,159.14231484059823
OUT_02938,111.35012211604644
OUT_02939,427.32961336236406
OUT_02940,135.46842524040963
OUT_02941,1109.446184390681
OUT_02942,130.57922714674987
OUT_02943,150.1973186528831
OUT_02944,118.35893659431942
OUT_02945,131.92883117553106
OUT_02946,193.56056441918633
OUT_02947,123.82483351396264
OUT_02948,110.497521953788
OUT_02949,283.8751850310704
OUT_02950,1270.1735720358306
OUT_02951,126.97101412610768
OUT_02952,329.69468446806655
OUT_02953,270.820776332443
OUT_02954,367.1558184931918
OUT_02955,139.4690381079889
OUT_02956,1231.530553193269
OUT_02957,172.14728818120284
OUT_02958,375.50522022014405
OUT_02959,358.5948151522871
OUT_02960,321.46224564925376
OUT_02961,143.78352999686194
OUT_02962,1108.2241250043883
OUT_02963,330.811571400635
OUT_02964,1184.8621003901808
OUT_02965,89.80944309930686
OUT_02966,834.7847216592518
OUT_02967,63.6992731217431
OUT_02968,107.10051111594368
OUT_02969,936.914431788193
OUT_02970,933.9638482705708
OUT_02971,352.78884478509843
OUT_02972,369.67821434344734
OUT_02973,334.0393663766919
OUT_02974,734.8714888437652
OUT_02975,96.63560482428483
OUT_02976,125.02408351482714
OUT_02977,369.1687683392371
OUT_02978,353.61949540522903
OUT_02979,95.07833758045244
OUT_02980,128.31290703659695
OUT_02981,136.26114305087873
OUT_02982,124.694814791436
OUT_02983,418.2640576797626
OUT_02984,172.4810668086723
OUT_02985,269.3777142171799
OUT_02986,344.40261204798185
OUT_02987,118.17645959554314
OUT_02988,106.83231673178854
OUT_02989,266.3411544054061
OUT_02990,261.48925936759747
OUT_02991,148.3408538305112
OUT_02992,106.04476127984718
OUT_02993,293.55371668931076
OUT_02994,832.6409618451647
OUT_02995,149.12012294835262
OUT_02996,934.2443032418998
OUT_02997,931.788758734058
OUT_02998,111.89315235792024
OUT_02999,167.2289440220818
OUT_03000,277.491886626726
OUT_03001,229.6306951360178
OUT_03002,277.993627782762
OUT_03003,156.70832831649685
OUT_03004,912.7329990593308
OUT_03005,86.37877927160795
OUT_03006,295.6379002576982
OUT_03007,137.2947786700968
OUT_03008,145.19925791580692
OUT_03009,271.6028184718664
OUT_03010,126.00318719969448
OUT_03011,132.78446517549455
OUT_03012,135.6858733954421
OUT_03013,414.2040622722784
OUT_03014,275.82167761323706
OUT_03015,421.3485398885423
OUT_03016,130.3061705132676
OUT_03017,282.86442499375363
OUT_03018,951.7064993081086
OUT_03019,372.8826021688839
OUT_03020,1222.836053032355
OUT_03021,861.3205507531945
OUT_03022,157.0240521953124
OUT_03023,165.61883176008618
OUT_03024,329.0709454999831
OUT_03025,125.94199029220287
OUT_03026,130.68042195834946
OUT_03027,101.39791390946874
OUT_03028,285.67160167744663
OUT_03029,139.13138370948357
OUT_03030,114.97329870670605
OUT_03031,275.92231858173767
OUT_03032,165.51215892057914
OUT_03033,151.1143844773981
OUT_03034,95.66141966833194
OUT_03035,98.64843188629655
OUT_03036,934.0824708487744
OUT_03037,1094.4954762741627
OUT_03038,805.1034005457809
OUT_03039,327.6448735725993
OUT_03040,823.4309438907202
OUT_03041,354.91576447933676
OUT_03042,161.4802964300673
OUT_03043,362.7553342620858
OUT_03044,120.92805410381993
OUT_03045,154.68488062787793
OUT_03046,117.0081383268618
OUT_03047,124.80486572499437
OUT_03048,298.3873487806353
OUT_03049,115.886223781378
OUT_03050,123.29754187589873
OUT_03051,129.0312368048721
OUT_03052,1013.6944277375684
OUT_03053,332.49959141747746
OUT_03054,110.77061206981956
OUT_03055,341.1441230771321
OUT_03056,868.3169267536773
OUT_03057,153.77052980640522
OUT_03058,106.65330928284465
OUT_03059,317.9429064328924
OUT_03060,111.9345218161027
OUT_03061,995.6120979159376
OUT_03062,98.37233566701617
OUT_03063,193.56056441918633
OUT_03064,1155.0069191393568
OUT_03065,1205.764630061061
OUT_03066,151.57603364131887
OUT_03067,151.24974422438555
OUT_03068,112.02979308778087
OUT_03069,230.59455334125272
OUT_03070,972.2163821130038
OUT_03071,183.19115765294674
OUT_03072,285.9536083928863
OUT_03073,147.87029449042242
OUT_03074,340.42008192952835
OUT_03075,1229.913860481211
OUT_03076,390.783282922132
OUT_03077,1202.0793300921882
OUT_03078,1285.9309348435058
OUT_03079,108.40725171545049
OUT_03080,156.4765532560027
OUT_03081,361.1577084861278
OUT_03082,168.0328451925185
OUT_03083,99.61038829156314
OUT_03084,989.9464017809642
OUT_03085,248.3091936952376
OUT_03086,195.71110350572408
OUT_03087,201.22879919385468
OUT_03088,895.6676013068577
OUT_03089,324.7938032631726
OUT_03090,272.2639169284138
OUT_03091,146.66545396771625
OUT_03092,133.41787920627354
OUT_03093,884.054601259587
OUT_03094,137.01346416437931
OUT_03095,135.26729996385907
OUT_03096,133.42454965168324
OUT_03097,955.5833238449716
OUT_03098,113.93012453866079
OUT_03099,813.5211777218748
OUT_03100,115.0917150459095
OUT_03101,129.34013182683285
OUT_03102,306.74850708036826
OUT_03103,363.8852914850796
OUT_03104,142.24282254616668
OUT_03105,128.5871616354221
OUT_03106,107.00410688035637
OUT_03107,106.34809165363014
OUT_03108,131.3774488573324
OUT_03109,110.16655368915016
OUT_03110,132.8495590854985
OUT_03111,111.30612993385948
OUT_03112,251.41341360059087
OUT_03113,328.38210816738774
OUT_03114,178.83523652676178
OUT_03115,198.65333952117987
OUT_03116,238.00477768082453
OUT_03117,103.98343378152269
OUT_03118,103.58531820547881
OUT_03119,155.2671989305014
OUT_03120,156.2506842263825
OUT_03121,110.54253208186468
OUT_03122,163.28785355168912
OUT_03123,111.67849483988458
OUT_03124,113.2812279553614
OUT_03125,345.348882034411
OUT_03126,102.70472863223496
OUT_03127,125.0848374469907
OUT_03128,112.15479346744536
OUT_03129,899.1272343002063
OUT_03130,209.58731590891054
OUT_03131,1130.8946875697136
OUT_03132,102.7986843311738
OUT_03133,116.70381507568032
OUT_03134,998.8693064474468
OUT_03135,132.399659429155
OUT_03136,272.2948201776614
OUT_03137,103.7683627506115
OUT_03138,110.10799327567493
OUT_03139,283.25524268354036
OUT_03140,128.07479473859098
OUT_03141,178.82471686949972
OUT_03142,314.4541452564689
OUT_03143,103.95371623660226
OUT_03144,141.7762247035764
OUT_03145,93.38042221671611
OUT_03146,391.17739243616234
OUT_03147,393.66877861535363
OUT_03148,1275.5437997223305
OUT_03149,135.5669777729437
OUT_03150,268.64581870588927
OUT_03151,137.97505473206718
OUT_03152,125.44756638751328
OUT_03153,346.47352437223594
OUT_03154,886.498959095289
OUT_03155,395.3247499285427
OUT_03156,305.20880938317794
OUT_03157,935.9706193674274
OUT_03158,124.01529803587485
OUT_03159,108.31620275663828
OUT_03160,331.513628454238
OUT_03161,363.28014961941614
OUT_03162,148.75729937547453
OUT_03163,131.8875483003057
OUT_03164,923.7689922370854
OUT_03165,287.07512508424503
OUT_03166,141.23145092291733
OUT_03167,1099.6531348321964
OUT_03168,135.37770624250822
OUT_03169,153.59614610546197
OUT_03170,401.7482956867762
OUT_03171,269.3738035105149
OUT_03172,122.91563160857167
OUT_03173,145.6655609452397
OUT_03174,139.29950020390532
OUT_03175,364.36588971375613
OUT_03176,115.82986699654313
OUT_03177,88.63251912191481
OUT_03178,101.70713174943404
OUT_03179,308.19117216812396
OUT_03180,109.89147813916287
OUT_03181,139.28898255034335
OUT_03182,117.14000178084504
OUT_03183,954.2578222733353
OUT_03184,374.8013423980028
OUT_03185,129.49313898171354
OUT_03186,366.16196989676524
OUT_03187,133.54321196371043
OUT_03188,125.9336040566166
OUT_03189,312.27107109160124
OUT_03190,187.4908969399864
OUT_03191,926.5780679394428
OUT_03192,193.56056441918633
OUT_03193,108.7916982676501
OUT_03194,371.4718951572312
OUT_03195,147.75470580504998
OUT_03196,312.32837188002685
OUT_03197,95.53074467605822
OUT_03198,118.52345086565163
OUT_03199,358.92199603929015
OUT_03200,295.05767941906834
OUT_03201,393.65483931192944
OUT_03202,105.3248459520451
OUT_03203,121.22644429372377
OUT_03204,310.41349329363027
OUT_03205,125.03107570918924
OUT_03206,412.33301987473783
OUT_03207,148.31252740240805
OUT_03208,1240.650572574777
OUT_03209,130.7608903237711
OUT_03210,107.86966887399318
OUT_03211,287.6905921087108
OUT_03212,151.0665791556736
OUT_03213,292.18767514141234
OUT_03214,363.3773420269542
OUT_03215,334.49348623093283
OUT_03216,98.17180778222074
OUT_03217,342.61973470565044
OUT_03218,330.1176828447434
OUT_03219,117.18142695727863
OUT_03220,241.13261754237865
OUT_03221,385.9625253697998
OUT_03222,223.20558290109207
OUT_03223,102.40427107321419
OUT_03224,363.5363575628706
OUT_03225,130.78586644749475
OUT_03226,160.08024408532373
OUT_03227,288.929551737535
OUT_03228,1088.3851044129287
OUT_03229,1221.1956460542835
OUT_03230,176.90175035855225
OUT_03231,398.2779580957357
OUT_03232,105.56005862284724
OUT_03233,861.7120621468422
OUT_03234,251.72532440780995
OUT_03235,133.83102677991042
OUT_03236,139.37013827489295
OUT_03237,136.55027436528377
OUT_03238,136.049429663232
OUT_03239,138.44424867687098
OUT_03240,250.42148461699924
OUT_03241,127.3045633663611
OUT_03242,867.8458985375308
OUT_03243,122.86540418804056
OUT_03244,103.49795615909534
OUT_03245,228.72369061553525
OUT_03246,122.71833704838699
OUT_03247,124.0679834244184
OUT_03248,292.1163429607234
OUT_03249,112.05844659348529
OUT_03250,129.26124803815327
OUT_03251,953.6161069867107
OUT_03252,964.6083193493042
OUT_03253,136.21744367494654
OUT_03254,157.17789834073335
OUT_03255,334.2914154421991
OUT_03256,348.9284421569563
OUT_03257,131.40850750717198
OUT_03258,362.2760214073172
OUT_03259,259.65940724499194
OUT_03260,930.5861521217277
OUT_03261,127.08939930539844
OUT_03262,283.2302200499388
OUT_03263,121.8558292425061
OUT_03264,1105.6741878072626
OUT_03265,340.25392180322524
OUT_03266,96.81551007112294
OUT_03267,131.20803748864952
OUT_03268,363.8059239546292
OUT_03269,248.94957462935528
OUT_03270,91.69051831009844
OUT_03271,849.404550716028
OUT_03272,372.06433637741895
OUT_03273,888.3329376502426
OUT_03274,1203.7707501945974
OUT_03275,152.84968508896384
OUT_03276,97.73281288417114
OUT_03277,152.50890109973233
OUT_03278,120.87111663623506
OUT_03279,112.8373593610791
OUT_03280,129.23071682559026
OUT_03281,1114.7876189357416
OUT_03282,320.0241005290868
OUT_03283,901.3183669763364
OUT_03284,114.60284794862224
OUT_03285,97.69966519422871
OUT_03286,178.24446718665976
OUT_03287,1119.2387705631827
OUT_03288,345.586649002757
OUT_03289,115.49326177770878
OUT_03290,132.20908622094768
OUT_03291,151.39121779678453
OUT_03292,157.84592243841084
OUT_03293,337.2109147591969
OUT_03294,134.69791734686154
OUT_03295,174.32336271897873
OUT_03296,1117.252691111235
OUT_03297,973.5450426546972
OUT_03298,147.62119623421768
OUT_03299,282.4655367200909
OUT_03300,304.3526165629807
OUT_03301,293.27478762276564
OUT_03302,956.6643733444758
OUT_03303,125.24633712186422
OUT_03304,123.4130767429631
OUT_03305,166.247715707197
OUT_03306,148.81721603700956
OUT_03307,142.58335460510787
OUT_03308,389.37418274320265
OUT_03309,106.45160614405762
OUT_03310,193.56056441918633
OUT_03311,187.05702026691836
OUT_03312,967.3985678044633
OUT_03313,115.20663388076056
OUT_03314,111.1308360480248
OUT_03315,1174.6134904404757
OUT_03316,1024.1486403074896
OUT_03317,94.88587651303143
OUT_03318,94.83771826727406
OUT_03319,309.90349147544083
OUT_03320,89.3921250050727
OUT_03321,300.01255761274365
OUT_03322,359.32447470072515
OUT_03323,315.825344523859
OUT_03324,909.0001898484104
OUT_03325,1187.5571755009232
OUT_03326,148.42881368441036
OUT_03327,890.5347445139142
OUT_03328,936.4949078391038
OUT_03329,360.6745066572448
OUT_03330,1238.8385067012794
OUT_03331,134.2223874609084
OUT_03332,135.51448493899176
OUT_03333,958.6779508881576
OUT_03334,980.0945465794885
OUT_03335,332.4786783522783
OUT_03336,338.191610575656
OUT_03337,273.0693302288846
OUT_03338,167.14188104240534
OUT_03339,154.10443205738343
OUT_03340,313.94644886603425
OUT_03341,993.3392443116064
OUT_03342,134.19174732651484
OUT_03343,156.45911509013075
OUT_03344,933.1335632914452
OUT_03345,856.4629984723829
OUT_03346,1337.0775781538043
OUT_03347,129.24603376440538
OUT_03348,116.47876914046024
OUT_03349,400.8796966404716
OUT_03350,310.68290041190426
OUT_03351,145.61062417450316
OUT_03352,271.55747243563786
OUT_03353,1144.8366047276927
OUT_03354,98.96246297061076
OUT_03355,171.7105530282884
OUT_03356,98.18164856033995
OUT_03357,250.36527899290977
OUT_03358,1147.1934872871834
OUT_03359,889.9226593419659
OUT_03360,154.06607843162888
OUT_03361,293.3891020258088
OUT_03362,112.42046189912338
OUT_03363,124.44210705494918
OUT_03364,108.47920318052223
OUT_03365,119.15578628478995
OUT_03366,391.041026104056
OUT_03367,326.9597209306242
OUT_03368,895.6685037930924
OUT_03369,113.80707265327251
OUT_03370,354.7403856715041
OUT_03371,357.3564152897427
OUT_03372,120.33271626858753
OUT_03373,322.1284357168861
OUT_03374,103.39183282087055
OUT_03375,121.48408600292416
OUT_03376,95.1532639089314
OUT_03377,301.7875537468134
OUT_03378,90.95369395663278
OUT_03379,387.1409119796781
OUT_03380,165.19631827427722
OUT_03381,1283.731105452862
OUT_03382,148.15311732592687
OUT_03383,821.094155568505
OUT_03384,140.74992206255794
OUT_03385,93.62257960367764
OUT_03386,201.6408054779871
OUT_03387,915.6162431262128
OUT_03388,771.8285979739475
OUT_03389,128.20650143045518
OUT_03390,100.99835680631051
OUT_03391,958.639788451114
OUT_03392,130.51514422372372
OUT_03393,299.4170060819506
OUT_03394,147.36067055494857
OUT_03395,862.4277835676478
OUT_03396,344.6164160118864
OUT_03397,193.56056441918633
OUT_03398,94.7207998767433
OUT_03399,136.60319267831966
OUT_03400,366.7795549769403
OUT_03401,282.18068503890026
OUT_03402,1226.1901385468109
OUT_03403,165.2938079645932
OUT_03404,118.2543451224619
OUT_03405,105.89632486749025
OUT_03406,900.1354405516336
OUT_03407,319.3827406618731
OUT_03408,117.68325679928525
OUT_03409,322.681472099019
OUT_03410,134.51721634439426
OUT_03411,1200.9670272910316
OUT_03412,141.32889406697865
OUT_03413,955.9061514178404
OUT_03414,1001.40819374217
OUT_03415,1085.5002025224621
OUT_03416,155.87429614456588
OUT_03417,193.56056441918633
OUT_03418,987.7046850861896
OUT_03419,96.36369437989757
OUT_03420,147.46457019330254
OUT_03421,170.5059977521943
OUT_03422,139.52152221813344
OUT_03423,958.2088942068814
OUT_03424,962.4330615978562
OUT_03425,296.86247726986926
OUT_03426,102.93196162947606
OUT_03427,245.09424495394467
OUT_03428,112.75763371302872
OUT_03429,151.91651041286926
OUT_03430,286.24074908829226
OUT_03431,101.07860518607166
OUT_03432,161.42592649941412
OUT_03433,129.1560619030954
OUT_03434,303.0271323642161
OUT_03435,210.3827944319277
OUT_03436,857.4924098994844
OUT_03437,105.13737724350406
OUT_03438,358.6521638356138
OUT_03439,365.1001127580928
OUT_03440,136.30317984001374
OUT_03441,144.181338773162
OUT_03442,306.2510794118832
OUT_03443,915.0346004809454
OUT_03444,920.7525905715324
OUT_03445,304.5423415595143
OUT_03446,885.8538734119139
OUT_03447,139.70539992574356
OUT_03448,346.06447792926537
OUT_03449,97.75147353654805
OUT_03450,275.0683788568948
OUT_03451,963.9975787152156
OUT_03452,114.74860923602732
OUT_03453,417.55137276516996
OUT_03454,226.16861506635402
OUT_03455,136.83803778626734
OUT_03456,86.41340697683447
OUT_03457,325.6112194313488
OUT_03458,1105.6058181732492
OUT_03459,128.3325072975548
OUT_03460,119.59211001924163
OUT_03461,111.42918790423442
OUT_03462,126.39533822283742
OUT_03463,124.92740560827266
OUT_03464,125.34731877337616
OUT_03465,306.2520312385202
OUT_03466,305.94302154660073
OUT_03467,948.9574282693532
OUT_03468,236.18830851976088
OUT_03469,193.56056441918633
OUT_03470,92.28130875678659
OUT_03471,126.89846835592336
OUT_03472,131.21594417223437
OUT_03473,122.43449814868225
OUT_03474,179.46529218238769
OUT_03475,125.63969437763184
OUT_03476,388.9981246019148
OUT_03477,295.6992131440311
OUT_03478,107.9730336192763
OUT_03479,221.5195807473401
OUT_03480,320.3426873675094
OUT_03481,93.08088511341508
OUT_03482,784.2967609897636
OUT_03483,117.12423140447835
OUT_03484,1185.5119454220085
OUT_03485,121.28720122558256
OUT_03486,169.6218148811189
OUT_03487,102.33894216778592
OUT_03488,128.14282221997792
OUT_03489,360.56161493157305
OUT_03490,102.52986500721241
OUT_03491,318.0025459066723
OUT_03492,934.5196410744926
OUT_03493,1196.8276284459307
OUT_03494,345.77032606671935
OUT_03495,111.298417059619
OUT_03496,94.33687098018473
OUT_03497,329.45808166143496
OUT_03498,265.0512394111292
OUT_03499,303.01660750043243
OUT_03500,136.78980542904597
OUT_03501,299.6877625989048
OUT_03502,108.78740779807681
OUT_03503,359.92333024147536
OUT_03504,111.95320512383185
OUT_03505,268.9680026856476
OUT_03506,262.524813267171
OUT_03507,151.79663398800255
OUT_03508,902.2459574831475
OUT_03509,79.79568136612991
OUT_03510,132.34970314915608
OUT_03511,115.96202762857487
OUT_03512,98.83350721037452
OUT_03513,984.4018696806916
OUT_03514,95.57165005136375
OUT_03515,144.55484964165944
OUT_03516,144.86733926981768
OUT_03517,158.94643773796508
OUT_03518,254.5065311441921
OUT_03519,975.3154082806695
OUT_03520,128.87300588475404
OUT_03521,386.0581215569037
OUT_03522,144.0095141355513
OUT_03523,121.53101399903736
OUT_03524,346.1201561682796
OUT_03525,112.98835752465139
OUT_03526,82.19300706631967
OUT_03527,148.08628713213406
OUT_03528,96.86505643742501
OUT_03529,351.21151621619447
OUT_03530,175.84394879026908
OUT_03531,311.9159372017616
OUT_03532,192.80934865193964
OUT_03533,977.1381138562316
OUT_03534,383.819941617401
OUT_03535,154.86863184784914
OUT_03536,186.96463226565277
OUT_03537,310.6637327413569
OUT_03538,125.3868956857004
OUT_03539,168.2177442863875
OUT_03540,97.96472685396735
OUT_03541,303.4747224883582
OUT_03542,289.83733145772646
OUT_03543,116.59360851881377
OUT_03544,134.9041381226073
OUT_03545,307.8255793065629
OUT_03546,95.3226311245034
OUT_03547,286.4608502630375
OUT_03548,130.40192419186982
OUT_03549,1179.459559879921
OUT_03550,261.9099509229667
OUT_03551,933.9425760472238
OUT_03552,409.49228140016857
OUT_03553,121.41096283972146
OUT_03554,343.1957809761124
OUT_03555,877.4403349799825
OUT_03556,1099.4614020469764
OUT_03557,128.51910736472198
OUT_03558,288.023697657499
OUT_03559,1123.7615352952378
OUT_03560,306.06222053703675
OUT_03561,298.0253485122437
OUT_03562,147.9498054732537
OUT_03563,387.059513912052
OUT_03564,304.33800961836386
OUT_03565,252.58630175828233
OUT_03566,191.14199310762882
OUT_03567,340.29227387664486
OUT_03568,174.46579261918276
OUT_03569,850.1943250181567
OUT_03570,1103.8306412576635
OUT_03571,926.8839367783918
OUT_03572,811.6002963850542
OUT_03573,131.40837272390291
OUT_03574,308.6375605879317
OUT_03575,879.7440755209681
OUT_03576,166.40112061172542
OUT_03577,1132.2390313576248
OUT_03578,359.15030100931006
OUT_03579,911.3031316389316
OUT_03580,137.44107862959
OUT_03581,133.13985087108117
OUT_03582,356.3936618659101
OUT_03583,126.78524105214892
OUT_03584,109.01750830428
OUT_03585,139.58132659780432
OUT_03586,149.15113414796932
OUT_03587,347.512659975287
OUT_03588,143.3683974961806
OUT_03589,98.33354478179125
OUT_03590,134.63139669655544
OUT_03591,1075.6685306060667
OUT_03592,156.43186940644037
OUT_03593,118.65735212608641
OUT_03594,278.39169327924577
OUT_03595,267.5992012225579
OUT_03596,321.23108553495246
OUT_03597,887.0710582767812
OUT_03598,1040.8827006359993
OUT_03599,157.93046719710244
OUT_03600,111.60544666629382
OUT_03601,271.8022713680136
OUT_03602,239.09096490487727
OUT_03603,143.67534938175882
OUT_03604,341.834107407425
OUT_03605,113.9492712656685
OUT_03606,1013.1425974904128
OUT_03607,244.10432100804502
OUT_03608,144.84235737100585
OUT_03609,143.47785760535083
OUT_03610,152.5220928831175
OUT_03611,160.976945114605
OUT_03612,137.5176074207174
OUT_03613,128.26990568673023
OUT_03614,122.22724934756364
OUT_03615,935.8320552288304
OUT_03616,984.6983744697428
OUT_03617,156.2301270651482
OUT_03618,179.64601245044918
OUT_03619,296.52382305701383
OUT_03620,353.357754839858
OUT_03621,198.4435582895576
OUT_03622,919.1078558322408
OUT_03623,323.52345215735176
OUT_03624,141.35376785152332
OUT_03625,115.96659946021435
OUT_03626,113.35764067158331
OUT_03627,107.7338987819256
OUT_03628,80.78005966643809
OUT_03629,959.2029167013208
OUT_03630,328.85462611765865
OUT_03631,1012.1654447678314
OUT_03632,144.5039926301371
OUT_03633,149.51576688963664
OUT_03634,888.4805566722791
OUT_03635,1369.0056469206206
OUT_03636,152.0300857572269
OUT_03637,279.5589635030521
OUT_03638,92.10787612404135
OUT_03639,96.3646489074348
OUT_03640,109.8234098826117
OUT_03641,320.6925549221663
OUT_03642,181.6320143059785
OUT_03643,374.7928905880823
OUT_03644,847.4066425450708
OUT_03645,337.75497023579015
OUT_03646,173.8939116492199
OUT_03647,119.97159824561574
OUT_03648,274.3426440905927
OUT_03649,299.6827692492448
OUT_03650,142.32967575829613
OUT_03651,1436.551812939169
OUT_03652,103.77574969569817
OUT_03653,1203.566651614617
OUT_03654,117.89635714699476
OUT_03655,297.63545139539445
OUT_03656,126.83973156585563
OUT_03657,108.21685868072665
OUT_03658,105.39763599531132
OUT_03659,113.6478862045282
OUT_03660,165.1384793329623
OUT_03661,143.25619159046673
OUT_03662,101.21167239125802
OUT_03663,262.7300115320672
OUT_03664,256.4382111661444
OUT_03665,990.735940154968
OUT_03666,100.5931722480142
OUT_03667,932.3319363195368
OUT_03668,407.14414985913925
OUT_03669,907.7149573731068
OUT_03670,121.74826173788023
OUT_03671,342.3028180470318
OUT_03672,186.26430748286387
OUT_03673,126.74277466339466
OUT_03674,366.0123657021782
OUT_03675,131.68368647132226
OUT_03676,1178.4911819894933
OUT_03677,106.42399489443966
OUT_03678,260.25428244809547
OUT_03679,128.91839975022575
OUT_03680,1174.1180589221972
OUT_03681,190.0047559062582
OUT_03682,183.28139624440976
OUT_03683,141.345574166244
OUT_03684,171.24600482148338
OUT_03685,142.71262089925975
OUT_03686,1182.910060678527
OUT_03687,98.48164448880155
OUT_03688,103.50521097548372
OUT_03689,144.91475154365978
OUT_03690,133.3370600052689
OUT_03691,143.54369725695625
OUT_03692,126.15082130717413
OUT_03693,93.6601103126564
OUT_03694,151.94189699752746
OUT_03695,331.6584897172127
OUT_03696,116.06159610217476
OUT_03697,304.3294450203579
OUT_03698,363.1043819364072
OUT_03699,943.135597220043
OUT_03700,333.30840824227124
OUT_03701,875.5430940684709
OUT_03702,167.41686552687068
OUT_03703,275.798847545888
OUT_03704,255.47001871716148
OUT_03705,169.14739142304734
OUT_03706,96.84222201921587
OUT_03707,145.57779864313272
OUT_03708,151.82924945335995
OUT_03709,800.2184613622143
OUT_03710,242.36219338774757
OUT_03711,117.14733572816624
OUT_03712,109.9301023357251
OUT_03713,134.2593734320713
OUT_03714,292.3836717991318
OUT_03715,355.43926632208695
OUT_03716,123.50443305503018
OUT_03717,75.71062253933833
OUT_03718,364.5824968921762
OUT_03719,1103.0116028943526
OUT_03720,107.12849758608458
OUT_03721,316.2472212718952
OUT_03722,127.43478225426963
OUT_03723,965.1744639504254
OUT_03724,1174.3504199130732
OUT_03725,116.5298345646961
OUT_03726,293.2879092363979
OUT_03727,172.84723158883338
OUT_03728,105.17070271487844
OUT_03729,361.0032301725168
OUT_03730,305.12400528438786
OUT_03731,293.2839931380429
OUT_03732,121.53273066637007
OUT_03733,93.17453117262492
OUT_03734,302.30953890376685
OUT_03735,342.37272350164403
OUT_03736,399.53754529122176
OUT_03737,174.50995894704423
OUT_03738,355.31941803116786
OUT_03739,962.6375607584654
OUT_03740,81.89577207157227
OUT_03741,1198.5214413934586
OUT_03742,127.217120133532
OUT_03743,323.1521204354827
OUT_03744,108.47349274981046
OUT_03745,98.93936189887248
OUT_03746,281.0367099228979
OUT_03747,145.06472370226751
OUT_03748,215.7848139292502
OUT_03749,101.50462185951156
OUT_03750,193.56056441918633
OUT_03751,138.55996357003949
OUT_03752,91.96261687218674
OUT_03753,122.92083377885838
OUT_03754,970.4241947732326
OUT_03755,170.05597594703687
OUT_03756,301.136485489604
OUT_03757,1137.5780862335616
OUT_03758,105.80100952481268
OUT_03759,133.91739991204477
OUT_03760,301.18504821774013
OUT_03761,116.0935074684284
OUT_03762,328.6565995005717
OUT_03763,114.92666540501033
OUT_03764,897.1402902754177
OUT_03765,181.01436662324625
OUT_03766,1118.5745274448304
OUT_03767,331.8634080105761
OUT_03768,123.96068261632648
OUT_03769,381.0842889401506
OUT_03770,346.23850386269254
OUT_03771,308.0364262557382
OUT_03772,877.6218196956587
OUT_03773,921.7223740607832
OUT_03774,104.17646206065945
OUT_03775,109.39962113099057
OUT_03776,137.7680002394874
OUT_03777,100.36294382958746
OUT_03778,126.18369232324032
OUT_03779,94.06734762246634
OUT_03780,151.13929437492388
OUT_03781,354.91646905389126
OUT_03782,301.1997549636473
OUT_03783,111.30297138348047
OUT_03784,93.12322074083646
OUT_03785,137.06842456695068
OUT_03786,1333.2443408045403
OUT_03787,289.30004526034696
OUT_03788,100.6850299750804
OUT_03789,352.4557869311283
OUT_03790,116.31468528816973
OUT_03791,959.3131347138852
OUT_03792,357.3403353373304
OUT_03793,156.68781301309576
OUT_03794,135.10575141376594
OUT_03795,324.09909381396994
OUT_03796,953.9779695843432
OUT_03797,136.80261289695105
OUT_03798,329.03575416521494
OUT_03799,247.66146800132609
OUT_03800,901.3940309847552
OUT_03801,256.84937982847873
OUT_03802,294.9788398583761
OUT_03803,895.8214850995862
OUT_03804,366.00115593456894
OUT_03805,82.85288288048672
OUT_03806,112.99874388330832
OUT_03807,114.43354257409392
OUT_03808,118.13449412653492
OUT_03809,159.97085209706583
OUT_03810,112.97655436688645
OUT_03811,89.40771392832211
OUT_03812,148.98034687457826
OUT_03813,119.63830491229818
OUT_03814,1104.6767371315132
OUT_03815,942.4745638880812
OUT_03816,117.2721024071234
OUT_03817,86.12769087948091
OUT_03818,155.25460145497453
OUT_03819,274.4301841703846
OUT_03820,118.11901238072713
OUT_03821,129.22550791645463
OUT_03822,183.27016881653967
OUT_03823,294.4393717503067
OUT_03824,1034.2331542504462
OUT_03825,337.87584963505947
OUT_03826,136.28227793720507
OUT_03827,120.25411436088324
OUT_03828,858.2180015229285
OUT_03829,1197.722392624555
OUT_03830,167.44628095338464
OUT_03831,476.24609909991887
OUT_03832,291.4561986045184
OUT_03833,956.9589071450476
OUT_03834,145.97183586250148
OUT_03835,107.0232867028912
OUT_03836,168.56460741739346
OUT_03837,171.0963785774842
OUT_03838,132.9496281079949
OUT_03839,136.2606682042947
OUT_03840,994.3890578745104
OUT_03841,939.0882312849068
OUT_03842,338.96681199000994
OUT_03843,324.6664314875302
OUT_03844,802.6929154955322
OUT_03845,124.72788278870816
OUT_03846,339.3095160155776
OUT_03847,762.1938847568078
OUT_03848,352.0398499105845
OUT_03849,910.9585745754466
OUT_03850,878.1594065569852
OUT_03851,107.95675943792457
OUT_03852,193.56056441918633
OUT_03853,168.45343120921498
OUT_03854,96.40567980148339
OUT_03855,165.83712320087687
OUT_03856,247.47218279907125
OUT_03857,148.44515541992124
OUT_03858,111.84809497059977
OUT_03859,111.65638988164953
OUT_03860,351.9809433742486
OUT_03861,934.8243383516644
OUT_03862,133.28951400930183
OUT_03863,872.7991141824939
OUT_03864,778.9228776233119
OUT_03865,129.24813983408205
OUT_03866,1087.5587709988256
OUT_03867,149.10456188822897
OUT_03868,111.8359326603374
OUT_03869,407.0629941956994
OUT_03870,110.40032657993328
OUT_03871,169.2374660850174
OUT_03872,107.6899196040388
OUT_03873,400.5629523556987
OUT_03874,129.33203776932987
OUT_03875,321.91313878910057
OUT_03876,1008.3866969229604
OUT_03877,293.2257796805152
OUT_03878,948.0647217075732
OUT_03879,160.8053261682594
OUT_03880,86.47252816491995
OUT_03881,145.4254057259652
OUT_03882,152.00914621682904
OUT_03883,113.87702658427752
OUT_03884,139.96258855051508
OUT_03885,1261.6473091837877
OUT_03886,239.50701017031824
OUT_03887,130.4326696407737
OUT_03888,104.3192428151299
OUT_03889,339.66787604747515
OUT_03890,986.4185812042888
OUT_03891,388.56365851540306
OUT_03892,172.7614068838523
OUT_03893,879.2232768276617
OUT_03894,118.56145496829954
OUT_03895,928.1929941604247
OUT_03896,132.68113074217834
OUT_03897,344.39759348359775
OUT_03898,330.14872820038096
OUT_03899,314.8705950885816
OUT_03900,863.2397936660437
OUT_03901,104.1574063794586
OUT_03902,957.8873180688438
OUT_03903,115.90770346143398
OUT_03904,126.31218181231903
OUT_03905,412.3382630155645
OUT_03906,895.672901543466
OUT_03907,259.3135875620741
OUT_03908,149.10155995455034
OUT_03909,307.9917737104869
OUT_03910,952.4405213580084
OUT_03911,1119.0946012372017
OUT_03912,135.64302238277486
OUT_03913,142.23991821320075
OUT_03914,145.10621999186483
OUT_03915,127.57431956869532
OUT_03916,926.121334539404
OUT_03917,114.81726727343901
OUT_03918,911.8423302666664
OUT_03919,145.96196393467895
OUT_03920,876.9674952937866
OUT_03921,139.12410179452797
OUT_03922,327.03217289950544
OUT_03923,1093.4348133304748
OUT_03924,103.11734548991102
OUT_03925,127.10747154217276
OUT_03926,861.1492684071382
OUT_03927,914.8120751426771
OUT_03928,1229.4130164009714
OUT_03929,96.97384069550657
OUT_03930,297.15966943715875
OUT_03931,335.1006576219696
OUT_03932,323.75432709771343
OUT_03933,86.28279892913241
OUT_03934,322.8782357781573
OUT_03935,321.1634692040149
OUT_03936,130.51284460944103
OUT_03937,251.88933840037285
OUT_03938,121.78625228247262
OUT_03939,959.2947213055006
OUT_03940,290.404434126043
OUT_03941,135.1943098255715
OUT_03942,349.10784329017844
OUT_03943,111.81849825733201
OUT_03944,1132.9878519741528
OUT_03945,125.18728875845154
OUT_03946,132.1537150178417
OUT_03947,381.43796702626025
OUT_03948,96.58569360254714
OUT_03949,112.35225199403824
OUT_03950,154.3998708872303
OUT_03951,105.27403854818671
OUT_03952,132.15714530931416
OUT_03953,337.46477761318704
OUT_03954,1175.8303140143685
OUT_03955,338.5569125250661
OUT_03956,105.64690864636746
OUT_03957,1162.860097479962
OUT_03958,361.92998482006976
OUT_03959,1139.1893511601431
OUT_03960,833.7311470729413
OUT_03961,122.0693775067585
OUT_03962,131.72826283761455
OUT_03963,332.2173305822964
OUT_03964,370.41889819755545
OUT_03965,978.8708989353725
OUT_03966,105.22387251090151
OUT_03967,1124.5344778270703
OUT_03968,186.77647724532662
OUT_03969,225.5186458387837
OUT_03970,79.47259692736392
OUT_03971,109.52351012930811
OUT_03972,791.9065111283671
OUT_03973,116.20931206110431
OUT_03974,277.5054820162451
OUT_03975,362.1768964163297
OUT_03976,194.62945801225243
OUT_03977,128.77258790023302
OUT_03978,202.18803940147882
OUT_03979,294.6383257120092
OUT_03980,1004.2343034046344
OUT_03981,376.7833723996898
OUT_03982,918.7958511339046
OUT_03983,1144.6867026654047
OUT_03984,148.59220974425344
OUT_03985,288.3726203609242
OUT_03986,925.7441796858582
OUT_03987,131.96370796572882
OUT_03988,896.869963436578
OUT_03989,122.15922554899676
OUT_03990,112.72375096341591
OUT_03991,867.875234455029
OUT_03992,301.9737928017465
OUT_03993,366.1848369293882
OUT_03994,973.1935931069864
OUT_03995,163.95426590359799
OUT_03996,171.43608898368655
OUT_03997,364.7941147034331
OUT_03998,123.57290055162633
OUT_03999,1106.3754326825494
OUT_04000,133.61777361271314
OUT_04001,122.2296334079181
OUT_04002,170.055395005987
OUT_04003,147.83409504849408
OUT_04004,95.73040090009108
OUT_04005,951.7324334633888
OUT_04006,322.4372454225107
OUT_04007,305.2051882451543
OUT_04008,147.7212250255342
OUT_04009,918.1655510832333
OUT_04010,146.82446730080187
OUT_04011,283.5670540343866
OUT_04012,158.62172281009413
OUT_04013,968.2816513711508
OUT_04014,89.33877683546581
OUT_04015,141.79824458343253
OUT_04016,153.95890252552192
OUT_04017,346.196569781537
OUT_04018,266.30561117172556
OUT_04019,114.42878758386962
OUT_04020,106.13976188151008
OUT_04021,922.9929882914636
OUT_04022,162.4939591693255
OUT_04023,336.015640175953
OUT_04024,97.70684010755008
OUT_04025,286.952692067597
OUT_04026,1006.8931782307576
OUT_04027,1172.07169959516
OUT_04028,174.6097360748911
OUT_04029,118.212422768143
OUT_04030,148.82389224472556
OUT_04031,321.41998944939
OUT_04032,386.51252047420905
OUT_04033,355.81173620807874
OUT_04034,380.6708939003719
OUT_04035,124.57406266589992
OUT_04036,118.21606819786369
OUT_04037,223.9742956448981
OUT_04038,137.55529710101214
OUT_04039,401.8519098791344
OUT_04040,86.32064791200224
OUT_04041,96.65534099537896
OUT_04042,97.972303411431
OUT_04043,108.12559306585932
OUT_04044,934.3043850998438
OUT_04045,391.49796517162633
OUT_04046,260.4517886817099
OUT_04047,123.72435015796283
OUT_04048,885.7704808183714
OUT_04049,189.4598672121078
OUT_04050,901.7117190653948
OUT_04051,115.6370856445874
OUT_04052,874.5683135318083
OUT_04053,113.03446314926157
OUT_04054,162.9553577632452
OUT_04055,88.14675962914151
OUT_04056,1196.5524751632304
OUT_04057,297.7955706695541
OUT_04058,112.46272519942312
OUT_04059,958.1177389013512
OUT_04060,267.7717063855391
OUT_04061,952.2935281984052
OUT_04062,925.7557422308688
OUT_04063,927.0632766094564
OUT_04064,977.4682854179778
OUT_04065,179.75824514106492
OUT_04066,187.33507064046552
OUT_04067,286.21087558414064
OUT_04068,817.5641218784252
OUT_04069,400.4713785352683
OUT_04070,373.05279493619605
OUT_04071,916.053176335864
OUT_04072,119.00691294324828
OUT_04073,92.65130297722806
OUT_04074,116.2364357230926
OUT_04075,312.46781858312295
OUT_04076,337.8631361124246
OUT_04077,130.17129409389312
OUT_04078,166.95908518776594
OUT_04079,122.79957998535762
OUT_04080,239.71788667850137
OUT_04081,118.17440638538739
OUT_04082,118.2695656088604
OUT_04083,359.50599830799695
OUT_04084,118.94957924309374
OUT_04085,125.5857193132687
OUT_04086,212.8327586481277
OUT_04087,376.3448200493865
OUT_04088,320.1832248426988
OUT_04089,110.95274291252217
OUT_04090,358.69948265762287
OUT_04091,117.68396420556618
OUT_04092,364.83908840461737
OUT_04093,105.38139660069133
OUT_04094,252.09738377797936
OUT_04095,172.56947914030647
OUT_04096,147.98556322665056
OUT_04097,920.7500683856766
OUT_04098,292.44642704988865
OUT_04099,312.85637457724573
OUT_04100,103.303316329194
OUT_04101,118.3491559039179
OUT_04102,901.6236596555492
OUT_04103,102.45621696779064
OUT_04104,151.39246334921083
OUT_04105,298.00668776855434
OUT_04106,324.9550843389178
OUT_04107,279.9066294754846
OUT_04108,995.1542883422784
OUT_04109,124.33086882317947
OUT_04110,330.3392829125146
OUT_04111,910.2379784411032
OUT_04112,111.14493529773802
OUT_04113,117.32582006502096
OUT_04114,256.06718862456074
OUT_04115,295.1235196315894
OUT_04116,193.56056441918633
OUT_04117,129.88987254302972
OUT_04118,116.00152958507392
OUT_04119,925.3296197526494
OUT_04120,1153.6866574440887
OUT_04121,381.8847901931198
OUT_04122,340.0315306957582
OUT_04123,295.87656052364616
OUT_04124,115.73821220345351
OUT_04125,101.29054285087132
OUT_04126,281.9968920057994
OUT_04127,189.99616707108052
OUT_04128,1331.4375080957882
OUT_04129,166.7042087672565
OUT_04130,148.14148198355505
OUT_04131,846.686279566975
OUT_04132,112.63824515427402
OUT_04133,310.5595174476623
OUT_04134,109.02727460828712
OUT_04135,300.89950815500055
OUT_04136,1220.4201023548032
OUT_04137,289.46889173718614
OUT_04138,184.65598748388751
OUT_04139,904.8092095875592
OUT_04140,134.93932570720503
OUT_04141,112.54907654611935
OUT_04142,948.7343502981915
OUT_04143,975.1261904645028
OUT_04144,125.83418135577803
OUT_04145,170.35739114312807
OUT_04146,102.96293103926455
OUT_04147,120.4353140206612
OUT_04148,140.32874761111935
OUT_04149,62.51323466707611
OUT_04150,298.8950921751273
OUT_04151,270.9699197049059
OUT_04152,92.06000802249368
OUT_04153,188.0807191985659
OUT_04154,954.132810061969
OUT_04155,853.9053803735248
OUT_04156,73.06540388759396
OUT_04157,159.77023282322347
OUT_04158,193.0680796571433
OUT_04159,136.52000060682676
OUT_04160,109.28169280534038
OUT_04161,1183.1374144006772
OUT_04162,123.05148314663639
OUT_04163,129.8904791818377
OUT_04164,106.73707633002432
OUT_04165,884.3297038691347
OUT_04166,196.2376385723277
OUT_04167,115.98016240170791
OUT_04168,103.28262609462476
OUT_04169,126.66259693158563
OUT_04170,334.10978910321217
OUT_04171,1198.7091521659434
OUT_04172,100.61377905740055
OUT_04173,256.11271470718134
OUT_04174,1004.5213851527247
OUT_04175,121.04062372555293
OUT_04176,272.875502612726
OUT_04177,111.8156937022407
OUT_04178,116.84534111878669
OUT_04179,170.15363941829506
OUT_04180,303.58655421309527
OUT_04181,294.3434774491079
OUT_04182,128.1460091570322
OUT_04183,193.56056441918633
OUT_04184,141.02849701603438
OUT_04185,269.93440817476846
OUT_04186,121.39967633498742
OUT_04187,397.80359356315057
OUT_04188,123.99087336135834
OUT_04189,370.9826617009588
OUT_04190,892.3043011440182
OUT_04191,189.3397072762795
OUT_04192,122.96118413670342
OUT_04193,934.9234472547485
OUT_04194,986.270517516824
OUT_04195,167.10544845808582
OUT_04196,1260.2186330766997
OUT_04197,134.44024205954824
OUT_04198,302.99935154439123
OUT_04199,1155.0095390226388
OUT_04200,327.69745597700535
OUT_04201,183.33927502438735
OUT_04202,173.2931054474303
OUT_04203,377.9701300366811
OUT_04204,100.30230490494024
OUT_04205,239.4184900643565
OUT_04206,1170.1914085085546
OUT_04207,331.3264496156548
OUT_04208,99.22917936991182
OUT_04209,148.77479243261556
OUT_04210,270.4604820931665
OUT_04211,193.56056441918633
OUT_04212,332.4940523161256
OUT_04213,152.74984926669387
OUT_04214,335.52056043062817
OUT_04215,237.8775608596027
OUT_04216,311.35498429412587
OUT_04217,1095.0140072361676
OUT_04218,145.44928746837016
OUT_04219,153.67569087292833
OUT_04220,193.56056441918633
OUT_04221,789.8484392813672
OUT_04222,124.33014786404613
OUT_04223,111.10288600326113
OUT_04224,309.0387275898158
OUT_04225,110.93017141863116
OUT_04226,1000.111579804739
OUT_04227,382.2646407709668
OUT_04228,105.81228527420438
OUT_04229,344.91407133391414
OUT_04230,152.98868325517807
OUT_04231,348.82261263199456
OUT_04232,879.626955805995
OUT_04233,895.8477060929315
OUT_04234,144.6314125712222
OUT_04235,144.45602082457356
OUT_04236,271.49184906005064
OUT_04237,1181.5007408517542
OUT_04238,355.062574731143
OUT_04239,1155.5073263635288
OUT_04240,170.32944908561592
OUT_04241,310.54738282085384
OUT_04242,87.64498366685937
OUT_04243,119.13867741566848
OUT_04244,171.7246376386896
OUT_04245,362.59968998452973
OUT_04246,112.06916373928063
OUT_04247,100.43670671939458
OUT_04248,150.33309351026085
OUT_04249,363.53968613249134
OUT_04250,982.8263405369988
OUT_04251,1182.312156324207
OUT_04252,94.24600181794827
OUT_04253,81.4152201286
OUT_04254,988.510943049306
OUT_04255,193.56056441918633
OUT_04256,332.1876191942573
OUT_04257,186.71660380272266
OUT_04258,339.17388884666354
OUT_04259,925.5250911648202
OUT_04260,1219.0893068044868
OUT_04261,996.6870432364204
OUT_04262,113.47568649039452
OUT_04263,407.86716887926605
OUT_04264,115.01289042530685
OUT_04265,116.3103256949824
OUT_04266,160.02079300749148
OUT_04267,139.27614118867137
OUT_04268,122.47344312042645
OUT_04269,952.236855373075
OUT_04270,389.49908455366847
OUT_04271,320.093878275803
OUT_04272,303.86979554785006
OUT_04273,107.46145225820169
OUT_04274,341.2388684692821
OUT_04275,136.0445204735499
OUT_04276,308.29192776195833
OUT_04277,151.20400758823098
OUT_04278,177.36371048393687
OUT_04279,179.71696331846357
OUT_04280,315.8964655847744
OUT_04281,326.14510746640264
OUT_04282,870.8427079804826
OUT_04283,248.2805738267069
OUT_04284,110.538618230985
OUT_04285,118.82989525095428
OUT_04286,295.13010188800644
OUT_04287,264.06474957576745
OUT_04288,135.95147460710743
OUT_04289,209.14276133920222
OUT_04290,129.94623318132122
OUT_04291,310.9325896123556
OUT_04292,151.47399461921236
OUT_04293,839.99750125132
OUT_04294,281.39079165260364
OUT_04295,1175.1002786019862
OUT_04296,145.93716266877925
OUT_04297,102.29202496803327
OUT_04298,255.5017052717979
OUT_04299,361.1680060124759
OUT_04300,137.47800570016946
OUT_04301,145.0843261014167
OUT_04302,126.0885292538831
OUT_04303,136.57103446284978
OUT_04304,959.795225088229
OUT_04305,239.41390822414596
OUT_04306,91.32212829465767
OUT_04307,103.00377334865559
OUT_04308,114.85950075227063
OUT_04309,978.1090396540052
OUT_04310,154.90069346791392
OUT_04311,132.31143020914618
OUT_04312,928.1342663365352
OUT_04313,152.49186900465267
OUT_04314,147.0167729257932
OUT_04315,119.146070827485
OUT_04316,120.60627108647067
OUT_04317,345.4483448095315
OUT_04318,308.1467336663203
OUT_04319,198.53543842572938
OUT_04320,965.4739747681294
OUT_04321,112.7566695444595
OUT_04322,984.978475036952
OUT_04323,125.31664201141845
OUT_04324,307.7732544310239
OUT_04325,126.89281504109206
OUT_04326,318.8762598648348
OUT_04327,110.57900989048153
OUT_04328,975.7336908241195
OUT_04329,102.93213741094405
OUT_04330,326.89163412797626
OUT_04331,272.42896688971757
OUT_04332,169.82693301296572
OUT_04333,352.8860087661346
OUT_04334,421.9576238551688
OUT_04335,931.7437242558336
OUT_04336,107.30778222653767
OUT_04337,137.06272331608469
OUT_04338,123.25440732060802
OUT_04339,122.04557893056412
OUT_04340,107.53169644236314
OUT_04341,106.17002590737115
OUT_04342,937.0301502099044
OUT_04343,134.67442437419794
OUT_04344,157.57730456083618
OUT_04345,113.16800620320254
OUT_04346,155.48523874720695
OUT_04347,904.57304634431
OUT_04348,132.78510307161272
OUT_04349,951.730547090122
OUT_04350,349.51199052660775
OUT_04351,785.5047675867955
OUT_04352,349.34447281836896
OUT_04353,271.9172760955463
OUT_04354,125.39926991477017
OUT_04355,205.03500240069928
OUT_04356,965.3288073007892
OUT_04357,935.612481933282
OUT_04358,339.75931899235377
OUT_04359,1219.9281908802689
OUT_04360,346.29259200102945
OUT_04361,311.03346351695257
OUT_04362,115.69737685070648
OUT_04363,100.4036083519986
OUT_04364,133.7244698270291
OUT_04365,130.28867946311522
OUT_04366,157.6536604391004
OUT_04367,174.41613923770137
OUT_04368,1127.0099384798605
OUT_04369,323.5858565833206
OUT_04370,377.1261683699608
OUT_04371,119.0138968264709
OUT_04372,108.98499838005161
OUT_04373,305.12001272116856
OUT_04374,123.62659093606493
OUT_04375,127.742943889392
OUT_04376,131.3774239742848
OUT_04377,114.11898033381962
OUT_04378,163.29709745028632
OUT_04379,142.29329906387122
OUT_04380,142.89382997508258
OUT_04381,129.09834397154944
OUT_04382,935.0001305841514
OUT_04383,141.06403505382485
OUT_04384,175.34921804065766
OUT_04385,885.7113977563637
OUT_04386,137.92870493787944
OUT_04387,281.25696449751536
OUT_04388,256.342108914925
OUT_04389,163.0248971164338
OUT_04390,310.9812487193442
OUT_04391,259.58969793573533
OUT_04392,353.56562191332586
OUT_04393,1095.409126567393
OUT_04394,181.36549037189567
OUT_04395,98.16946545698683
OUT_04396,163.41678316661432
OUT_04397,103.47610128882262
OUT_04398,86.74555257273232
OUT_04399,1220.7320293476294
OUT_04400,930.0236467001756
OUT_04401,111.69593686041533
OUT_04402,848.6508879125557
OUT_04403,128.7387353700551
OUT_04404,1014.4151437281222
OUT_04405,809.0924060180059
OUT_04406,193.56056441918633
OUT_04407,294.30250787725447
OUT_04408,132.76339415958907
OUT_04409,1084.5185440236503
OUT_04410,136.5568478937331
OUT_04411,135.32503151913292
OUT_04412,142.29863594180617
OUT_04413,895.2336251076666
OUT_04414,961.8837429284032
OUT_04415,1317.8289532980805
OUT_04416,129.94247753401925
OUT_04417,345.3313533979862
OUT_04418,291.1096608612886
OUT_04419,128.99824741904013
OUT_04420,106.12527015912242
OUT_04421,75.39949623109007
OUT_04422,925.548923229984
OUT_04423,261.7705379908809
OUT_04424,300.4554109647128
OUT_04425,170.40220063094546
OUT_04426,132.72494675128766
OUT_04427,156.92556430842586
OUT_04428,131.9503826604145
OUT_04429,335.5235698800052
OUT_04430,314.8723529812875
OUT_04431,129.00225459176943
OUT_04432,347.455306568993
OUT_04433,901.5843301724376
OUT_04434,279.7292215633363
OUT_04435,858.3783535085604
OUT_04436,973.26912782346
OUT_04437,880.2604774489265
OUT_04438,875.4900844124934
OUT_04439,1011.8635013579192
OUT_04440,262.1295692463911
OUT_04441,142.53555999430603
OUT_04442,998.8324474063024
OUT_04443,135.35235327095555
OUT_04444,322.41371656820206
OUT_04445,75.13790900375437
OUT_04446,413.88623284967525
OUT_04447,151.36328806169263
OUT_04448,278.57343765193355
OUT_04449,977.6835405762116
OUT_04450,354.8628626041393
OUT_04451,284.4513330540608
OUT_04452,110.95015432345059
OUT_04453,413.5531466060778
OUT_04454,323.66595755499657
OUT_04455,115.63101972392516
OUT_04456,87.04118350984558
OUT_04457,328.4556643535216
OUT_04458,350.05911653583115
OUT_04459,126.49970917003456
OUT_04460,301.93823012380386
OUT_04461,129.49970661410183
OUT_04462,120.6403412753825
OUT_04463,100.62354517734504
OUT_04464,142.61808729345927
OUT_04465,360.9869599053751
OUT_04466,382.8413575428706
OUT_04467,359.40455975302416
OUT_04468,164.93378833982436
OUT_04469,87.90319229168514
OUT_04470,111.31761513641811
OUT_04471,991.7859859616212
OUT_04472,375.43954239906884
OUT_04473,128.03166830848477
OUT_04474,220.26054694573276
OUT_04475,88.66391744175738
OUT_04476,332.28272969693217
OUT_04477,193.56056441918633
OUT_04478,926.7208325953908
OUT_04479,247.44937169355762
OUT_04480,854.60603064198
OUT_04481,193.56056441918633
OUT_04482,309.6918452142228
OUT_04483,157.5339681670774
OUT_04484,385.90023593052706
OUT_04485,159.14913110396577
OUT_04486,114.35957447824413
OUT_04487,812.7738809779748
OUT_04488,110.61980007694416
OUT_04489,892.245275331187
OUT_04490,113.00154125339103
OUT_04491,93.03278744726938
OUT_04492,959.7212377839186
OUT_04493,182.02610918431085
OUT_04494,172.82168535918152
OUT_04495,157.87409841138074
OUT_04496,112.76357656209017
OUT_04497,327.24824030958194
OUT_04498,333.1606278167618
OUT_04499,154.56663762320588
OUT_04500,1131.8485029143467
OUT_04501,193.56056441918633
OUT_04502,345.39960662943395
OUT_04503,115.7879923420547
OUT_04504,174.16090708083811
OUT_04505,104.3564499821215
OUT_04506,346.60670190477543
OUT_04507,931.4678665903176
OUT_04508,156.30436041100376
OUT_04509,896.7214259636335
OUT_04510,291.16808055529333
OUT_04511,137.60630544806511
OUT_04512,126.19012189842097
OUT_04513,117.42024171702664
OUT_04514,982.02800345501
OUT_04515,285.41564784393825
OUT_04516,248.01437479680607
OUT_04517,370.2030345471966
OUT_04518,282.6833861522871
OUT_04519,76.97401219150018
OUT_04520,1009.4955773358084
OUT_04521,100.60471801486058
OUT_04522,83.80397361711263
OUT_04523,919.70119541501
OUT_04524,95.7271124445636
OUT_04525,251.06674911466249
OUT_04526,973.4764094925148
OUT_04527,129.73896211459945
OUT_04528,712.5010604569347
OUT_04529,159.2377205941089
OUT_04530,193.56056441918633
OUT_04531,101.878345379139
OUT_04532,103.7134760690268
OUT_04533,940.1162287076668
OUT_04534,167.71943751560832
OUT_04535,348.9308218430761
OUT_04536,374.6488335967457
OUT_04537,193.56056441918633
OUT_04538,136.55648957102397
OUT_04539,94.7775791606117
OUT_04540,267.5570265716132
OUT_04541,291.5756872082676
OUT_04542,137.22210471178164
OUT_04543,153.84715486159425
OUT_04544,366.0512471851407
OUT_04545,160.31677871260564
OUT_04546,128.5793294287618
OUT_04547,287.5517371635533
OUT_04548,147.95722280891275
OUT_04549,148.94362325075372
OUT_04550,123.86528555109658
OUT_04551,308.3220394253334
OUT_04552,350.3562996649607
OUT_04553,283.04977718952085
OUT_04554,102.57786481005336
OUT_04555,115.78300933133471
OUT_04556,1023.9020855202313
OUT_04557,100.93107185112449
OUT_04558,343.19408277832565
OUT_04559,107.07393274718923
OUT_04560,840.8639557151482
OUT_04561,264.1279308025256
OUT_04562,113.24364697442718
OUT_04563,107.01745828267171
OUT_04564,109.24064223083674
OUT_04565,371.77553804944193
OUT_04566,299.8329738052552
OUT_04567,179.11683795500025
OUT_04568,943.5473296400352
OUT_04569,1104.4020200298385
OUT_04570,146.4390642987804
OUT_04571,395.28427501673025
OUT_04572,166.46122224231735
OUT_04573,303.8508375330006
OUT_04574,137.47647759350238
OUT_04575,421.9867777862049
OUT_04576,953.8730589542816
OUT_04577,86.75302608273019
OUT_04578,106.99104385670722
OUT_04579,151.72292615968894
OUT_04580,326.7727009789301
OUT_04581,300.5015946363356
OUT_04582,118.86713676040654
OUT_04583,373.0902605639026
OUT_04584,147.20495087658597
OUT_04585,112.71853310997096
OUT_04586,302.73288239437454
OUT_04587,163.7885975712452
OUT_04588,152.1974727864786
OUT_04589,182.2763358173737
OUT_04590,354.2000928611362
OUT_04591,110.27998117525908
OUT_04592,327.2585416168543
OUT_04593,1158.373556689941
OUT_04594,883.3347067047712
OUT_04595,344.4713911169878
OUT_04596,193.56056441918633
OUT_04597,91.47350940303217
OUT_04598,888.6024073082449
OUT_04599,242.6756251436503
OUT_04600,113.35309653165048
OUT_04601,126.87055831268724
OUT_04602,143.2696198289242
OUT_04603,373.8219984120883
OUT_04604,131.94091735413042
OUT_04605,180.9187766435966
OUT_04606,898.017469893897
OUT_04607,312.326418807458
OUT_04608,129.15821657033092
OUT_04609,1120.4088868713018
OUT_04610,904.3416650714
OUT_04611,988.9226278282238
OUT_04612,938.3516194328672
OUT_04613,936.7350940742302
OUT_04614,94.35704673664007
OUT_04615,1001.5286408449022
OUT_04616,103.77016821902885
OUT_04617,231.7117407395922
OUT_04618,380.88568619274395
OUT_04619,341.6260852204801
OUT_04620,990.4907868550796
OUT_04621,397.3824380202932
OUT_04622,149.1235628005048
OUT_04623,104.39424197792356
OUT_04624,109.0736123062843
OUT_04625,139.63213392516982
OUT_04626,1002.4650231628442
OUT_04627,353.5450485990085
OUT_04628,243.7212034966648
OUT_04629,282.4221701815347
OUT_04630,294.3445189115483
OUT_04631,133.3245411566615
OUT_04632,110.45114598224478
OUT_04633,373.9330188605679
OUT_04634,350.35654457487954
OUT_04635,95.25944973047422
OUT_04636,140.55677379505735
OUT_04637,155.73740714353517
OUT_04638,163.148467489948
OUT_04639,128.39754489290956
OUT_04640,1107.8101598069547
OUT_04641,432.63020229199344
OUT_04642,149.97115573140482
OUT_04643,175.00971870490048
OUT_04644,1009.4975406951536
OUT_04645,102.36793656657167
OUT_04646,127.38855782017436
OUT_04647,132.8485197717802
OUT_04648,302.4483026136793
OUT_04649,141.33761637481587
OUT_04650,193.56056441918633
OUT_04651,994.9304067931944
OUT_04652,68.72766037509864
OUT_04653,106.24178484302551
OUT_04654,112.59022785876324
OUT_04655,76.64442861113672
OUT_04656,124.3383020525902
OUT_04657,134.15753606898667
OUT_04658,113.52030414493548
OUT_04659,124.00575843634095
OUT_04660,151.68849714716225
OUT_04661,272.04573983647504
OUT_04662,106.77121353029835
OUT_04663,124.59136665774477
OUT_04664,867.7143600502012
OUT_04665,100.66871822942323
OUT_04666,193.56056441918633
OUT_04667,949.9504801036873
OUT_04668,91.99875448080448
OUT_04669,291.6020059221754
OUT_04670,119.83448718321648
OUT_04671,362.7808217004764
OUT_04672,277.3768519463679
OUT_04673,156.46596398681015
OUT_04674,150.80244279201335
OUT_04675,316.37755906902095
OUT_04676,966.6158531449494
OUT_04677,195.28644716510306
OUT_04678,1399.9511968793286
OUT_04679,879.926541981543
OUT_04680,122.31994876452346
OUT_04681,308.7393265004398
OUT_04682,143.7554711485505
OUT_04683,288.9063804357264
OUT_04684,136.62077091967862
OUT_04685,270.34424129881836
OUT_04686,337.4714359763947
OUT_04687,98.57383164910019
OUT_04688,102.83323976757636
OUT_04689,105.25943802633545
OUT_04690,134.89431410850167
OUT_04691,84.39213607528171
OUT_04692,151.0805712271336
OUT_04693,119.20621578170845
OUT_04694,907.4452966556612
OUT_04695,355.8814285987228
OUT_04696,165.97467414907365
OUT_04697,277.88336034578765
OUT_04698,171.12195303580077
OUT_04699,331.0928894749921
OUT_04700,318.2004236835207
OUT_04701,946.1850888374038
OUT_04702,414.63720066075246
OUT_04703,931.5992849356564
OUT_04704,896.3741784963972
OUT_04705,172.7505994800172
OUT_04706,872.3430188448178
OUT_04707,325.96495271978154
OUT_04708,165.25734473578734
OUT_04709,169.10747549150807
OUT_04710,318.5788553670385
OUT_04711,98.81954880904587
OUT_04712,139.92427366010372
OUT_04713,931.2265211545672
OUT_04714,877.6628009483247
OUT_04715,164.6760647465581
OUT_04716,278.8935143461499
OUT_04717,91.07693486320376
OUT_04718,902.7640324457356
OUT_04719,169.39163383490813
OUT_04720,179.03103056563512
OUT_04721,293.273724972811
OUT_04722,138.02061030152697
OUT_04723,234.51973191379702
OUT_04724,914.1123905495748
OUT_04725,124.14121940450826
OUT_04726,283.0791410001208
OUT_04727,101.77520081161927
OUT_04728,300.1312392616552
OUT_04729,367.8786754572441
OUT_04730,165.93773842407023
OUT_04731,260.68582261474586
OUT_04732,115.45959661210735
OUT_04733,917.4495617791966
OUT_04734,933.295863170924
OUT_04735,68.72341796209814
OUT_04736,379.48587748824366
OUT_04737,980.6393690152664
OUT_04738,115.37111281377327
OUT_04739,81.92228625826831
OUT_04740,109.01320216155659
OUT_04741,132.80173630323625
OUT_04742,992.4426104010454
OUT_04743,262.23199145709964
OUT_04744,279.04142871217095
OUT_04745,110.27345834737382
OUT_04746,836.6329035415181
OUT_04747,283.1600209208127
OUT_04748,149.30630405349777
OUT_04749,128.65201537791708
OUT_04750,115.82194417193783
OUT_04751,962.4131779779078
OUT_04752,1121.3291384763495
OUT_04753,242.341588229136
OUT_04754,401.39478037213644
OUT_04755,334.8267704348409
OUT_04756,285.8243411766801
OUT_04757,146.33606379584918
OUT_04758,906.959555381685
OUT_04759,101.7565612288619
OUT_04760,103.9686346612276
OUT_04761,320.3091074363939
OUT_04762,117.32631936501498
OUT_04763,153.09571046689223
OUT_04764,102.38972317071509
OUT_04765,327.34220110864976
OUT_04766,751.6138103093372
OUT_04767,193.56056441918633
OUT_04768,979.8008176235136
OUT_04769,189.53208557839915
OUT_04770,108.9641327960391
OUT_04771,125.96243408453586
OUT_04772,953.7961558309288
OUT_04773,100.23247576909398
OUT_04774,317.16621505588995
OUT_04775,135.16967283336353
OUT_04776,290.0355278907141
OUT_04777,123.27037834888266
OUT_04778,167.14728883391635
OUT_04779,344.84417218575385
OUT_04780,155.2370907738351
OUT_04781,282.79094229696153
OUT_04782,349.54197505731514
OUT_04783,255.8602522379038
OUT_04784,292.1725511925684
OUT_04785,287.29598405388424
OUT_04786,424.7380061510737
OUT_04787,159.97985226294276
OUT_04788,332.0450441247837
OUT_04789,179.1404316459846
OUT_04790,1102.3596191235051
OUT_04791,763.9828799278262
OUT_04792,88.05023587707059
OUT_04793,114.99502210461782
OUT_04794,155.61959862008433
OUT_04795,919.4837693647826
OUT_04796,316.11882215602947
OUT_04797,120.48744994205379
OUT_04798,955.9131960192722
OUT_04799,95.93759836954587
OUT_04800,154.48693236866882
OUT_04801,110.07891544727933
OUT_04802,159.12629162556303
OUT_04803,193.87903116290613
OUT_04804,990.560504970106
OUT_04805,110.50349998072228
OUT_04806,123.06272901913582
OUT_04807,319.02102995220605
OUT_04808,925.8528870144976
OUT_04809,107.59838085644128
OUT_04810,337.14926633084434
OUT_04811,940.352561082523
OUT_04812,1131.444184810058
OUT_04813,193.56056441918633
OUT_04814,939.065886927202
OUT_04815,76.07135497681666
OUT_04816,122.73829375148175
OUT_04817,148.11397955970352
OUT_04818,300.05513541868964
OUT_04819,1266.3124054602822
OUT_04820,111.37492017133007
OUT_04821,160.46928769807
OUT_04822,145.16680832533484
OUT_04823,363.1130254550513
OUT_04824,131.26323987428228
OUT_04825,95.24018849701736
OUT_04826,139.4894938952424
OUT_04827,94.87972631010935
OUT_04828,118.75439189846264
OUT_04829,110.05024914102836
OUT_04830,974.3929402240252
OUT_04831,136.87404486540427
OUT_04832,325.6039672515241
OUT_04833,476.9650152800938
OUT_04834,130.0841622183954
OUT_04835,1203.8406840056782
OUT_04836,297.1965234374884
OUT_04837,114.39621271755058
OUT_04838,92.35240406468128
OUT_04839,102.3212047775314
OUT_04840,148.10685903337108
OUT_04841,151.09007057211878
OUT_04842,116.1000010487074
OUT_04843,112.84993819437804
OUT_04844,986.8156181103136
OUT_04845,76.62525098018948
OUT_04846,147.83943084792654
OUT_04847,110.77403592593815
OUT_04848,239.48391808344863
OUT_04849,330.5452305192957
OUT_04850,157.38220046972904
OUT_04851,329.4834942324058
OUT_04852,244.55332914047136
OUT_04853,1238.964086615624
OUT_04854,868.7006947128461
OUT_04855,154.6545810602216
OUT_04856,391.6095437742111
OUT_04857,821.6087013686926
OUT_04858,135.33155569216373
OUT_04859,306.19235182944493
OUT_04860,285.6262446042534
OUT_04861,289.0695291554265
OUT_04862,280.37015694618344
OUT_04863,107.11796215942529
OUT_04864,289.9500625464813
OUT_04865,344.71549341105793
OUT_04866,252.76880942282304
OUT_04867,160.15641884551735
OUT_04868,342.5367017920288
OUT_04869,1017.5798821562722
OUT_04870,133.57425306745634
OUT_04871,188.9393749397183
OUT_04872,303.44521140480435
OUT_04873,920.4337830585292
OUT_04874,120.08633181952493
OUT_04875,161.67798436578906
OUT_04876,247.3971342837432
OUT_04877,118.27267665964922
OUT_04878,119.24102892081854
OUT_04879,1206.4306604092365
OUT_04880,119.33831700169023
OUT_04881,107.16101854624948
OUT_04882,335.8338348070174
OUT_04883,116.94102646287948
OUT_04884,175.32610749828643
OUT_04885,903.157411382874
OUT_04886,325.0084882628473
OUT_04887,757.4002784114607
OUT_04888,134.22326781107748
OUT_04889,150.42939058955986
OUT_04890,114.3738225276421
OUT_04891,316.4241638848896
OUT_04892,872.9396378480241
OUT_04893,286.1772401445801
OUT_04894,150.98441070687852
OUT_04895,121.66101534682822
OUT_04896,148.3428991517127
OUT_04897,153.6858410127403
OUT_04898,923.654796116814
OUT_04899,354.2570728210981
OUT_04900,124.48119584101507
OUT_04901,309.730189988778
OUT_04902,126.71829472019913
OUT_04903,305.80207500150277
OUT_04904,381.5547066701243
OUT_04905,132.79232658504904
OUT_04906,146.43391666440297
OUT_04907,154.1564903635448
OUT_04908,99.9850139036928
OUT_04909,156.0674532066057
OUT_04910,277.7677041119074
OUT_04911,143.15130540881515
OUT_04912,278.11902339071685
OUT_04913,937.3965566448894
OUT_04914,315.62962771414675
OUT_04915,105.83961010469216
OUT_04916,103.59422936566747
OUT_04917,377.06591691133013
OUT_04918,115.77251091915011
OUT_04919,1174.824920148819
OUT_04920,315.3220337860844
OUT_04921,152.1316476005342
OUT_04922,296.95869531670917
OUT_04923,137.21347518347483
OUT_04924,902.426750819758
OUT_04925,958.7347686298268
OUT_04926,96.8752772179002
OUT_04927,264.6993138919921
OUT_04928,272.55869138027276
OUT_04929,375.1695889312283
OUT_04930,128.76802001543308
OUT_04931,109.71814664912084
OUT_04932,277.17420535481574
OUT_04933,103.69556916100952
OUT_04934,116.56817810328207
OUT_04935,99.88071021617888
OUT_04936,345.74215145372295
OUT_04937,294.7306884385787
OUT_04938,100.64908137934432
OUT_04939,146.3215953388046
OUT_04940,103.50932715897072
OUT_04941,851.9357351925271
OUT_04942,945.0039469353696
OUT_04943,139.91827383255406
OUT_04944,963.7005985165608
OUT_04945,301.51832145598377
OUT_04946,100.78943836951176
OUT_04947,804.3858330434972
OUT_04948,90.71947695817826
OUT_04949,297.6209659315643
OUT_04950,364.5956998644938
OUT_04951,129.86090476819973
OUT_04952,391.6972324530387
OUT_04953,924.9572576323357
OUT_04954,296.5924708425365
OUT_04955,102.55940604135513
OUT_04956,114.78296623760905
OUT_04957,102.35050151516091
OUT_04958,109.4441041061227
OUT_04959,301.0840998638435
OUT_04960,166.99076509274497
OUT_04961,89.1132429656089
OUT_04962,1181.9041055431767
OUT_04963,362.16171003666227
OUT_04964,159.08842203206905
OUT_04965,101.72908303322869
OUT_04966,135.1688296827562
OUT_04967,120.99363358582376
OUT_04968,351.7030446214624
OUT_04969,287.7852597557073
OUT_04970,107.30611003748471
OUT_04971,946.783246339932
OUT_04972,337.7966968352903
OUT_04973,1028.1370943735733
OUT_04974,250.557429725082
OUT_04975,126.64187985998483
OUT_04976,107.30581005701376
OUT_04977,102.6965098540247
OUT_04978,304.84429421699
OUT_04979,1174.7177886944703
OUT_04980,253.03950689999627
OUT_04981,148.99519870993447
OUT_04982,288.7952228087198
OUT_04983,839.223970385649
OUT_04984,123.70300007643594
OUT_04985,900.5541739012057
OUT_04986,313.4755580550251
OUT_04987,170.95368745566768
OUT_04988,120.6001319951065
OUT_04989,125.12046866484357
OUT_04990,385.81145010415605
OUT_04991,82.41568800200433
OUT_04992,904.4775501665656
OUT_04993,103.86050168034079
OUT_04994,249.7699400313558
OUT_04995,119.30739265516706
OUT_04996,364.08208677042484
OUT_04997,121.28360108326201
OUT_04998,117.73353175754085
OUT_04999,301.16186921620664
OUT_05000,131.8654236590103
OUT_05001,84.28727160155157
OUT_05002,121.47746354959186
OUT_05003,156.82589209574738
OUT_05004,132.7496079378122
OUT_05005,328.8284117227668
OUT_05006,121.62543386347981
OUT_05007,1087.7037161830494
OUT_05008,129.6003462449733
OUT_05009,152.3819289307624
OUT_05010,127.90752952778888
OUT_05011,326.303767619724
OUT_05012,97.05493379822576
OUT_05013,145.39706691000683
OUT_05014,332.5252911291111
OUT_05015,300.2942722773341
OUT_05016,300.6105444958537
OUT_05017,168.84716465615162
OUT_05018,254.55840946333635
OUT_05019,126.14055535252862
OUT_05020,160.46648524862664
OUT_05021,295.23085788631425
OUT_05022,106.22622015543409
OUT_05023,176.10853478691857
OUT_05024,286.00917879452936
OUT_05025,158.98897298054464
OUT_05026,340.8866786507719
OUT_05027,122.469604884429
OUT_05028,157.52408543913293
OUT_05029,302.2312097504288
OUT_05030,183.02183297083153
OUT_05031,130.07143807667023
OUT_05032,161.84225466363824
OUT_05033,212.6257657150131
OUT_05034,355.4537100526619
OUT_05035,154.02299732101284
OUT_05036,142.58009598764102
OUT_05037,112.80411874292199
OUT_05038,104.22485043593576
OUT_05039,150.36594563564478
OUT_05040,111.95694727016912
OUT_05041,95.95163371345939
OUT_05042,159.32537242125903
OUT_05043,105.96341376070332
OUT_05044,365.4908760632353
OUT_05045,858.7747660578294
OUT_05046,907.2515701942316
OUT_05047,126.70847462436592
OUT_05048,127.2645053702102
OUT_05049,143.49631918804624
OUT_05050,1222.8990445203406
OUT_05051,104.88665055441568
OUT_05052,964.0986481083744
OUT_05053,150.9776393407167
OUT_05054,102.58212531607103
OUT_05055,193.56056441918633
OUT_05056,341.97147816393124
OUT_05057,367.2629971294907
OUT_05058,124.49866336756222
OUT_05059,351.84611786315736
OUT_05060,126.07406815181709
OUT_05061,142.06779996617618
OUT_05062,129.20712480999498
OUT_05063,125.01310737227726
OUT_05064,371.03415172143525
OUT_05065,336.3182124171235
OUT_05066,367.34243543396053
OUT_05067,114.72089490195523
OUT_05068,122.27629867278746
OUT_05069,142.12240122593133
OUT_05070,322.96660209930434
OUT_05071,1121.4117339658287
OUT_05072,159.3635285945362
OUT_05073,304.746391009601
OUT_05074,102.96164864620945
OUT_05075,108.32530063702897
OUT_05076,104.25944901344964
OUT_05077,81.73403387715749
OUT_05078,369.72480402184505
OUT_05079,946.709498836809
OUT_05080,242.76891379457345
OUT_05081,129.76632039676812
OUT_05082,254.78684525135805
OUT_05083,336.8160639504508
OUT_05084,263.58944811784636
OUT_05085,251.19806342619918
OUT_05086,120.24623559955826
OUT_05087,292.01518763384394
OUT_05088,193.42225409152144
OUT_05089,279.816957902276
OUT_05090,303.23246493250184
OUT_05091,833.0157037542592
OUT_05092,1104.721122498877
OUT_05093,324.49595532135595
OUT_05094,336.0374105995767
OUT_05095,1181.4755656204325
OUT_05096,116.06301770600808
OUT_05097,911.5228381336055
OUT_05098,113.83123120168187
OUT_05099,115.41458538526884
OUT_05100,161.7859503271659
OUT_05101,936.2281211823056
OUT_05102,286.7645199234101
OUT_05103,139.72003746110317
OUT_05104,903.8909210867682
OUT_05105,99.67333093327112
OUT_05106,121.15189274864149
OUT_05107,302.1390182830972
OUT_05108,120.39742155152872
OUT_05109,94.1171637815966
OUT_05110,193.56056441918633
OUT_05111,96.54647774392409
OUT_05112,358.68067947534405
OUT_05113,121.83951110591846
OUT_05114,122.44668362777917
OUT_05115,893.5179402243919
OUT_05116,283.0947730584492
OUT_05117,115.92549473879704
OUT_05118,238.43578107915687
OUT_05119,106.08773356555452
OUT_05120,1136.95372741367
OUT_05121,110.06173222840064
OUT_05122,933.5306706659044
OUT_05123,245.06542525118286
OUT_05124,402.1085118977559
OUT_05125,123.40879989479042
OUT_05126,128.37759141739747
OUT_05127,147.5973453627423
OUT_05128,272.75205895260035
OUT_05129,339.89581523847335
OUT_05130,902.0684905675032
OUT_05131,382.45929442123304
OUT_05132,112.95735559037013
OUT_05133,1227.581601851448
OUT_05134,292.0363457232252
OUT_05135,241.27541431086053
OUT_05136,290.80890621881224
OUT_05137,108.5924062157227
OUT_05138,125.95485091564788
OUT_05139,100.3198995259525
OUT_05140,111.76400042165466
OUT_05141,404.41180666124797
OUT_05142,953.693212026694
OUT_05143,246.10610490902965
OUT_05144,126.85470892627774
OUT_05145,144.7349796473516
OUT_05146,170.30010359315975
OUT_05147,293.7607780197864
OUT_05148,103.75911772448173
OUT_05149,261.56421534518404
OUT_05150,292.58384874204705
OUT_05151,112.84141257505057
OUT_05152,126.27529407013344
OUT_05153,122.83227159100277
OUT_05154,102.02122952645257
OUT_05155,362.9894941136248
OUT_05156,1141.415705577622
OUT_05157,1245.9565202876736
OUT_05158,88.21358728647563
OUT_05159,312.192760971389
OUT_05160,144.7971741884018
OUT_05161,853.0900891159565
OUT_05162,968.7367199044602
OUT_05163,318.1866627394652
OUT_05164,120.3951226122403
OUT_05165,98.95475074045888
OUT_05166,1006.9784197774778
OUT_05167,335.20804513521324
OUT_05168,911.8829436225286
OUT_05169,93.33530389277361
OUT_05170,885.5400766218617
OUT_05171,120.83199851770898
OUT_05172,92.20647880334892
OUT_05173,114.64148961948256
OUT_05174,311.08342918056223
OUT_05175,815.9564893385345
OUT_05176,886.5169044372865
OUT_05177,125.02282610393819
OUT_05178,941.5631383313388
OUT_05179,121.1839174756887
OUT_05180,111.65709378797234
OUT_05181,1160.501993117439
OUT_05182,96.78515770793749
OUT_05183,277.27354703008814
OUT_05184,120.30173024835388
OUT_05185,945.2707912989754
OUT_05186,968.522703602356
OUT_05187,270.0174857174133
OUT_05188,1018.9835482227973
OUT_05189,132.41865989994108
OUT_05190,167.9577044154879
OUT_05191,100.86202693855165
OUT_05192,322.8179036939116
OUT_05193,119.72773096594216
OUT_05194,291.36097653716826
OUT_05195,369.66080511287174
OUT_05196,103.12722981360255
OUT_05197,903.7699147412724
OUT_05198,1188.9699702953128
OUT_05199,313.6855151356446
OUT_05200,100.14461406253163
OUT_05201,960.6142132809024
OUT_05202,101.18107282643658
OUT_05203,356.60237069365945
OUT_05204,1122.4133796888773
OUT_05205,1339.970023298387
OUT_05206,148.06235532363323
OUT_05207,278.6614595108483
OUT_05208,127.7703817971861
OUT_05209,130.1537841790865
OUT_05210,132.28453037322527
OUT_05211,353.2486205906555
OUT_05212,130.5223848516
OUT_05213,98.50324794529772
OUT_05214,193.56056441918633
OUT_05215,110.04402075277596
OUT_05216,896.8867389255572
OUT_05217,93.1545210450333
OUT_05218,280.9828017085159
OUT_05219,94.35676593134473
OUT_05220,263.2154750202069
OUT_05221,216.64423347174807
OUT_05222,997.3994984726088
OUT_05223,172.82594949121
OUT_05224,100.95351533638423
OUT_05225,280.73975421087766
OUT_05226,120.70014388827545
OUT_05227,137.10820805603225
OUT_05228,111.92246770632086
OUT_05229,138.1986146427344
OUT_05230,1182.9489119464622
OUT_05231,1245.9138770828094
OUT_05232,299.8022118194183
OUT_05233,948.9431396675644
OUT_05234,322.30655845926896
OUT_05235,79.85551182288263
OUT_05236,114.92047630343889
OUT_05237,267.96300651629514
OUT_05238,137.3983145533124
OUT_05239,282.6372666090484
OUT_05240,337.6710654009073
OUT_05241,109.43429640418616
OUT_05242,94.94392680271703
OUT_05243,272.7337502821496
OUT_05244,311.46636647813455
OUT_05245,128.6827688620794
OUT_05246,122.22623967904777
OUT_05247,105.56148667609645
OUT_05248,287.9255169599017
OUT_05249,304.689693093222
OUT_05250,1210.988595191805
OUT_05251,79.39276924135797
OUT_05252,105.30300144664623
OUT_05253,359.86274851283747
OUT_05254,106.90988236219772
OUT_05255,917.6851450434162
OUT_05256,872.4675606422547
OUT_05257,944.9911134093346
OUT_05258,159.23960524779775
OUT_05259,903.4065666570236
OUT_05260,273.12344269287314
OUT_05261,149.4615978244054
OUT_05262,110.25634560014038
OUT_05263,109.16478294895697
OUT_05264,919.5833631054178
OUT_05265,327.83607637064995
OUT_05266,144.32182025144544
OUT_05267,310.0518255156217
OUT_05268,107.97030518892133
OUT_05269,1169.5034196164388
OUT_05270,393.81364955463823
OUT_05271,850.5646492857699
OUT_05272,965.2851386168865
OUT_05273,142.29807417009704
OUT_05274,381.55030933731547
OUT_05275,120.12902654608621
OUT_05276,127.67286254073193
OUT_05277,105.37321089806358
OUT_05278,86.12358367046306
OUT_05279,69.51696946072502
OUT_05280,1126.475507229494
OUT_05281,345.14815508316013
OUT_05282,290.61807547855403
OUT_05283,414.83857256597344
OUT_05284,135.73812725651337
OUT_05285,135.2881579086496
OUT_05286,892.3695949702783
OUT_05287,851.447558668187
OUT_05288,102.56883753490706
OUT_05289,379.32554813882734
OUT_05290,293.5728102560749
OUT_05291,147.21412361622674
OUT_05292,793.2055110233376
OUT_05293,135.46188418248784
OUT_05294,140.96034678141413
OUT_05295,342.61740698997664
OUT_05296,104.86143897953556
OUT_05297,1117.1832820304408
OUT_05298,157.42295450792145
OUT_05299,811.3150474298124
OUT_05300,288.96239905862353
OUT_05301,331.8722981351488
OUT_05302,921.2940036277272
OUT_05303,122.48682331322587
OUT_05304,193.56056441918633
OUT_05305,379.0736415464791
OUT_05306,182.70823621023575
OUT_05307,205.54829365384703
OUT_05308,122.68763791348066
OUT_05309,105.2477124718501
OUT_05310,121.13239283333384
OUT_05311,341.0102058334634
OUT_05312,110.4559887262706
OUT_05313,141.1880099585327
OUT_05314,256.146291373364
OUT_05315,174.05670243614216
OUT_05316,311.61365844378076
OUT_05317,138.0032441018422
OUT_05318,946.2477426077209
OUT_05319,320.28560569544874
OUT_05320,302.4109509015016
OUT_05321,321.80886045195643
OUT_05322,97.12817513733367
OUT_05323,112.63198392882917
OUT_05324,315.6886416375957
OUT_05325,978.287014866826
OUT_05326,119.05047412147987
OUT_05327,147.36384526585906
OUT_05328,339.59107213628283
OUT_05329,780.4602191865805
OUT_05330,147.89070598513086
OUT_05331,193.56056441918633
OUT_05332,993.862377032301
OUT_05333,994.8645429689934
OUT_05334,178.22214388997727
OUT_05335,254.16741951269708
OUT_05336,253.0818088117133
OUT_05337,376.8498531435881
OUT_05338,146.8446648899809
OUT_05339,92.13319690579789
OUT_05340,978.2400005760704
OUT_05341,94.11900711050167
OUT_05342,210.45489968486834
OUT_05343,335.4794830341515
OUT_05344,281.6295357761907
OUT_05345,119.26995274863678
OUT_05346,105.29489892428501
OUT_05347,110.70048271291867
OUT_05348,153.5269912249562
OUT_05349,906.4498143083854
OUT_05350,304.27953751609374
OUT_05351,863.7771920567704
OUT_05352,235.82793851546103
OUT_05353,109.54315484121257
OUT_05354,336.079342547588
OUT_05355,1217.6089531931923
OUT_05356,135.20752399790004
OUT_05357,878.3207319897514
OUT_05358,864.2561927962079
OUT_05359,124.5797589427283
OUT_05360,270.7514679367673
OUT_05361,60.861845162244414
OUT_05362,261.8990016037324
OUT_05363,135.0911048555776
OUT_05364,123.89699363980483
OUT_05365,107.82001511298161
OUT_05366,1253.6956220947266
OUT_05367,345.79397570311323
OUT_05368,108.5246799737061
OUT_05369,365.3087261019536
OUT_05370,129.31820267311863
OUT_05371,111.22204946798816
OUT_05372,310.713230774274
OUT_05373,352.6419720379341
OUT_05374,144.71190847880948
OUT_05375,954.955315609347
OUT_05376,161.90202533949144
OUT_05377,870.1836339062567
OUT_05378,133.40965690315167
OUT_05379,346.7871770058083
OUT_05380,97.61960056306413
OUT_05381,107.54204515816424
OUT_05382,154.91704840955865
OUT_05383,148.95307341957636
OUT_05384,937.5894814232224
OUT_05385,332.7790264950395
OUT_05386,144.20858531487085
OUT_05387,1111.2876072575443
OUT_05388,193.56056441918633
OUT_05389,88.20133848317442
OUT_05390,160.58088952737444
OUT_05391,112.26142098003052
OUT_05392,290.7327474916946
OUT_05393,333.7438611645548
OUT_05394,101.58019146219716
OUT_05395,142.41993119326148
OUT_05396,390.24480838043854
OUT_05397,112.21693446713432
OUT_05398,135.82605329956095
OUT_05399,104.98417284085625
OUT_05400,148.16253072388537
OUT_05401,384.33783051557623
OUT_05402,309.00136400172977
OUT_05403,898.9389161710499
OUT_05404,342.5722321466288
OUT_05405,259.07022943017563
OUT_05406,359.67165890404874
OUT_05407,853.0478721004254
OUT_05408,180.00811391872264
OUT_05409,316.971148863194
OUT_05410,913.5790122440186
OUT_05411,108.33025935766457
OUT_05412,904.0891921210532
OUT_05413,145.17570495718832
OUT_05414,100.73510480610744
OUT_05415,341.13221545272347
OUT_05416,360.8677485778819
OUT_05417,147.5748689043147
OUT_05418,902.3573324846672
OUT_05419,236.54750786759547
OUT_05420,125.2981016872068
OUT_05421,151.27051054271234
OUT_05422,144.09424565534712
OUT_05423,136.83194334536475
OUT_05424,374.27276748177775
OUT_05425,183.8456961738021
OUT_05426,1236.0472809115158
OUT_05427,958.4861293611154
OUT_05428,972.9541171806582
OUT_05429,98.40307915018114
OUT_05430,1204.4919174812112
OUT_05431,291.1781370722168
OUT_05432,131.87772037759797
OUT_05433,111.19139853928704
OUT_05434,184.4624731593105
OUT_05435,343.7208558793634
OUT_05436,167.3135460427683
OUT_05437,148.38001856893564
OUT_05438,123.04152256422957
OUT_05439,314.0377119894847
OUT_05440,138.38369970481943
OUT_05441,107.40610451436484
OUT_05442,877.9159222058263
OUT_05443,325.2780441345891
OUT_05444,127.89476331359295
OUT_05445,282.02552740560327
OUT_05446,128.9038614208139
OUT_05447,336.0386247597615
OUT_05448,918.9883634402348
OUT_05449,134.83999303818155
OUT_05450,348.02683127760315
OUT_05451,384.78820817846736
OUT_05452,959.8451434116382
OUT_05453,1120.0196457975003
OUT_05454,303.7969750090578
OUT_05455,222.79456362138507
OUT_05456,375.231199617977
OUT_05457,140.55907014841642
OUT_05458,322.9276845282111
OUT_05459,948.425613588866
OUT_05460,155.71879342796618
OUT_05461,370.84891362780496
OUT_05462,272.4767379506468
OUT_05463,193.56056441918633
OUT_05464,121.0257782838191
OUT_05465,1174.953683456832
OUT_05466,339.1885954245985
OUT_05467,110.2453261562436
OUT_05468,164.4502342769134
OUT_05469,108.7182295754082
OUT_05470,1136.3816615268756
OUT_05471,98.98119443510538
OUT_05472,134.89941423813136
OUT_05473,339.3628164200309
OUT_05474,128.5963215305903
OUT_05475,109.39054455413532
OUT_05476,193.56056441918633
OUT_05477,93.71673881196614
OUT_05478,922.2202293087282
OUT_05479,128.63067281545494
OUT_05480,104.48015478055808
OUT_05481,134.39507869058033
OUT_05482,970.1654239990896
OUT_05483,829.1210650143229
OUT_05484,93.22568694712987
OUT_05485,1236.0315090543306
OUT_05486,950.3238762645124
OUT_05487,288.39339122949326
OUT_05488,293.9257091200815
OUT_05489,153.30392136734287
OUT_05490,893.9890650170232
OUT_05491,95.35954512481008
OUT_05492,302.76509528824647
OUT_05493,1015.6357238955376
OUT_05494,412.3950885274088
OUT_05495,928.4038358822112
OUT_05496,110.04137156987684
OUT_05497,836.4979009361695
OUT_05498,140.44444073055703
OUT_05499,112.01468841225638
OUT_05500,325.16245843049506
OUT_05501,935.479396177256
OUT_05502,84.70820356486891
OUT_05503,113.3851745853058
OUT_05504,286.82635106381565
OUT_05505,372.8201193104901
OUT_05506,295.1616639138149
OUT_05507,193.56056441918633
OUT_05508,950.7027899285796
OUT_05509,364.02975969153175
OUT_05510,132.76446938645117
OUT_05511,958.3675396991962
OUT_05512,355.5047645741074
OUT_05513,133.34572240909273
OUT_05514,885.4284543913731
OUT_05515,100.30158537205357
OUT_05516,280.1381368420781
OUT_05517,169.6116501437074
OUT_05518,126.90484516628814
OUT_05519,136.594214173744
OUT_05520,126.81553051510093
OUT_05521,135.18973026127998
OUT_05522,341.77369051836536
OUT_05523,858.3958983223276
OUT_05524,151.62020236886855
OUT_05525,324.6293669332507
OUT_05526,118.67501441126738
OUT_05527,105.85915564717176
OUT_05528,161.3503986530172
OUT_05529,177.10639276427904
OUT_05530,403.3971989938601
OUT_05531,118.19575329409369
OUT_05532,277.3936628927419
OUT_05533,134.45232320002347
OUT_05534,112.74477968019492
OUT_05535,319.0594258311363
OUT_05536,317.16423346132325
OUT_05537,780.1101246639313
OUT_05538,366.02643921163656
OUT_05539,109.91578088365021
OUT_05540,975.504509300095
OUT_05541,196.75288220598765
OUT_05542,788.5451265612064
OUT_05543,846.7315835252016
OUT_05544,144.57493959497197
OUT_05545,384.1723169685113
OUT_05546,125.92999172851503
OUT_05547,130.11685162997918
OUT_05548,139.39198332030662
OUT_05549,122.08501082984586
OUT_05550,93.3695949122656
OUT_05551,860.9833016111128
OUT_05552,942.9626812601948
OUT_05553,355.2468867451049
OUT_05554,143.18727603293212
OUT_05555,862.4076693226876
OUT_05556,124.41019128662575
OUT_05557,122.32071147436392
OUT_05558,142.55579975330585
OUT_05559,111.11348822902342
OUT_05560,342.3767886829054
OUT_05561,197.74044799441995
OUT_05562,412.0804606149304
OUT_05563,302.5250726435505
OUT_05564,1218.9067956072238
OUT_05565,909.5621752343834
OUT_05566,81.87000370205097
OUT_05567,134.78795640430133
OUT_05568,352.14839751362126
OUT_05569,897.7904500405123
OUT_05570,90.20135170755256
OUT_05571,944.2795834398046
OUT_05572,98.51201866178562
OUT_05573,347.72394892749674
OUT_05574,128.6604404601106
OUT_05575,998.7576818429516
OUT_05576,844.8477473956509
OUT_05577,862.510503097076
OUT_05578,1265.50756503968
OUT_05579,818.9305484876825
OUT_05580,333.5426374334625
OUT_05581,110.37016438411344
OUT_05582,152.518864355208
OUT_05583,128.3979686720768
OUT_05584,295.29162869373226
OUT_05585,381.44598018848785
OUT_05586,366.72326349415994
OUT_05587,265.20060720516994
OUT_05588,266.9812514125232
OUT_05589,115.54892434643693
OUT_05590,236.621688210624
OUT_05591,281.6281301586708
OUT_05592,1197.776905604483
OUT_05593,985.0202829816004
OUT_05594,370.8782113558288
OUT_05595,161.37632096755073
OUT_05596,145.8464343260502
OUT_05597,1195.847540868933
OUT_05598,365.57896137728306
OUT_05599,83.68954394390177
OUT_05600,137.39113819642492
OUT_05601,151.24936297400967
OUT_05602,106.87610490956756
OUT_05603,178.54365441616392
OUT_05604,982.7608514753184
OUT_05605,156.45996963438088
OUT_05606,1102.7089955574793
OUT_05607,299.9233427417158
OUT_05608,300.3540610088244
OUT_05609,414.25531382710994
OUT_05610,161.04392459002668
OUT_05611,96.19131264184387
OUT_05612,105.56500059122139
OUT_05613,948.3668460625406
OUT_05614,136.03496503315858
OUT_05615,422.79548663558967
OUT_05616,245.30862493207928
OUT_05617,136.65814935741702
OUT_05618,282.5754259750965
OUT_05619,884.6603307234237
OUT_05620,973.706244678007
OUT_05621,937.155930355424
OUT_05622,145.0653805815487
OUT_05623,176.41033159416233
OUT_05624,148.26817921627338
OUT_05625,178.4369399058085
OUT_05626,972.3071688726584
OUT_05627,101.24047514983071
OUT_05628,171.9031885255476
OUT_05629,106.46700851333749
OUT_05630,328.44107243703803
OUT_05631,194.33650032913894
OUT_05632,252.53143293923247
OUT_05633,386.3504176933916
OUT_05634,92.80479286928504
OUT_05635,147.68001575960525
OUT_05636,71.07712156629216
OUT_05637,140.48789214827198
OUT_05638,368.2425777527509
OUT_05639,1000.611953149456
OUT_05640,1139.092576700475
OUT_05641,130.96388733335442
OUT_05642,111.59304156505021
OUT_05643,120.51367217477664
OUT_05644,263.77483580235537
OUT_05645,327.22702411985745
OUT_05646,139.29918907757985
OUT_05647,331.67442929236216
OUT_05648,117.05636204436304
OUT_05649,104.89419047610617
OUT_05650,171.5639333803818
OUT_05651,270.1308395062
OUT_05652,366.00779421115766
OUT_05653,132.43108190374357
OUT_05654,146.99789301616875
OUT_05655,873.0646805662496
OUT_05656,384.4970794356958
OUT_05657,921.9597794709936
OUT_05658,932.6661460720338
OUT_05659,106.06819740323724
OUT_05660,92.92109979309257
OUT_05661,295.24752865119643
OUT_05662,115.11560763240409
OUT_05663,130.04015666775237
OUT_05664,857.2634810653794
OUT_05665,154.05095153725958
OUT_05666,131.99930692228102
OUT_05667,363.5191863989208
OUT_05668,152.99562448340478
OUT_05669,122.95769456110567
OUT_05670,366.2984497160167
OUT_05671,400.18623242060545
OUT_05672,126.15330283067622
OUT_05673,139.6077226106023
OUT_05674,164.90800520884704
OUT_05675,146.3343222899242
OUT_05676,286.51682870088723
OUT_05677,281.0137038508646
OUT_05678,96.012693059025
OUT_05679,354.71750752926846
OUT_05680,78.40434401888828
OUT_05681,116.29895655701776
OUT_05682,866.7835423182698
OUT_05683,76.23880723040288
OUT_05684,289.2859835877191
OUT_05685,328.70603048938085
OUT_05686,123.78778185038183
OUT_05687,102.59509968368147
OUT_05688,313.0949321128776
OUT_05689,293.24274881022995
OUT_05690,275.3648570010928
OUT_05691,892.5777455832315
OUT_05692,950.9257902509192
OUT_05693,299.2910878890234
OUT_05694,1158.499682894152
OUT_05695,136.97860699342874
OUT_05696,153.30867404397674
OUT_05697,193.56056441918633
OUT_05698,302.6104787000073
OUT_05699,1112.893524669268
OUT_05700,172.28738681785433
OUT_05701,110.71832912573565
OUT_05702,169.2126120479987
OUT_05703,898.9604521261167
OUT_05704,133.09049967338552
OUT_05705,193.56056441918633
OUT_05706,114.69543432416756
OUT_05707,128.80489100432925
OUT_05708,162.055838742437
OUT_05709,314.7429943527736
OUT_05710,115.72306397185348
OUT_05711,879.4691872507885
OUT_05712,134.99387026661475
OUT_05713,86.37563944127886
OUT_05714,386.93491299237917
OUT_05715,96.75734843858253
OUT_05716,1020.9787406070236
OUT_05717,135.89625296745402
OUT_05718,902.9163385483408
OUT_05719,344.33427214534896
OUT_05720,103.71257915557769
OUT_05721,99.24102751786157
OUT_05722,346.31931595481404
OUT_05723,96.87944560378818
OUT_05724,133.14838300606823
OUT_05725,119.5820298451162
OUT_05726,290.22007744885576
OUT_05727,1171.0603796054058
OUT_05728,179.82166992289197
OUT_05729,158.50691875640186
OUT_05730,103.61912736832792
OUT_05731,142.46986142572058
OUT_05732,926.8436052830642
OUT_05733,958.757774722834
OUT_05734,113.99693540632256
OUT_05735,159.1944594284825
OUT_05736,258.41940685838017
OUT_05737,115.87066273353918
OUT_05738,107.36261713516171
OUT_05739,377.53624402077423
OUT_05740,405.9028574857879
OUT_05741,143.48167051793095
OUT_05742,322.94929317194925
OUT_05743,1197.2948568515446
OUT_05744,325.9721929986
OUT_05745,87.70918387653774
OUT_05746,115.12938882889188
OUT_05747,161.94955254006797
OUT_05748,103.10644400912248
OUT_05749,281.7276691836115
OUT_05750,305.4692272275914
OUT_05751,129.26010691328824
OUT_05752,336.388546622667
OUT_05753,144.9003170498742
OUT_05754,262.04471020957163
OUT_05755,118.78993170276685
OUT_05756,345.0496123666451
OUT_05757,1170.5803242295544
OUT_05758,294.0141072682146
OUT_05759,162.6576710528586
OUT_05760,129.97732323997997
OUT_05761,314.7247905046527
OUT_05762,315.6434833014026
OUT_05763,84.0575876111487
OUT_05764,302.2415443824033
OUT_05765,242.70072539289708
OUT_05766,122.27293187493225
OUT_05767,121.57589686603752
OUT_05768,130.0773686056219
OUT_05769,299.23113838493305
OUT_05770,339.0930457663625
OUT_05771,140.8827782570623
OUT_05772,282.2999244068224
OUT_05773,326.52840126202136
OUT_05774,303.0406845399534
OUT_05775,145.07731533458326
OUT_05776,1207.851476115192
OUT_05777,887.2866111494236
OUT_05778,289.60885617725063
OUT_05779,177.96133341849676
OUT_05780,133.36370709639493
OUT_05781,165.02541212251785
OUT_05782,348.7158116015473
OUT_05783,267.7218594380688
OUT_05784,83.91802649420102
OUT_05785,135.83363496788752
OUT_05786,964.5425200216137
OUT_05787,113.61406414529476
OUT_05788,99.23397800542773
OUT_05789,113.49333369670063
OUT_05790,303.59291284358324
OUT_05791,128.07185573315175
OUT_05792,319.07996883206647
OUT_05793,136.31197404021643
OUT_05794,110.5397978193654
OUT_05795,98.07839925521226
OUT_05796,100.75450080031372
OUT_05797,308.1535037933389
OUT_05798,355.3997641136271
OUT_05799,139.18791703254828
OUT_05800,292.2743542709593
OUT_05801,258.57091405662135
OUT_05802,233.6525385116896
OUT_05803,903.682623966208
OUT_05804,982.08557984583
OUT_05805,173.74955923320198
OUT_05806,333.24416504112014
OUT_05807,128.93174199224325
OUT_05808,118.83967492573323
OUT_05809,345.63225441659824
OUT_05810,116.53711558068039
OUT_05811,289.9030106662583
OUT_05812,114.95605471164497
OUT_05813,850.5640705013202
OUT_05814,921.5802814975584
OUT_05815,317.2938344503356
OUT_05816,408.5535839422631
OUT_05817,150.62345082076956
OUT_05818,325.5101121768131
OUT_05819,136.9771143452371
OUT_05820,120.55183023481271
OUT_05821,105.99397239684659
OUT_05822,254.5023676519736
OUT_05823,149.8452693929547
OUT_05824,1498.585157610668
OUT_05825,1227.2317718692807
OUT_05826,171.66965641893978
OUT_05827,119.74025853766749
OUT_05828,147.62451310017246
OUT_05829,344.629817743292
OUT_05830,333.8507698015349
OUT_05831,329.8223381059679
OUT_05832,133.36884850820033
OUT_05833,124.73826644666183
OUT_05834,238.1424622692242
OUT_05835,126.71052812718537
OUT_05836,277.82472899519917
OUT_05837,309.5023558688908
OUT_05838,1110.2197980035219
OUT_05839,103.72321522413452
OUT_05840,110.04145953540626
OUT_05841,159.81978404638073
OUT_05842,92.6520426514636
OUT_05843,983.2491445051892
OUT_05844,135.78853235846628
OUT_05845,361.3614821134589
OUT_05846,934.6477941106388
OUT_05847,870.010531332159
OUT_05848,164.36980436012124
OUT_05849,900.2122447416532
OUT_05850,325.1832225095979
OUT_05851,193.56056441918633
OUT_05852,957.1542379641244
OUT_05853,169.41695259034037
OUT_05854,971.175704913462
OUT_05855,299.8898233126494
OUT_05856,374.29711070129906
OUT_05857,129.22811264287526
OUT_05858,142.52170505235244
OUT_05859,120.37719631636509
OUT_05860,161.02512741177108
OUT_05861,151.92574512620675
OUT_05862,95.01881766451142
OUT_05863,81.13510463240755
OUT_05864,107.24880499807516
OUT_05865,100.75006352389012
OUT_05866,117.13372645145652
OUT_05867,368.54028387708826
OUT_05868,348.1925894145544
OUT_05869,174.54734463586308
OUT_05870,950.4470636469144
OUT_05871,344.8629698944409
OUT_05872,135.46925534319305
OUT_05873,290.06213516431563
OUT_05874,176.15128594418772
OUT_05875,301.201862626344
OUT_05876,97.6185531462466
OUT_05877,302.77073630721725
OUT_05878,109.32574126670582
OUT_05879,964.396141312308
OUT_05880,147.6566259211077
OUT_05881,158.3724612935857
OUT_05882,333.91655453127385
OUT_05883,263.3612912309825
OUT_05884,352.04608109269
OUT_05885,328.6121084418945
OUT_05886,311.94177584350575
OUT_05887,307.73811909107
OUT_05888,149.8058338178502
OUT_05889,268.2988667436666
OUT_05890,936.2128536789075
OUT_05891,98.89710081557776
OUT_05892,947.5666649595748
OUT_05893,344.0796264721929
OUT_05894,821.332650409236
OUT_05895,158.15532611490912
OUT_05896,153.20530031089393
OUT_05897,109.25883204512624
OUT_05898,135.5083644245771
OUT_05899,977.9008183022444
OUT_05900,371.91494392941354
OUT_05901,153.29280932440415
OUT_05902,326.8137635996261
OUT_05903,1107.761489626253
OUT_05904,125.26418114662492
OUT_05905,132.8240482360318
OUT_05906,183.74850221166443
OUT_05907,361.99562071932814
OUT_05908,129.77390969911465
OUT_05909,897.4948459529884
OUT_05910,124.0418984221468
OUT_05911,186.47747444762834
OUT_05912,131.6058723955047
OUT_05913,134.00889519542054
OUT_05914,124.67655819518207
OUT_05915,287.4641977478764
OUT_05916,365.14619814883804
OUT_05917,128.88721255752026
OUT_05918,306.18313470939626
OUT_05919,126.19515245803808
OUT_05920,102.81168354338595
OUT_05921,124.82462440160623
OUT_05922,259.9100648623196
OUT_05923,108.7044112149163
OUT_05924,281.5852192799548
OUT_05925,289.5792863785934
OUT_05926,135.01156324797915
OUT_05927,1116.2550486558653
OUT_05928,141.1433643827513
OUT_05929,282.3647831345358
OUT_05930,118.6926515665438
OUT_05931,101.89033274666222
OUT_05932,391.58852987236725
OUT_05933,345.6671248999666
OUT_05934,107.46511671403385
OUT_05935,103.0251396195135
OUT_05936,1205.0454324120672
OUT_05937,971.0892516643822
OUT_05938,1202.0272423761187
OUT_05939,365.53267523652835
OUT_05940,1236.3212133805478
OUT_05941,205.945345891043
OUT_05942,99.288080174445
OUT_05943,966.73164938673
OUT_05944,161.48368748459924
OUT_05945,154.91324714565678
OUT_05946,138.53534567013233
OUT_05947,1182.9465383543786
OUT_05948,1248.847785533051
OUT_05949,518.7097530760799
OUT_05950,106.62596249938917
OUT_05951,129.9575184953041
OUT_05952,138.00028429341197
OUT_05953,92.93467257437126
OUT_05954,189.1856801117787
OUT_05955,115.91578391229125
OUT_05956,968.996150524908
OUT_05957,193.56056441918633
OUT_05958,306.82219026380403
OUT_05959,118.83175000121842
OUT_05960,918.4290776607668
OUT_05961,118.18730095377839
OUT_05962,257.8476236094442
OUT_05963,126.83751045292576
OUT_05964,95.083174685662
OUT_05965,370.8777321159148
OUT_05966,286.15170147494973
OUT_05967,129.35588994590387
OUT_05968,189.89812182252015
OUT_05969,264.5015571588231
OUT_05970,375.3616900928559
OUT_05971,356.14999206248245
OUT_05972,102.66585902574172
OUT_05973,323.34842777358347
OUT_05974,126.43135407697379
OUT_05975,361.6413550496435
OUT_05976,133.28866913635918
OUT_05977,149.05519864169034
OUT_05978,356.7880660212843
OUT_05979,382.05689767169633
OUT_05980,188.092717148663
OUT_05981,1129.9532132689747
OUT_05982,372.78873130413103
OUT_05983,135.30722596646788
OUT_05984,893.4998898836207
OUT_05985,111.10341755825648
OUT_05986,170.81466745806105
OUT_05987,140.90815430308794
OUT_05988,278.9079363318363
OUT_05989,130.61923525326696
OUT_05990,229.46316499098603
OUT_05991,138.5569881417114
OUT_05992,844.64345354732
OUT_05993,161.1207916255418
OUT_05994,183.49686604661295
OUT_05995,138.92289981936295
OUT_05996,193.56056441918633
OUT_05997,123.40968116365549
OUT_05998,274.6736814749295
OUT_05999,107.32714764093319
OUT_06000,119.09097818345015
OUT_06001,100.65893287737616
OUT_06002,307.1773418413213
OUT_06003,181.4295753501686
OUT_06004,136.06575054949494
OUT_06005,332.1712911435088
OUT_06006,363.03339576319615
OUT_06007,193.56056441918633
OUT_06008,270.7788460389566
OUT_06009,329.9899303043598
OUT_06010,148.57697449071313
OUT_06011,131.8629123523292
OUT_06012,732.5100351698284
OUT_06013,851.8955503821855
OUT_06014,353.1316257297258
OUT_06015,178.04746503818987
OUT_06016,980.878633737854
OUT_06017,133.302014830989
OUT_06018,123.55452974088617
OUT_06019,122.7127050853076
OUT_06020,364.91203449359534
OUT_06021,136.90342855785664
OUT_06022,172.35521423387945
OUT_06023,1164.5294335820438
OUT_06024,192.04811471008722
OUT_06025,274.38024984747216
OUT_06026,967.1190607619887
OUT_06027,344.5512993108207
OUT_06028,178.64153300520064
OUT_06029,145.95994208595675
OUT_06030,1114.0277965098355
OUT_06031,81.0096090756989
OUT_06032,861.8954554649199
OUT_06033,1176.8648578106506
OUT_06034,260.5729009003413
OUT_06035,89.81531409572449
OUT_06036,96.0883656235391
OUT_06037,327.5611132039037
OUT_06038,342.1558125476771
OUT_06039,235.75636179553027
OUT_06040,264.3832386929765
OUT_06041,949.0457890781272
OUT_06042,383.6111913116264
OUT_06043,160.9213902194308
OUT_06044,1128.7560948725982
OUT_06045,111.16813434742636
OUT_06046,78.37271620627283
OUT_06047,969.269484535227
OUT_06048,131.6924745545379
OUT_06049,976.8739912001668
OUT_06050,908.420090645916
OUT_06051,97.67748400062518
OUT_06052,329.1692634753068
OUT_06053,360.6823179988912
OUT_06054,148.5690910792209
OUT_06055,413.78115098244314
OUT_06056,116.71962428656208
OUT_06057,393.68243164597413
OUT_06058,212.6276661087949
OUT_06059,370.09498561423993
OUT_06060,109.35443759101376
OUT_06061,285.3180757760718
OUT_06062,911.1676856958808
OUT_06063,323.1803406179148
OUT_06064,406.9312663123246
OUT_06065,292.4844957973354
OUT_06066,119.34347262482656
OUT_06067,150.95146298492108
OUT_06068,146.67782154179355
OUT_06069,192.35049381730707
OUT_06070,110.78769424663942
OUT_06071,142.6265387060841
OUT_06072,930.9097341969382
OUT_06073,141.28051377682885
OUT_06074,122.43870659435723
OUT_06075,379.3372246102397
OUT_06076,188.66661007988372
OUT_06077,170.18331380466853
OUT_06078,146.22311473315452
OUT_06079,211.00627700599043
OUT_06080,146.59098021394678
OUT_06081,1204.826245198445
OUT_06082,878.6574581656089
OUT_06083,1220.9689869360634
OUT_06084,133.96361914712136
OUT_06085,130.4692778022211
OUT_06086,981.3846009322614
OUT_06087,366.8291587961963
OUT_06088,890.6465115016058
OUT_06089,158.97352531985416
OUT_06090,309.333298651683
OUT_06091,131.92614794359307
OUT_06092,104.76806534240517
OUT_06093,1398.2956597479629
OUT_06094,307.1844803655908
OUT_06095,136.72449687571586
OUT_06096,936.6812150258714
OUT_06097,836.2374040157425
OUT_06098,115.00936698810396
OUT_06099,155.05883953439172
OUT_06100,823.2132679747307
OUT_06101,339.25854968128067
OUT_06102,370.8926945021398
OUT_06103,960.882054286556
OUT_06104,328.63536826072806
OUT_06105,159.58827567176027
OUT_06106,257.2347648875571
OUT_06107,912.544800357106
OUT_06108,173.39493636660393
OUT_06109,882.8676907561467
OUT_06110,112.21615427311669
OUT_06111,144.29590955678384
OUT_06112,358.8034768772917
OUT_06113,132.87996521394697
OUT_06114,270.95169359163737
OUT_06115,311.86668127086455
OUT_06116,162.40089085824167
OUT_06117,102.66268280708424
OUT_06118,156.95479256018737
OUT_06119,1095.8493216121788
OUT_06120,172.54376794053226
OUT_06121,112.55620940051276
OUT_06122,122.33304463147773
OUT_06123,292.66486654874666
OUT_06124,338.2180532641884
OUT_06125,168.89658277318534
OUT_06126,128.60055744195844
OUT_06127,313.8416686887473
OUT_06128,350.66762014275645
OUT_06129,157.94089767974805
OUT_06130,296.0984915874796
OUT_06131,193.56056441918633
OUT_06132,175.94219823459443
OUT_06133,93.89713150013421
OUT_06134,250.09186069803
OUT_06135,818.740864598501
OUT_06136,856.119717681161
OUT_06137,281.3894068328062
OUT_06138,192.71039723847196
OUT_06139,114.75531076285687
OUT_06140,133.2674397643401
OUT_06141,137.71600160103546
OUT_06142,808.8838356054187
OUT_06143,127.3872036939494
OUT_06144,392.4891933749648
OUT_06145,336.92839072204185
OUT_06146,137.54356800554345
OUT_06147,276.0705389121043
OUT_06148,345.1558960990349
OUT_06149,264.98132000257516
OUT_06150,309.8057556868019
OUT_06151,1197.2159419925113
OUT_06152,125.82105590954717
OUT_06153,98.82688186207739
OUT_06154,167.12704858394278
OUT_06155,941.9461871357008
OUT_06156,142.27127184508296
OUT_06157,949.7527903710752
OUT_06158,392.7332880274376
OUT_06159,1108.5295568510762
OUT_06160,331.13526853693975
OUT_06161,305.55763039757244
OUT_06162,383.05875993143366
OUT_06163,160.9018385104005
OUT_06164,149.28148185704038
OUT_06165,433.3880710848997
OUT_06166,122.68036738313195
OUT_06167,322.9974744727474
OUT_06168,945.0152012788564
OUT_06169,78.6751414370608
OUT_06170,900.4040778581644
OUT_06171,129.94874466419887
OUT_06172,1127.6046041655193
OUT_06173,114.23670436005308
OUT_06174,356.8143224044575
OUT_06175,159.34721856212258
OUT_06176,318.13726124581086
OUT_06177,107.76408816878664
OUT_06178,138.22651990181035
OUT_06179,127.99029807330218
OUT_06180,106.34622560625438
OUT_06181,349.05280113818964
OUT_06182,1003.0883251131058
OUT_06183,127.88351900724356
OUT_06184,90.48217761458187
OUT_06185,317.7747552480654
OUT_06186,897.2264322390176
OUT_06187,125.72431628996615
OUT_06188,148.37109114933665
OUT_06189,1180.008701096218
OUT_06190,111.20878946174808
OUT_06191,109.42078854312051
OUT_06192,363.0258054655447
OUT_06193,308.10669659882615
OUT_06194,135.22115356722122
OUT_06195,92.8956836303848
OUT_06196,111.22657401110266
OUT_06197,386.8051621503213
OUT_06198,116.76223358115963
OUT_06199,106.68081183937525
OUT_06200,318.677159227753
OUT_06201,144.58635115070481
OUT_06202,170.53313497885372
OUT_06203,906.3635198682856
OUT_06204,103.24495727170172
OUT_06205,1205.772340891061
OUT_06206,304.45980920181745
OUT_06207,117.23750045693808
OUT_06208,99.38528382540008
OUT_06209,277.7968372025358
OUT_06210,1170.4945335522154
OUT_06211,123.70708847941106
OUT_06212,306.82423407303963
OUT_06213,124.74568257856716
OUT_06214,327.0663589035778
OUT_06215,1344.336025384167
OUT_06216,117.98859021957708
OUT_06217,376.6189621104238
OUT_06218,382.896715822783
OUT_06219,109.63364067870785
OUT_06220,135.7104039746765
OUT_06221,87.3206095278083
OUT_06222,136.5319621375039
OUT_06223,147.94688147897267
OUT_06224,401.206155865127
OUT_06225,116.39709148198486
OUT_06226,131.81907516667607
OUT_06227,311.3426260172089
OUT_06228,977.043575463251
OUT_06229,364.6396888816197
OUT_06230,119.74235511765067
OUT_06231,114.79994658679
OUT_06232,913.2584763211228
OUT_06233,324.10100477478625
OUT_06234,158.3774132083126
OUT_06235,121.04781223564162
OUT_06236,281.3322644796827
OUT_06237,322.0925491019681
OUT_06238,344.4625715089413
OUT_06239,96.01787273808519
OUT_06240,116.09231780598455
OUT_06241,106.94191064673106
OUT_06242,830.3228682787698
OUT_06243,125.49417151477813
OUT_06244,349.6868618660471
OUT_06245,107.62437585021277
OUT_06246,950.9728192062024
OUT_06247,100.11186344030166
OUT_06248,129.79636098447352
OUT_06249,129.0374555050034
OUT_06250,341.34233009610085
OUT_06251,281.7034318970261
OUT_06252,893.8744933513794
OUT_06253,100.17275854576677
OUT_06254,131.62520640363635
OUT_06255,916.5757108812888
OUT_06256,138.5514032976048
OUT_06257,974.7196934897828
OUT_06258,106.19175538397946
OUT_06259,315.69310870552425
OUT_06260,136.5727963488705
OUT_06261,240.6710415996696
OUT_06262,963.416034190468
OUT_06263,162.37965092740782
OUT_06264,1160.885708904911
OUT_06265,84.21817732361907
OUT_06266,278.33748016801064
OUT_06267,125.04354058148392
OUT_06268,139.08097147041278
OUT_06269,116.34039028351737
OUT_06270,124.38221117456642
OUT_06271,989.1738705039226
OUT_06272,308.671093815622
OUT_06273,133.2680919941079
OUT_06274,120.58819200284874
OUT_06275,298.96235445373384
OUT_06276,338.4430726612509
OUT_06277,381.2133800184564
OUT_06278,1182.0560145085344
OUT_06279,913.51050849336
OUT_06280,353.5352893339791
OUT_06281,345.8968906035529
OUT_06282,112.38121003968322
OUT_06283,144.0926894971135
OUT_06284,782.3410867852674
OUT_06285,158.01631376375218
OUT_06286,99.9650255261451
OUT_06287,144.16660428430728
OUT_06288,207.44120262346647
OUT_06289,788.3029688554204
OUT_06290,132.20085631325105
OUT_06291,193.56056441918633
OUT_06292,104.31825741779538
OUT_06293,287.6263301242922
OUT_06294,118.24989603134983
OUT_06295,156.145397222983
OUT_06296,279.38306985538463
OUT_06297,133.72405255246522
OUT_06298,95.71437916183642
OUT_06299,387.29905046926297
OUT_06300,260.6991080412454
OUT_06301,235.05732419384807
OUT_06302,129.27809036932348
OUT_06303,133.81641186738221
OUT_06304,1211.0473039425142
OUT_06305,148.06882427220316
OUT_06306,82.35460663775332
OUT_06307,156.04301234454232
OUT_06308,366.1813161304165
OUT_06309,138.0028545500563
OUT_06310,155.93691893554774
OUT_06311,299.1020127285255
OUT_06312,178.14095041015918
OUT_06313,87.19340094669177
OUT_06314,106.66255693707387
OUT_06315,952.5340013658904
OUT_06316,321.0244365235903
OUT_06317,104.76887613699364
OUT_06318,109.79179602224275
OUT_06319,311.52266020549115
OUT_06320,235.8017510810104
OUT_06321,1205.1561427713764
OUT_06322,151.78971869508445
OUT_06323,865.8855637454183
OUT_06324,150.98091162030565
OUT_06325,131.2052981260801
OUT_06326,361.70850208632254
OUT_06327,960.4107443597076
OUT_06328,235.07492897914665
OUT_06329,122.68389047067842
OUT_06330,89.43419728291502
OUT_06331,245.59992705384647
OUT_06332,923.4840706954162
OUT_06333,126.41307432651448
OUT_06334,88.5302351410104
OUT_06335,106.96904463515988
OUT_06336,821.7963220438869
OUT_06337,145.16242813056527
OUT_06338,131.44112748238942
OUT_06339,281.2740023219459
OUT_06340,990.2487195538796
OUT_06341,218.15700433389046
OUT_06342,295.8611915764844
OUT_06343,153.73828998836706
OUT_06344,104.28991308264813
OUT_06345,120.44140029041048
OUT_06346,128.30919300218858
OUT_06347,314.22674080212636
OUT_06348,321.4542959725319
OUT_06349,237.51739444170025
OUT_06350,308.25456398000784
OUT_06351,386.9475172476212
OUT_06352,336.39074043467826
OUT_06353,308.40108742472165
OUT_06354,193.56056441918633
OUT_06355,125.51325908298296
OUT_06356,1193.5706043601897
OUT_06357,128.73104537638142
OUT_06358,1122.954210038239
OUT_06359,298.4008556356647
OUT_06360,142.06827773759844
OUT_06361,830.9956180260883
OUT_06362,147.54750271996508
OUT_06363,115.08562764630118
OUT_06364,101.85258551429024
OUT_06365,373.1662075594357
OUT_06366,109.06460015555936
OUT_06367,922.1670600715928
OUT_06368,303.2162497995416
OUT_06369,331.58257942125226
OUT_06370,895.1247207494714
OUT_06371,140.42100529650347
OUT_06372,379.7607913749141
OUT_06373,1106.7593494980438
OUT_06374,131.66567041489648
OUT_06375,920.2929322846225
OUT_06376,321.7086181809664
OUT_06377,270.652005763255
OUT_06378,138.17654890531043
OUT_06379,313.5198397824266
OUT_06380,112.70564700748844
OUT_06381,1111.5051617549352
OUT_06382,294.9760390673104
OUT_06383,121.60140121063073
OUT_06384,170.88534518931374
OUT_06385,135.3386464672279
OUT_06386,876.6886963607566
OUT_06387,1211.8467099469008
OUT_06388,105.06882844268912
OUT_06389,120.3950326518132
OUT_06390,335.03440116101706
OUT_06391,119.01676366989754
OUT_06392,1232.4872674432022
OUT_06393,130.0388944942276
OUT_06394,162.9951079122505
OUT_06395,127.26242957292116
OUT_06396,135.4342224784251
OUT_06397,127.14293508898544
OUT_06398,131.79868098587139
OUT_06399,237.8044616203853
OUT_06400,365.79038811838444
OUT_06401,138.20968181643556
OUT_06402,893.1689157294735
OUT_06403,820.9901219353444
OUT_06404,976.196646573092
OUT_06405,394.86328116055745
OUT_06406,892.231668533326
OUT_06407,165.02657807997178
OUT_06408,114.67991785636453
OUT_06409,148.88252310373846
OUT_06410,1115.3740609935767
OUT_06411,78.65900841160695
OUT_06412,117.16179270728409
OUT_06413,347.28876978936665
OUT_06414,1163.155980141461
OUT_06415,293.7173890413997
OUT_06416,362.84351284745657
OUT_06417,1137.126265664332
OUT_06418,158.696277410971
OUT_06419,122.2352547172922
OUT_06420,1095.222302497367
OUT_06421,112.9796358888589
OUT_06422,148.79778911246905
OUT_06423,121.37052023059668
OUT_06424,280.47440248917815
OUT_06425,151.4632539478776
OUT_06426,157.94203914994588
OUT_06427,905.962289931496
OUT_06428,117.99017289627942
OUT_06429,118.74833502145982
OUT_06430,260.48584820602883
OUT_06431,323.4548172450571
OUT_06432,959.8749205929024
OUT_06433,358.2036665240364
OUT_06434,322.430954276592
OUT_06435,105.04052701536202
OUT_06436,987.2193482976088
OUT_06437,145.9744012856901
OUT_06438,193.58388813796665
OUT_06439,1197.3070016670415
OUT_06440,359.294435294459
OUT_06441,391.3080633553312
OUT_06442,231.97889474375535
OUT_06443,111.21879621312335
OUT_06444,150.96582212605912
OUT_06445,306.6619826228806
OUT_06446,125.28486355811381
OUT_06447,111.0178732195414
OUT_06448,124.95574676577985
OUT_06449,133.96082396967873
OUT_06450,126.43066196271421
OUT_06451,100.31126419872402
OUT_06452,109.45519197233412
OUT_06453,121.69220220980992
OUT_06454,332.41526463541715
OUT_06455,193.56056441918633
OUT_06456,127.01086591025823
OUT_06457,105.1230559227794
OUT_06458,131.0174781105531
OUT_06459,72.7641948512401
OUT_06460,321.80920757386707
OUT_06461,162.80199993115315
OUT_06462,966.8916486680232
OUT_06463,161.30063943641034
OUT_06464,156.23289679911724
OUT_06465,262.53746715059737
OUT_06466,869.1725947289322
OUT_06467,330.22394907227726
OUT_06468,115.56849611069666
OUT_06469,125.96269968619404
OUT_06470,113.08926220872539
OUT_06471,357.8945841993005
OUT_06472,959.6134682962236
OUT_06473,253.24878394993337
OUT_06474,155.86199114941215
OUT_06475,371.1529366549552
OUT_06476,368.40552650862355
OUT_06477,94.82338510236013
OUT_06478,101.86376554313543
OUT_06479,93.08792428407311
OUT_06480,388.0341200796835
OUT_06481,377.15718256848544
OUT_06482,112.80756641635159
OUT_06483,120.86848928062112
OUT_06484,136.2626294015966
OUT_06485,120.79646168641554
OUT_06486,112.73168015514936
OUT_06487,269.47294420971167
OUT_06488,155.61146718731672
OUT_06489,128.13075426017147
OUT_06490,948.5966329444994
OUT_06491,140.705546808028
OUT_06492,389.3967479151029
OUT_06493,378.0540544408592
OUT_06494,156.36321036803062
OUT_06495,97.41187229451523
OUT_06496,343.61075704474223
OUT_06497,158.35685906886457
OUT_06498,170.92580542222362
OUT_06499,1127.5862489813721
OUT_06500,129.309198654279
OUT_06501,689.1597965250236
OUT_06502,947.1594482598636
OUT_06503,96.34505609188749
OUT_06504,144.38284767524837
OUT_06505,100.07023954322676
OUT_06506,147.26848424988611
OUT_06507,837.8256762950349
OUT_06508,88.93786134423883
OUT_06509,279.2081226552874
OUT_06510,115.21149335435176
OUT_06511,134.73969461476437
OUT_06512,323.6205288777282
OUT_06513,98.55745411115669
OUT_06514,260.00743555915204
OUT_06515,369.1190856935814
OUT_06516,108.75462711275777
OUT_06517,192.60518780331705
OUT_06518,948.7393918842988
OUT_06519,388.0372588587133
OUT_06520,138.04130534474456
OUT_06521,99.83391530719275
OUT_06522,327.64107586817096
OUT_06523,384.23911879069897
OUT_06524,120.24830156422586
OUT_06525,131.64876762055002
OUT_06526,328.30274956137316
OUT_06527,111.20302074184958
OUT_06528,161.10346730219814
OUT_06529,912.2720111577692
OUT_06530,173.3786855955439
OUT_06531,301.2454590474646
OUT_06532,347.027605744653
OUT_06533,133.44738088065853
OUT_06534,283.17854264336194
OUT_06535,832.5448101136597
OUT_06536,367.10643716473817
OUT_06537,114.66863874563538
OUT_06538,934.5047542858404
OUT_06539,135.90370308151574
OUT_06540,933.4096981686506
OUT_06541,123.07663921455281
OUT_06542,143.26531277047357
OUT_06543,281.9825776079505
OUT_06544,163.3250132089858
OUT_06545,919.0891387545038
OUT_06546,108.8332397380412
OUT_06547,99.99339759080532
OUT_06548,156.74169966736847
OUT_06549,83.55055050299636
OUT_06550,318.4011986840722
OUT_06551,296.2469806487745
OUT_06552,310.5440905663024
OUT_06553,384.3216502056361
OUT_06554,122.78248628152612
OUT_06555,337.9729337747996
OUT_06556,1206.882245084022
OUT_06557,350.23063038958185
OUT_06558,335.73959653784004
OUT_06559,971.3725276469768
OUT_06560,98.88533433230403
OUT_06561,409.41290542513434
OUT_06562,137.0972203160088
OUT_06563,159.6131212362418
OUT_06564,101.8315726654633
OUT_06565,961.4656131982427
OUT_06566,115.44875038449503
OUT_06567,123.25342413358425
OUT_06568,295.5285835419712
OUT_06569,160.94780313453495
OUT_06570,108.20303884589282
OUT_06571,242.37211711383213
OUT_06572,192.4304908550058
OUT_06573,133.45127573120126
OUT_06574,897.8616802367513
OUT_06575,317.8098751630283
OUT_06576,132.5709282045305
OUT_06577,123.84888533410967
OUT_06578,191.86454265399124
OUT_06579,931.7866996310652
OUT_06580,123.1370261579615
OUT_06581,118.50970487051775
OUT_06582,128.91445409349967
OUT_06583,130.26810788490243
OUT_06584,97.99918899666046
OUT_06585,96.82866094382506
OUT_06586,254.32889294562705
OUT_06587,813.2974126246193
OUT_06588,173.98664472258145
OUT_06589,1243.7858297942105
OUT_06590,910.5670501023892
OUT_06591,193.56056441918633
OUT_06592,193.56056441918633
OUT_06593,284.5942575204668
OUT_06594,122.18326030844432
OUT_06595,157.7417563833269
OUT_06596,273.0340534977614
OUT_06597,128.70467315249053
OUT_06598,123.67767621754389
OUT_06599,991.3280078876098
OUT_06600,308.99035647345465
OUT_06601,117.32840288339301
OUT_06602,85.4730236505623
OUT_06603,264.5443611772914
OUT_06604,359.74041589113983
OUT_06605,162.64970442488496
OUT_06606,121.77497854824998
OUT_06607,162.17717306637917
OUT_06608,879.0999125791723
OUT_06609,338.6953125561605
OUT_06610,166.87345947719828
OUT_06611,100.2406493789041
OUT_06612,392.33258274795935
OUT_06613,970.071919807592
OUT_06614,129.8511541379151
OUT_06615,932.3064755030364
OUT_06616,303.3852358892678
OUT_06617,363.83064839654105
OUT_06618,152.13939264029625
OUT_06619,150.47254928834644
OUT_06620,123.4786588333682
OUT_06621,147.25855970537086
OUT_06622,142.5150704447038
OUT_06623,107.010455755934
OUT_06624,368.4048853123491
OUT_06625,1118.7277348860434
OUT_06626,399.75644586257727
OUT_06627,104.54331918294062
OUT_06628,253.4038352816114
OUT_06629,940.0968460981288
OUT_06630,313.2524832089878
OUT_06631,946.2356082579264
OUT_06632,153.6457969374775
OUT_06633,108.1060383097006
OUT_06634,289.9373111263618
OUT_06635,133.0589857017666
OUT_06636,143.32785581945976
OUT_06637,266.819340326378
OUT_06638,146.55560059273117
OUT_06639,132.91380665309902
OUT_06640,101.60048229393739
OUT_06641,104.75443484095372
OUT_06642,204.87327659817203
OUT_06643,149.8636529794951
OUT_06644,110.8248549925322
OUT_06645,888.6386598180522
OUT_06646,362.17126117360857
OUT_06647,299.75747874282456
OUT_06648,861.9671071373962
OUT_06649,306.9750758018061
OUT_06650,124.11823117044904
OUT_06651,263.8721787525983
OUT_06652,172.25963960547753
OUT_06653,119.89077693306172
OUT_06654,121.80252752439037
OUT_06655,942.8546587934763
OUT_06656,126.92843359419314
OUT_06657,356.4786060482488
OUT_06658,1194.9201618625743
OUT_06659,124.67921510249765
OUT_06660,1237.525845087887
OUT_06661,97.68528932323028
OUT_06662,368.7858128886684
OUT_06663,1371.9301327910491
OUT_06664,361.3437278902862
OUT_06665,120.42826722223838
OUT_06666,317.45469668632853
OUT_06667,122.7078802966487
OUT_06668,320.30163251134354
OUT_06669,130.76820390599624
OUT_06670,131.28158820892764
OUT_06671,153.9010564541296
OUT_06672,129.34415279327226
OUT_06673,151.855974242287
OUT_06674,92.26338689057062
OUT_06675,125.80864516406784
OUT_06676,113.01047404480589
OUT_06677,933.0209045830312
OUT_06678,322.2572160381237
OUT_06679,294.6524533253266
OUT_06680,137.68022456693788
OUT_06681,117.17216481046925
OUT_06682,923.223856134618
OUT_06683,126.24461984571755
OUT_06684,285.2517016639548
OUT_06685,105.21268352709244
OUT_06686,296.4668343630094
OUT_06687,133.12717643051383
OUT_06688,126.97508441755416
OUT_06689,193.56056441918633
OUT_06690,358.8150242483295
OUT_06691,115.41977672854863
OUT_06692,327.9707005851618
OUT_06693,142.3000410088982
OUT_06694,336.6503481972153
OUT_06695,393.9692783509664
OUT_06696,962.4847648189904
OUT_06697,135.5775600978158
OUT_06698,945.6177929316436
OUT_06699,1115.9531356535872
OUT_06700,114.30648922858012
OUT_06701,301.96068485380005
OUT_06702,364.70229885114594
OUT_06703,293.6585519799984
OUT_06704,381.4779865826995
OUT_06705,104.58644274503534
OUT_06706,332.0062865584385
OUT_06707,362.77601258957225
OUT_06708,100.50553791522648
OUT_06709,140.04574860867837
OUT_06710,262.7579506998092
OUT_06711,942.6268703859196
OUT_06712,98.1741512002136
OUT_06713,146.4644174357355
OUT_06714,95.56316517518329
OUT_06715,193.56056441918633
OUT_06716,120.62933771168359
OUT_06717,366.4029502318622
OUT_06718,900.0466097999758
OUT_06719,96.57543371963972
OUT_06720,1116.6271691656646
OUT_06721,258.2784404811416
OUT_06722,104.55309446925497
OUT_06723,96.27212027985928
OUT_06724,1004.985314821902
OUT_06725,763.9525855471971
OUT_06726,258.63079460643564
OUT_06727,340.84774320574
OUT_06728,133.30543682189406
OUT_06729,130.62888290988704
OUT_06730,116.18303058811763
OUT_06731,127.22781043395602
OUT_06732,131.25749330145464
OUT_06733,1335.612886183633
OUT_06734,253.85357671823084
OUT_06735,131.9871585682675
OUT_06736,953.90338557554
OUT_06737,112.99627954020602
OUT_06738,175.51175019911818
OUT_06739,278.2653802786866
OUT_06740,108.1239545555286
OUT_06741,327.98796154894256
OUT_06742,180.884074803822
OUT_06743,154.20906262088067
OUT_06744,928.8369428310326
OUT_06745,348.48226735228377
OUT_06746,316.15739719264815
OUT_06747,879.061540882788
OUT_06748,107.80583131643144
OUT_06749,348.47279983964216
OUT_06750,127.86471303571014
OUT_06751,257.1953700859213
OUT_06752,137.71923710053917
OUT_06753,317.1232818505139
OUT_06754,141.24787823661987
OUT_06755,122.10443074949026
OUT_06756,121.07740384219726
OUT_06757,104.33898126640484
OUT_06758,432.3384551128388
OUT_06759,158.9121647811767
OUT_06760,984.189386995538
OUT_06761,130.9406045039477
OUT_06762,148.27202907111524
OUT_06763,931.7691995321402
OUT_06764,1022.7211790195812
OUT_06765,285.2999463307286
OUT_06766,281.1729976020385
OUT_06767,355.8914231588516
OUT_06768,140.248904232225
OUT_06769,110.4049867827409
OUT_06770,128.62040432466307
OUT_06771,119.09687403206199
OUT_06772,143.1542056901284
OUT_06773,265.98010583338515
OUT_06774,360.7563563049396
OUT_06775,393.5676885022441
OUT_06776,127.4105239156588
OUT_06777,930.853858912196
OUT_06778,141.35225034078468
OUT_06779,182.58356336400578
OUT_06780,107.29858877436948
OUT_06781,96.1869674672267
OUT_06782,130.17944830246407
OUT_06783,173.2438288158332
OUT_06784,391.00260761048855
OUT_06785,395.7765813833855
OUT_06786,144.64096754951152
OUT_06787,129.01135961768858
OUT_06788,93.38954515985023
OUT_06789,190.8731497363074
OUT_06790,319.33653336661195
OUT_06791,127.46718990820202
OUT_06792,282.3438418246458
OUT_06793,339.95934139290966
OUT_06794,108.80271583884115
OUT_06795,298.58103488596095
OUT_06796,136.40015805615485
OUT_06797,882.8419251565911
OUT_06798,876.6651754555228
OUT_06799,119.07218943086112
OUT_06800,303.32102505255955
OUT_06801,155.06250351814052
OUT_06802,345.87093585294303
OUT_06803,386.8679911118105
OUT_06804,136.48642165717467
OUT_06805,152.82684912893478
OUT_06806,170.48351122401397
OUT_06807,178.77490854930645
OUT_06808,342.85086326938455
OUT_06809,119.7641616711691
OUT_06810,1231.702465369023
OUT_06811,227.4075213186788
OUT_06812,131.44909670405056
OUT_06813,122.58963123835544
OUT_06814,104.98652467109406
OUT_06815,971.0239455371712
OUT_06816,270.0220647152882
OUT_06817,889.9900268072023
OUT_06818,1221.7579792916772
OUT_06819,316.3015184424369
OUT_06820,212.84914016277824
OUT_06821,215.47536917657635
OUT_06822,92.77762492325584
OUT_06823,328.19444039052246
OUT_06824,185.41087124077723
OUT_06825,273.9703966122602
OUT_06826,1087.0727185950018
OUT_06827,124.68200321613426
OUT_06828,88.43794215245659
OUT_06829,108.81715909888463
OUT_06830,1268.132466018988
OUT_06831,307.69577989960766
OUT_06832,373.4945474325528
OUT_06833,268.68074276922107
OUT_06834,283.0337537774993
OUT_06835,127.8249972220624
OUT_06836,147.3562571127724
OUT_06837,227.14626512600188
OUT_06838,131.86604660352327
OUT_06839,941.6103400310436
OUT_06840,269.60610176359535
OUT_06841,365.95768204115836
OUT_06842,152.8577163325984
OUT_06843,978.0759266052054
OUT_06844,97.2867707474344
OUT_06845,284.6206229701604
OUT_06846,109.48869003896084
OUT_06847,107.83638743998155
OUT_06848,132.49831481867108
OUT_06849,345.740354740807
OUT_06850,150.57950940802175
OUT_06851,299.6296701357876
OUT_06852,119.27184198288957
OUT_06853,97.5878247114761
OUT_06854,169.55008647991272
OUT_06855,340.22097662929923
OUT_06856,288.07051125258
OUT_06857,117.56017170920015
OUT_06858,108.64980038706229
OUT_06859,91.0164357369002
OUT_06860,944.6809326993828
OUT_06861,135.37249116969582
OUT_06862,193.56056441918633
OUT_06863,964.6453265242524
OUT_06864,150.53492555000395
OUT_06865,357.9895132350303
OUT_06866,318.6556915058896
OUT_06867,930.3211211397356
OUT_06868,130.1578740839922
OUT_06869,115.36911282561613
OUT_06870,119.68618494325482
OUT_06871,172.00486518416318
OUT_06872,91.49343290079716
OUT_06873,117.3294346518402
OUT_06874,88.39874485935613
OUT_06875,103.0462434665104
OUT_06876,105.38329300433566
OUT_06877,109.49873632767216
OUT_06878,161.51702968265067
OUT_06879,912.836124186
OUT_06880,833.5614292838604
OUT_06881,1298.9900507037323
OUT_06882,913.634265868072
OUT_06883,150.2495226737224
OUT_06884,305.9477251638603
OUT_06885,96.77245103122385
OUT_06886,262.0052210068428
OUT_06887,81.26664185050633
OUT_06888,1065.7376292337822
OUT_06889,115.36179936431367
OUT_06890,110.35160567060865
OUT_06891,290.025280752331
OUT_06892,85.20615472620688
OUT_06893,260.3453422092028
OUT_06894,357.3150610680923
OUT_06895,107.99337175701528
OUT_06896,158.36677885413738
OUT_06897,251.92186275072984
OUT_06898,109.4338705271338
OUT_06899,154.37752901809588
OUT_06900,101.23690131417588
OUT_06901,302.34684551923425
OUT_06902,116.58632707287997
OUT_06903,98.83474053788042
OUT_06904,334.8861767744605
OUT_06905,287.5315532048046
OUT_06906,1399.0071286186574
OUT_06907,81.77778906894221
OUT_06908,98.16514075816117
OUT_06909,130.90570384357022
OUT_06910,412.35624239917854
OUT_06911,127.48854384060952
OUT_06912,53.110270960984614
OUT_06913,134.88869570192122
OUT_06914,367.72563580975407
OUT_06915,936.8051394354984
OUT_06916,136.91740955551768
OUT_06917,135.70679555476906
OUT_06918,111.90380311249449
OUT_06919,139.61816421345853
OUT_06920,185.33597970269503
OUT_06921,105.56165893606617
OUT_06922,874.151278140616
OUT_06923,109.76658281971685
OUT_06924,130.11883183157437
OUT_06925,150.91508217193183
OUT_06926,162.34770272631928
OUT_06927,142.9002350193457
OUT_06928,126.08784334499549
OUT_06929,133.58738719745554
OUT_06930,418.1960895620125
OUT_06931,106.11638987588492
OUT_06932,312.68463081038465
OUT_06933,314.96131951423797
OUT_06934,114.93990421115502
OUT_06935,124.6003685213784
OUT_06936,306.666435122077
OUT_06937,133.2886703543571
OUT_06938,946.174995485312
OUT_06939,380.9263347256021
OUT_06940,1161.0984373009085
OUT_06941,311.08255395505086
OUT_06942,378.57929368898846
OUT_06943,320.4507085904137
OUT_06944,104.89641216684566
OUT_06945,150.42885122738602
OUT_06946,216.6174418205021
OUT_06947,258.79373796529114
OUT_06948,865.130145329882
OUT_06949,293.89316789932553
OUT_06950,114.30684191644623
OUT_06951,142.2562296260289
OUT_06952,967.9889755418434
OUT_06953,138.8640263950322
OUT_06954,204.0665267892298
OUT_06955,146.4510364415869
OUT_06956,300.0750519210068
OUT_06957,181.73342453968675
OUT_06958,144.14662937122492
OUT_06959,116.71831642811748
OUT_06960,173.44305896179148
OUT_06961,164.6994458177551
OUT_06962,99.55216709684098
OUT_06963,249.28083763455496
OUT_06964,113.016361017007
OUT_06965,165.2680964309063
OUT_06966,95.83350077895172
OUT_06967,339.3143557326746
OUT_06968,116.2924031658571
OUT_06969,201.80376069213457
OUT_06970,109.17085186199341
OUT_06971,121.03362054038233
OUT_06972,109.31602078024541
OUT_06973,79.72622744005072
OUT_06974,311.47306935245166
OUT_06975,65.3458370895018
OUT_06976,899.8243886019841
OUT_06977,350.41033713730013
OUT_06978,172.22792975393793
OUT_06979,99.05487827744425
OUT_06980,91.8554648641229
OUT_06981,1099.883193484715
OUT_06982,105.21302476497694
OUT_06983,128.89299591128014
OUT_06984,336.4615396709376
OUT_06985,1208.4677093415842
OUT_06986,101.9044009175
OUT_06987,193.56056441918633
OUT_06988,309.3964076602864
OUT_06989,257.0352774433194
OUT_06990,922.275931032804
OUT_06991,115.3928570291845
OUT_06992,115.56740751118079
OUT_06993,102.57718866630414
OUT_06994,146.23072140903824
OUT_06995,121.12031781119589
OUT_06996,905.3860881315704
OUT_06997,308.83060006277276
OUT_06998,193.56056441918633
OUT_06999,351.73988315340443
OUT_07000,912.831591426458
OUT_07001,351.79185443411654
OUT_07002,1057.758717523158
OUT_07003,402.63330893829664
OUT_07004,106.76328614775412
OUT_07005,166.86665541096102
OUT_07006,102.48249127498754
OUT_07007,315.0999359152926
OUT_07008,1088.7800346447511
OUT_07009,335.2297863484823
OUT_07010,320.7538956481076
OUT_07011,149.23303635756346
OUT_07012,937.1900240031893
OUT_07013,1219.9639520621563
OUT_07014,349.3012962065837
OUT_07015,101.74031521191372
OUT_07016,1143.6663711853944
OUT_07017,153.77277270720268
OUT_07018,369.81339271711795
OUT_07019,97.61337027631382
OUT_07020,915.039697523968
OUT_07021,379.2244929239956
OUT_07022,128.62412950671506
OUT_07023,152.10183728015835
OUT_07024,335.68598924324345
OUT_07025,155.07609225202862
OUT_07026,1155.5329491431055
OUT_07027,1200.979734562548
OUT_07028,150.14371827844408
OUT_07029,889.2037670955821
OUT_07030,166.5491453591573
OUT_07031,881.06985643754
OUT_07032,252.59041126018772
OUT_07033,385.943391119913
OUT_07034,111.51514124731526
OUT_07035,134.33452518274103
OUT_07036,108.90816503470606
OUT_07037,278.39024338047216
OUT_07038,143.42967028201056
OUT_07039,118.95901553980667
OUT_07040,300.2096026277161
OUT_07041,121.57280548014707
OUT_07042,290.5409047262881
OUT_07043,159.92421958887522
OUT_07044,283.8661299335748
OUT_07045,347.33901629175995
OUT_07046,319.3598772270092
OUT_07047,128.2321609288205
OUT_07048,837.8107047066063
OUT_07049,114.23957306243183
OUT_07050,311.23587502285017
OUT_07051,377.7161137825049
OUT_07052,155.39228635744814
OUT_07053,165.27840768042526
OUT_07054,311.6455896656885
OUT_07055,140.25690588408133
OUT_07056,929.2062118935288
OUT_07057,895.9795295740621
OUT_07058,265.339761146079
OUT_07059,148.79836423428208
OUT_07060,154.70526446405566
OUT_07061,947.3133796161306
OUT_07062,332.56246839593376
OUT_07063,120.77223962580507
OUT_07064,293.5619641203439
OUT_07065,971.497789734046
OUT_07066,126.20170794361
OUT_07067,353.81697314815955
OUT_07068,1164.178070723613
OUT_07069,113.85269858412569
OUT_07070,375.4295074198937
OUT_07071,106.25102065625276
OUT_07072,114.17543820784296
OUT_07073,103.45856587617169
OUT_07074,136.85218219862497
OUT_07075,138.16621445192172
OUT_07076,174.79180662040898
OUT_07077,45.0119595433152
OUT_07078,295.56764350480654
OUT_07079,94.17103674241055
OUT_07080,1224.6994899600436
OUT_07081,350.04131517268763
OUT_07082,121.96656464407718
OUT_07083,154.8781039112174
OUT_07084,91.84830375309082
OUT_07085,445.0072444612839
OUT_07086,113.68758479730228
OUT_07087,84.14251869262057
OUT_07088,288.3704205260537
OUT_07089,1229.6426159668558
OUT_07090,390.4867992527227
OUT_07091,261.4798925123958
OUT_07092,157.82069226160715
OUT_07093,935.9437698705892
OUT_07094,265.26301540492017
OUT_07095,74.54293768316997
OUT_07096,254.11383594840137
OUT_07097,309.38748679697846
OUT_07098,200.78868293907726
OUT_07099,323.01709742840023
OUT_07100,164.47778749060268
OUT_07101,952.4002538528536
OUT_07102,122.91070240801699
OUT_07103,166.49431794129993
OUT_07104,108.67522444150114
OUT_07105,255.77901048803818
OUT_07106,158.46953337187378
OUT_07107,124.66203788289377
OUT_07108,858.4485469551553
OUT_07109,167.83889511020243
OUT_07110,159.24256616494782
OUT_07111,363.9014527590398
OUT_07112,325.1258178521325
OUT_07113,329.2469603315004
OUT_07114,347.89254495567565
OUT_07115,340.9685778147225
OUT_07116,127.69384948069987
OUT_07117,135.29687906570655
OUT_07118,120.46274889688445
OUT_07119,256.64691275573375
OUT_07120,301.8079591725088
OUT_07121,1025.8221514372813
OUT_07122,853.3427039979127
OUT_07123,119.89927607201284
OUT_07124,1003.2641112733978
OUT_07125,181.2978261090757
OUT_07126,319.9496109445883
OUT_07127,117.28770583996013
OUT_07128,97.07715680979115
OUT_07129,309.2076849403785
OUT_07130,125.86605732520148
OUT_07131,132.37683452232426
OUT_07132,381.2839352436743
OUT_07133,97.49364868237834
OUT_07134,141.03819857322813
OUT_07135,1161.256635167373
OUT_07136,114.27611230225831
OUT_07137,111.67713587816776
OUT_07138,952.005885753629
OUT_07139,121.10030828966231
OUT_07140,136.37658758104823
OUT_07141,979.7963406950992
OUT_07142,118.79343507848134
OUT_07143,140.94083809847626
OUT_07144,921.1879563730892
OUT_07145,136.51637187788765
OUT_07146,112.74217143135272
OUT_07147,929.6944621944618
OUT_07148,994.7188655798084
OUT_07149,385.259141942258
OUT_07150,901.05761629507
OUT_07151,141.3220243354119
OUT_07152,138.61980667524688
OUT_07153,138.08702050128505
OUT_07154,106.47499628098323
OUT_07155,312.5675750393155
OUT_07156,952.9110052306422
OUT_07157,346.11977217903507
OUT_07158,121.09467361688137
OUT_07159,150.0849367960672
OUT_07160,132.6422319569685
OUT_07161,1145.9925865437792
OUT_07162,106.73497604287576
OUT_07163,138.48763124163827
OUT_07164,112.18492566238545
OUT_07165,163.7721838159905
OUT_07166,306.4242177471872
OUT_07167,167.54059289119266
OUT_07168,96.28103667460098
OUT_07169,304.6117786992019
OUT_07170,166.9025111113492
OUT_07171,94.41208896531363
OUT_07172,114.40252317673819
OUT_07173,130.13988793918654
OUT_07174,127.6991019230055
OUT_07175,104.73601877843178
OUT_07176,169.36109759155414
OUT_07177,1291.1043804849592
OUT_07178,257.21290787604437
OUT_07179,147.20550151737513
OUT_07180,90.09965092970947
OUT_07181,346.4445622707717
OUT_07182,75.0587229076717
OUT_07183,932.2247189545308
OUT_07184,341.68674838221614
OUT_07185,147.01821031536488
OUT_07186,204.14832174763575
OUT_07187,939.6234171999384
OUT_07188,92.65790994743745
OUT_07189,136.84219336011446
OUT_07190,100.2884190301259
OUT_07191,98.50852773697139
OUT_07192,128.42080584219718
OUT_07193,329.9248853334098
OUT_07194,923.155370900251
OUT_07195,939.6175580209064
OUT_07196,240.46352575445763
OUT_07197,142.57094679417068
OUT_07198,100.89354661757842
OUT_07199,312.099183401596
OUT_07200,99.82042728171436
OUT_07201,394.87381691954135
OUT_07202,124.87459812650441
OUT_07203,373.116939494407
OUT_07204,153.36343519277185
OUT_07205,193.56056441918633
OUT_07206,91.09548019889002
OUT_07207,330.6360171097105
OUT_07208,163.42447145582275
OUT_07209,405.1821738882634
OUT_07210,100.13801357269443
OUT_07211,122.21967373189611
OUT_07212,343.0767199692922
OUT_07213,103.36705062387097
OUT_07214,1301.2507263436091
OUT_07215,1170.1313861934434
OUT_07216,90.45110420841154
OUT_07217,193.56056441918633
OUT_07218,285.5051960190183
OUT_07219,961.3512104299868
OUT_07220,141.85463558717564
OUT_07221,128.457618906063
OUT_07222,115.04669478840486
OUT_07223,140.6306024745466
OUT_07224,193.56056441918633
OUT_07225,1208.386113999474
OUT_07226,118.65846300855418
OUT_07227,944.7216724160428
OUT_07228,133.48262567689264
OUT_07229,127.43460439035856
OUT_07230,127.6292476274351
OUT_07231,103.3621649262636
OUT_07232,261.37456791511374
OUT_07233,1170.1350738608423
OUT_07234,96.20533342206346
OUT_07235,336.7877531349583
OUT_07236,200.18824230386048
OUT_07237,99.64313031127222
OUT_07238,98.68887529339173
OUT_07239,270.64657038277994
OUT_07240,165.30743897053182
OUT_07241,158.39755570358196
OUT_07242,89.16520648121256
OUT_07243,359.01940167866866
OUT_07244,142.88054065245845
OUT_07245,352.11332265545303
OUT_07246,156.13666464173778
OUT_07247,289.7343578968094
OUT_07248,152.07835417985794
OUT_07249,140.82198774418885
OUT_07250,1142.2951564553805
OUT_07251,306.2832921241775
OUT_07252,341.60346431262036
OUT_07253,108.78728776337206
OUT_07254,167.16621263212082
OUT_07255,98.97969463507523
OUT_07256,265.531240331128
OUT_07257,332.03728355104397
OUT_07258,969.1146657542732
OUT_07259,906.3329791950064
OUT_07260,135.64141718287473
OUT_07261,185.92896620353693
OUT_07262,333.9294592930565
OUT_07263,882.9624104839141
OUT_07264,127.51147372106085
OUT_07265,106.6868468176513
OUT_07266,971.2303300558584
OUT_07267,96.76721862127764
OUT_07268,310.1982689106802
OUT_07269,358.3767859820067
OUT_07270,117.158683978502
OUT_07271,131.9568440114554
OUT_07272,376.7170569926428
OUT_07273,1024.0899402595717
OUT_07274,901.38575724193
OUT_07275,142.04678594459799
OUT_07276,1228.4036888883377
OUT_07277,104.46393765103737
OUT_07278,104.30398171100549
OUT_07279,158.04128731842113
OUT_07280,351.76258096136803
OUT_07281,982.1978113843902
OUT_07282,302.7183631402369
OUT_07283,149.8010058148799
OUT_07284,317.2861981468425
OUT_07285,1201.9815456785734
OUT_07286,286.63095669187175
OUT_07287,136.6673323131276
OUT_07288,117.04533963711316
OUT_07289,930.5637525729863
OUT_07290,106.6974675624696
OUT_07291,189.19424028710645
OUT_07292,183.774210731716
OUT_07293,162.92270850191264
OUT_07294,149.35965867634675
OUT_07295,159.36763431703895
OUT_07296,358.24415586275614
OUT_07297,142.14302265285673
OUT_07298,884.2392986741881
OUT_07299,104.41260307785392
OUT_07300,986.5137768660892
OUT_07301,109.25524345793256
OUT_07302,359.11123023239077
OUT_07303,133.8997917234621
OUT_07304,41.628692030705054
OUT_07305,929.7901218418124
OUT_07306,150.630990394261
OUT_07307,989.2823108785112
OUT_07308,123.3704515716941
OUT_07309,158.96704879026822
OUT_07310,160.1540002862289
OUT_07311,338.6464455747446
OUT_07312,119.82827054791373
OUT_07313,150.81233109077775
OUT_07314,885.4858364057167
OUT_07315,274.5728504302572
OUT_07316,1188.3640521310156
OUT_07317,835.1591914511271
OUT_07318,291.7110569299017
OUT_07319,76.91136970355154
OUT_07320,145.53509925914318
OUT_07321,1098.6097182049873
OUT_07322,342.261999234391
OUT_07323,89.87868866323277
OUT_07324,971.0299664040868
OUT_07325,142.5073506058378
OUT_07326,107.68489335556075
OUT_07327,946.0458269870836
OUT_07328,297.6346223305058
OUT_07329,328.4250837126113
OUT_07330,448.8842611924922
OUT_07331,870.4368525744574
OUT_07332,127.54567389628943
OUT_07333,317.91675251733534
OUT_07334,294.9198785528058
OUT_07335,948.0151303526286
OUT_07336,153.70440516608565
OUT_07337,142.1028656948619
OUT_07338,118.73885131467816
OUT_07339,193.56056441918633
OUT_07340,154.46483609116663
OUT_07341,916.13593874884
OUT_07342,216.68812407271207
OUT_07343,421.8299419173077
OUT_07344,133.376797679023
OUT_07345,120.12787191132348
OUT_07346,118.05067131649878
OUT_07347,309.8181019727889
OUT_07348,325.70330483143
OUT_07349,925.296081013928
OUT_07350,122.03931240059592
OUT_07351,297.08117771015634
OUT_07352,163.44073474764198
OUT_07353,105.3718862364816
OUT_07354,960.230498350688
OUT_07355,92.37527223865237
OUT_07356,255.57898178708322
OUT_07357,307.66241224173956
OUT_07358,159.6563948606473
OUT_07359,130.7026833055097
OUT_07360,111.95360724161318
OUT_07361,152.20710324121643
OUT_07362,416.22264773644633
OUT_07363,159.866079358276
OUT_07364,296.4083969593425
OUT_07365,129.28586617422567
OUT_07366,87.61956023261955
OUT_07367,940.0987492538618
OUT_07368,958.5434137305252
OUT_07369,193.56056441918633
OUT_07370,109.69076042478649
OUT_07371,306.5627770384322
OUT_07372,169.1916437014687
OUT_07373,128.05671458148277
OUT_07374,907.6212864640538
OUT_07375,132.10712569613185
OUT_07376,345.47005221162334
OUT_07377,97.26914746268405
OUT_07378,863.6828587684224
OUT_07379,159.44527052750328
OUT_07380,935.419575667652
OUT_07381,115.40731152024163
OUT_07382,295.75572447832656
OUT_07383,288.4449216880233
OUT_07384,118.81465978872363
OUT_07385,116.31956223188094
OUT_07386,983.5672126525398
OUT_07387,111.24288115686107
OUT_07388,1214.359541393268
OUT_07389,165.54275304585926
OUT_07390,918.740522791876
OUT_07391,1153.986188512462
OUT_07392,109.45669337028394
OUT_07393,877.3662917512103
OUT_07394,94.17817668488071
OUT_07395,137.7721323438114
OUT_07396,386.6575726395589
OUT_07397,129.6500867578151
OUT_07398,134.61972580151436
OUT_07399,125.68993329833349
OUT_07400,336.18057416456816
OUT_07401,118.13437949224074
OUT_07402,301.3331982545267
OUT_07403,128.70675874220035
OUT_07404,125.17685527342456
OUT_07405,102.12291811051261
OUT_07406,150.68410294820234
OUT_07407,121.48337898836807
OUT_07408,1355.8379158053308
OUT_07409,111.93596111798546
OUT_07410,243.63670858938565
OUT_07411,114.06683987330644
OUT_07412,127.16674460226838
OUT_07413,370.53564320999004
OUT_07414,270.7229593971694
OUT_07415,294.51993252339116
OUT_07416,349.5157510435684
OUT_07417,1099.3725574517857
OUT_07418,951.3461442444952
OUT_07419,146.07802928056427
OUT_07420,398.5081692445699
OUT_07421,166.21195136518497
OUT_07422,943.0337810669208
OUT_07423,361.4320828803717
OUT_07424,108.18026746375479
OUT_07425,275.19583793049446
OUT_07426,386.07148292692295
OUT_07427,113.07446531867073
OUT_07428,303.9191454798243
OUT_07429,260.29978469713876
OUT_07430,126.46977304819765
OUT_07431,125.80827964162881
OUT_07432,895.8023348317554
OUT_07433,97.4806912406301
OUT_07434,99.0536767286502
OUT_07435,150.32660703065724
OUT_07436,120.10071561955307
OUT_07437,156.6060822840422
OUT_07438,148.42044938041525
OUT_07439,36.18581639013744
OUT_07440,416.0753231998424
OUT_07441,110.90923236612612
OUT_07442,108.99229806477236
OUT_07443,934.2881515801844
OUT_07444,331.04831636645395
OUT_07445,105.77216780316417
OUT_07446,142.95522642169595
OUT_07447,383.4823485558012
OUT_07448,271.36765822524967
OUT_07449,112.24786662226497
OUT_07450,109.6407846675069
OUT_07451,923.2401658494108
OUT_07452,232.2406344619596
OUT_07453,265.0896234885404
OUT_07454,94.09183567103075
OUT_07455,265.80167232967057
OUT_07456,963.3898126259008
OUT_07457,107.28370551662682
OUT_07458,364.7792724903795
OUT_07459,118.5040373914705
OUT_07460,219.99698656123576
OUT_07461,95.10830271591664
OUT_07462,299.82921990647947
OUT_07463,298.80641717580704
OUT_07464,319.9976406626135
OUT_07465,118.77678099279699
OUT_07466,976.6747732583724
OUT_07467,312.0806888592624
OUT_07468,141.14102741018138
OUT_07469,846.8408666329912
OUT_07470,131.07789732301282
OUT_07471,244.6833170974671
OUT_07472,818.4155764025962
OUT_07473,106.9071208518426
OUT_07474,1191.0353272213272
OUT_07475,269.4102193777971
OUT_07476,93.99948811271352
OUT_07477,117.98509002891024
OUT_07478,126.60598626168687
OUT_07479,125.26243547922776
OUT_07480,937.4505977830448
OUT_07481,317.6138495655107
OUT_07482,140.24230866670447
OUT_07483,796.5726374549581
OUT_07484,343.11643265750433
OUT_07485,243.3801030838051
OUT_07486,372.0359882156373
OUT_07487,315.9663392919491
OUT_07488,319.25857474859777
OUT_07489,265.73334807880127
OUT_07490,879.5021397336907
OUT_07491,349.5383955006212
OUT_07492,1226.2715357979964
OUT_07493,273.70393057740927
OUT_07494,272.8228983432637
OUT_07495,394.2055247438801
OUT_07496,113.23278251267477
OUT_07497,321.32130816377503
OUT_07498,359.3681522337357
OUT_07499,331.55698123677075
OUT_07500,98.25648705390363
OUT_07501,280.6148504065092
OUT_07502,154.77599858800355
OUT_07503,362.353397160354
OUT_07504,1136.8729860561568
OUT_07505,880.1463025789832
OUT_07506,117.11552101501783
OUT_07507,107.33088800710019
OUT_07508,126.56583093809765
OUT_07509,145.05074590272474
OUT_07510,133.81891184535377
OUT_07511,145.23636244765805
OUT_07512,393.2941183759647
OUT_07513,288.3782766035422
OUT_07514,125.46072922308241
OUT_07515,1051.6524048807892
OUT_07516,102.73218205252942
OUT_07517,104.9913851045702
OUT_07518,97.71652711408552
OUT_07519,1231.074754551744
OUT_07520,384.13129838233715
OUT_07521,130.20761667648821
OUT_07522,334.4790704680533
OUT_07523,157.06650945448894
OUT_07524,314.9309517494276
OUT_07525,154.54915781167477
OUT_07526,134.29926129021703
OUT_07527,142.00030806037546
OUT_07528,117.7730047377907
OUT_07529,150.5427920810046
OUT_07530,341.2411538590268
OUT_07531,172.85165094058485
OUT_07532,337.6069459194298
OUT_07533,319.1345701112688
OUT_07534,102.62724031474087
OUT_07535,298.06139954364784
OUT_07536,849.1037307157495
OUT_07537,121.5229332263517
OUT_07538,151.48238997235154
OUT_07539,333.6356539919635
OUT_07540,100.54742032796618
OUT_07541,96.7165779156753
OUT_07542,132.18527980776966
OUT_07543,175.15276045580967
OUT_07544,101.74683145384728
OUT_07545,324.9929028928691
OUT_07546,1139.7740329799478
OUT_07547,351.6896108769171
OUT_07548,117.86805214348036
OUT_07549,93.29067643039966
OUT_07550,158.86513412274175
OUT_07551,168.00743776358522
OUT_07552,291.7760199978619
OUT_07553,1200.9989833533675
OUT_07554,91.16361661281387
OUT_07555,107.82734731784367
OUT_07556,150.3985434614969
OUT_07557,939.7287382808486
OUT_07558,100.7479996371361
OUT_07559,101.69466602626508
OUT_07560,128.73708607478227
OUT_07561,334.5347167112874
OUT_07562,104.42780174584696
OUT_07563,292.5284672923661
OUT_07564,151.92774204218682
OUT_07565,129.49296293537463
OUT_07566,129.72906115103953
OUT_07567,141.748737737381
OUT_07568,161.62924671373727
OUT_07569,86.12813825261819
OUT_07570,150.38461296594758
OUT_07571,344.2840938094826
OUT_07572,221.9946173627203
OUT_07573,123.28201946922289
OUT_07574,880.7467931307573
OUT_07575,157.42221216548927
OUT_07576,286.8065392803834
OUT_07577,168.76790108513333
OUT_07578,857.9811412171221
OUT_07579,126.10559608178957
OUT_07580,195.93952286432713
OUT_07581,969.6645416483728
OUT_07582,115.17272901788755
OUT_07583,176.99854291076628
OUT_07584,124.50355173210335
OUT_07585,116.39688587132777
OUT_07586,307.8385049015207
OUT_07587,715.7257420429875
OUT_07588,221.3675308417288
OUT_07589,145.50109169611386
OUT_07590,917.304206455792
OUT_07591,945.2640959057912
OUT_07592,127.60462775222467
OUT_07593,338.74501770508004
OUT_07594,130.72118624030693
OUT_07595,108.89723900831284
OUT_07596,107.70403732407364
OUT_07597,135.83837465854012
OUT_07598,367.67178851029996
OUT_07599,143.79760006119386
OUT_07600,982.4235505220328
OUT_07601,147.49820229936637
OUT_07602,142.90950801318252
OUT_07603,123.39856833580257
OUT_07604,1094.0269468538872
OUT_07605,1025.496608612846
OUT_07606,113.76469142733858
OUT_07607,110.57659502533078
OUT_07608,112.48995002656778
OUT_07609,339.806276447082
OUT_07610,123.53672698861355
OUT_07611,343.92145600744675
OUT_07612,158.06023276502157
OUT_07613,162.66786108138683
OUT_07614,113.39551707137912
OUT_07615,274.26228833139385
OUT_07616,147.6493778938703
OUT_07617,929.0165844964208
OUT_07618,92.69005086801036
OUT_07619,320.32200587454724
OUT_07620,368.44492472768707
OUT_07621,318.8216365516407
OUT_07622,358.489432054334
OUT_07623,152.9194945895226
OUT_07624,103.98623805155168
OUT_07625,916.7341707760316
OUT_07626,107.47832183703504
OUT_07627,870.6187667307877
OUT_07628,87.32968525952576
OUT_07629,958.7400287720396
OUT_07630,115.1807341113247
OUT_07631,160.50633758460123
OUT_07632,108.95138054486752
OUT_07633,1283.8191757284785
OUT_07634,124.83822147341509
OUT_07635,900.4578051238552
OUT_07636,950.8522332115288
OUT_07637,89.55247574793451
OUT_07638,308.7054675648204
OUT_07639,1190.0980626774483
OUT_07640,108.23724513425142
OUT_07641,234.6747843648271
OUT_07642,161.16849891798117
OUT_07643,369.6851779046249
OUT_07644,206.79707238249634
OUT_07645,148.24641607677188
OUT_07646,342.54081542299184
OUT_07647,210.25399322766933
OUT_07648,126.25060686733524
OUT_07649,288.3038159974677
OUT_07650,363.3566448121651
OUT_07651,99.38051110942823
OUT_07652,107.4952322314447
OUT_07653,113.43174294003938
OUT_07654,315.643022075497
OUT_07655,1167.6177685759765
OUT_07656,112.99255720568353
OUT_07657,120.07482072261556
OUT_07658,1101.8402320279877
OUT_07659,347.93209039489767
OUT_07660,122.353783621659
OUT_07661,321.5028637453297
OUT_07662,292.0024289764717
OUT_07663,115.12678707650635
OUT_07664,313.24582045286684
OUT_07665,148.3413958388489
OUT_07666,159.39275223405957
OUT_07667,316.19320352528143
OUT_07668,114.63117603219266
OUT_07669,103.07811104259068
OUT_07670,151.1409402055568
OUT_07671,1034.83782055033
OUT_07672,106.61483668225725
OUT_07673,122.7769536592601
OUT_07674,891.0709605927991
OUT_07675,193.56056441918633
OUT_07676,162.43681177460795
OUT_07677,867.0323503654919
OUT_07678,812.4599826065621
OUT_07679,963.9835165475816
OUT_07680,131.0142276255347
OUT_07681,377.14875862014776
OUT_07682,952.9088865117404
OUT_07683,123.55728116792385
OUT_07684,350.64915819592034
OUT_07685,1032.3033096028466
OUT_07686,138.33487527524855
OUT_07687,1191.0471924717538
OUT_07688,1170.5566205722364
OUT_07689,237.515837907608
OUT_07690,110.00755710106658
OUT_07691,141.63039637056693
OUT_07692,100.33017230347247
OUT_07693,355.1511772951248
OUT_07694,144.4631653039159
OUT_07695,119.10895650733012
OUT_07696,135.46321719827543
OUT_07697,158.3009394541661
OUT_07698,159.04828650056385
OUT_07699,139.81890495925754
OUT_07700,123.17597815291819
OUT_07701,101.03238227353773
OUT_07702,996.702906935426
OUT_07703,1114.0581935947018
OUT_07704,915.5050967306536
OUT_07705,374.4557573000262
OUT_07706,242.49218342688647
OUT_07707,115.01100557622321
OUT_07708,279.4971117779287
OUT_07709,334.45837262003516
OUT_07710,154.07307409504045
OUT_07711,138.38425522598587
OUT_07712,371.235152060323
OUT_07713,488.2887238869917
OUT_07714,260.5646620412422
OUT_07715,341.12693814498846
OUT_07716,167.91178961282745
OUT_07717,121.84417262112852
OUT_07718,262.5005366559781
OUT_07719,104.15990115320479
OUT_07720,1221.4189127584204
OUT_07721,329.5645487884817
OUT_07722,867.1734996371074
OUT_07723,97.82272797110994
OUT_07724,263.37710482568946
OUT_07725,303.643150336263
OUT_07726,127.70802648750538
OUT_07727,146.9284641799948
OUT_07728,141.88780417028855
OUT_07729,115.9815911023929
OUT_07730,306.17484990807907
OUT_07731,138.65451651901748
OUT_07732,284.3603450609044
OUT_07733,79.03331381651672
OUT_07734,988.6120668125568
OUT_07735,140.27116422898257
OUT_07736,1133.1127653674887
OUT_07737,116.27041824006994
OUT_07738,119.4058242524862
OUT_07739,398.2052602042778
OUT_07740,250.19821354983404
OUT_07741,127.190198231407
OUT_07742,869.2641105862676
OUT_07743,123.99867841112389
OUT_07744,159.61497675755868
OUT_07745,131.93608075877307
OUT_07746,969.2923624517048
OUT_07747,317.95321548994093
OUT_07748,144.367088072922
OUT_07749,245.97111150622464
OUT_07750,304.9173828721841
OUT_07751,188.18542386675898
OUT_07752,133.97061890223517
OUT_07753,310.9697525058146
OUT_07754,246.2700980198366
OUT_07755,340.1266608571097
OUT_07756,144.07327499545426
OUT_07757,94.29026062091393
OUT_07758,106.27670692231267
OUT_07759,153.06033364239124
OUT_07760,293.97579750044827
OUT_07761,117.51208128297436
OUT_07762,1124.625885279662
OUT_07763,327.4518576941806
OUT_07764,144.83456713305975
OUT_07765,1147.8275850859152
OUT_07766,109.57878641857859
OUT_07767,195.54502132944717
OUT_07768,132.84565035257955
OUT_07769,915.333740291914
OUT_07770,128.01982239891774
OUT_07771,359.88841157684595
OUT_07772,937.2821956680134
OUT_07773,284.11903848445024
OUT_07774,251.9574202941944
OUT_07775,920.4384906817024
OUT_07776,113.8321387983074
OUT_07777,123.75390700828737
OUT_07778,112.9135989446289
OUT_07779,173.84578357494112
OUT_07780,138.1473486496166
OUT_07781,368.8773522370714
OUT_07782,271.0782206768304
OUT_07783,158.20432715822812
OUT_07784,267.86731758935997
OUT_07785,369.00196003235914
OUT_07786,964.4840651590832
OUT_07787,971.7301385328244
OUT_07788,103.84771875194129
OUT_07789,105.0601895850655
OUT_07790,349.18077984483585
OUT_07791,942.037355199923
OUT_07792,977.7557107299608
OUT_07793,921.1409541502088
OUT_07794,98.62564593372554
OUT_07795,956.4279304678314
OUT_07796,1127.27928571402
OUT_07797,165.37563885129293
OUT_07798,331.2301818564583
OUT_07799,101.7927515316103
OUT_07800,116.39549768640656
OUT_07801,1001.208152574002
OUT_07802,118.38829522795984
OUT_07803,160.89150587001936
OUT_07804,171.8870998272299
OUT_07805,134.8772025378981
OUT_07806,329.7774751030125
OUT_07807,129.15585512557297
OUT_07808,107.03756961995813
OUT_07809,294.7912028685108
OUT_07810,1108.6906147285772
OUT_07811,139.24365452460324
OUT_07812,137.23208613505437
OUT_07813,121.48490271131108
OUT_07814,114.98305474627163
OUT_07815,1188.391059400108
OUT_07816,178.18208739654665
OUT_07817,1023.1602959483672
OUT_07818,145.83711177897004
OUT_07819,299.4657380829558
OUT_07820,133.56118600251853
OUT_07821,100.39240723779152
OUT_07822,102.93487603062079
OUT_07823,907.0802911611048
OUT_07824,90.4846315839333
OUT_07825,304.6234126667387
OUT_07826,108.61875343876737
OUT_07827,379.2090850742784
OUT_07828,124.38889099211283
OUT_07829,193.56056441918633
OUT_07830,949.131799349156
OUT_07831,346.6787137649055
OUT_07832,950.8720624262456
OUT_07833,232.0686352873208
OUT_07834,387.40434138792557
OUT_07835,111.80469947992526
OUT_07836,304.3192184974437
OUT_07837,1161.8406167242515
OUT_07838,325.416907754074
OUT_07839,95.01253927270216
OUT_07840,318.0849963758208
OUT_07841,103.233203011897
OUT_07842,145.0662245941907
OUT_07843,104.76868609848547
OUT_07844,120.58354090873125
OUT_07845,930.168302265161
OUT_07846,300.12223362304684
OUT_07847,360.2819101268012
OUT_07848,118.02600535356878
OUT_07849,93.31774477668846
OUT_07850,82.35816380002422
OUT_07851,123.44342175501728
OUT_07852,167.80760340896052
OUT_07853,115.35860420604149
OUT_07854,96.48719802771782
OUT_07855,315.0430747055409
OUT_07856,297.8299520507311
OUT_07857,271.09310547952964
OUT_07858,970.7549307503698
OUT_07859,947.4240798610192
OUT_07860,383.39293955467735
OUT_07861,327.0068136147897
OUT_07862,111.9381274822332
OUT_07863,253.65429501881687
OUT_07864,325.8727670380014
OUT_07865,108.27165479252504
OUT_07866,152.37846439275663
OUT_07867,924.860926042755
OUT_07868,124.98821162171366
OUT_07869,323.44125232693864
OUT_07870,328.97975486230956
OUT_07871,171.8313321776534
OUT_07872,120.5932852637016
OUT_07873,104.00024924677616
OUT_07874,139.18893909932257
OUT_07875,970.6545745978152
OUT_07876,1170.391712977917
OUT_07877,1192.1374241152794
OUT_07878,116.90467143082984
OUT_07879,754.5126301624455
OUT_07880,1212.159314585635
OUT_07881,112.98205670880007
OUT_07882,95.87711227833444
OUT_07883,949.0028880832516
OUT_07884,333.9074915667649
OUT_07885,116.2603577364767
OUT_07886,349.00546427082446
OUT_07887,157.76800181289195
OUT_07888,321.9604791395858
OUT_07889,159.8416645872132
OUT_07890,106.36675035806387
OUT_07891,169.93505734866724
OUT_07892,193.79890906519248
OUT_07893,1040.6958845354332
OUT_07894,137.42379948724528
OUT_07895,162.21544172909637
OUT_07896,1160.143862263158
OUT_07897,867.1878329270468
OUT_07898,271.7940693094867
OUT_07899,377.1763036226616
OUT_07900,162.05990204531156
OUT_07901,904.9190244785544
OUT_07902,147.76456222564278
OUT_07903,137.1506604622113
OUT_07904,90.17360377215044
OUT_07905,111.33252717250315
OUT_07906,145.10954881529472
OUT_07907,99.33105349623148
OUT_07908,945.3216228029518
OUT_07909,255.9274379442812
OUT_07910,345.29114787402295
OUT_07911,883.0586345127949
OUT_07912,119.88655061497401
OUT_07913,168.91619514146836
OUT_07914,149.75354759490003
OUT_07915,297.94022479707337
OUT_07916,1118.252084923491
OUT_07917,155.5694027282709
OUT_07918,181.17287568291937
OUT_07919,148.75649972911447
OUT_07920,324.56570966305185
OUT_07921,120.37664162471512
OUT_07922,114.1773879463041
OUT_07923,1169.730247234991
OUT_07924,892.0022556942349
OUT_07925,1126.7639933099174
OUT_07926,135.4526331472098
OUT_07927,149.29533815776202
OUT_07928,162.96389653369928
OUT_07929,98.38873785494144
OUT_07930,891.6121594676456
OUT_07931,133.31550117759014
OUT_07932,276.8033940347547
OUT_07933,131.69417173986605
OUT_07934,182.94916165647652
OUT_07935,954.6478893124196
OUT_07936,121.3050079339086
OUT_07937,170.57575289816918
OUT_07938,937.6404854915636
OUT_07939,273.89788376363515
OUT_07940,178.98655378013774
OUT_07941,344.0784274995726
OUT_07942,193.56056441918633
OUT_07943,330.2997906036681
OUT_07944,139.4030665885701
OUT_07945,278.71778846101915
OUT_07946,180.6931212932591
OUT_07947,243.6528039122132
OUT_07948,269.9441751334548
OUT_07949,992.2278338425868
OUT_07950,167.86950319256394
OUT_07951,121.61077333430256
OUT_07952,102.99427986561687
OUT_07953,122.36382920508056
OUT_07954,309.977674036874
OUT_07955,313.1024733992999
OUT_07956,304.2862527428901
OUT_07957,355.2992766932627
OUT_07958,106.77850273726872
OUT_07959,147.09478429958062
OUT_07960,114.90303881687325
OUT_07961,129.54164647236004
OUT_07962,300.22296375341716
OUT_07963,87.29968453560447
OUT_07964,99.905261954801
OUT_07965,300.16197611697146
OUT_07966,296.9382072202054
OUT_07967,844.3071773105116
OUT_07968,140.09287087033374
OUT_07969,316.24184809645004
OUT_07970,806.1427464363953
OUT_07971,903.2930690615474
OUT_07972,297.960410627578
OUT_07973,189.4083978133387
OUT_07974,312.20223661795154
OUT_07975,187.3258426085459
OUT_07976,158.38142616992073
OUT_07977,113.58597697328844
OUT_07978,351.859708988388
OUT_07979,107.26814328422194
OUT_07980,1329.7425736674888
OUT_07981,146.74018694182803
OUT_07982,142.48582002826546
OUT_07983,138.3679329091628
OUT_07984,95.56453353309273
OUT_07985,922.7652552601584
OUT_07986,126.79224393858624
OUT_07987,173.88284292206762
OUT_07988,184.36158349572466
OUT_07989,157.49991935665662
OUT_07990,154.79740274245754
OUT_07991,918.951873388451
OUT_07992,165.14243237071727
OUT_07993,974.786065437047
OUT_07994,88.04422578659202
OUT_07995,116.41281145482834
OUT_07996,118.04684367142214
OUT_07997,400.80281913208887
OUT_07998,101.579913643515
OUT_07999,181.25320478662536
OUT_08000,98.7069588698373
OUT_08001,941.6650970163018
OUT_08002,237.7874075770303
OUT_08003,131.9252574159882
OUT_08004,181.1436969377931
OUT_08005,111.49564057925755
OUT_08006,111.56870978525558
OUT_08007,164.20757996231868
OUT_08008,370.3651581052658
OUT_08009,113.37967901019944
OUT_08010,252.60893019826122
OUT_08011,152.53431811439538
OUT_08012,131.81513126672135
OUT_08013,235.5758149966746
OUT_08014,276.863286201471
OUT_08015,939.2935661884432
OUT_08016,120.62022022692129
OUT_08017,103.95058468038626
OUT_08018,132.4044158526631
OUT_08019,282.38949715309576
OUT_08020,176.68777607274822
OUT_08021,70.79131526941536
OUT_08022,361.4601335257572
OUT_08023,269.930045753348
OUT_08024,112.30753062975846
OUT_08025,908.879035200022
OUT_08026,376.5162019277858
OUT_08027,166.7208126148554
OUT_08028,114.04133914862527
OUT_08029,963.414232902864
OUT_08030,843.9633328292402
OUT_08031,129.70843565534508
OUT_08032,1140.8437997460017
OUT_08033,1194.7744464497105
OUT_08034,127.62030462842152
OUT_08035,287.97732346973226
OUT_08036,169.08212861825928
OUT_08037,995.0829856365592
OUT_08038,395.71009135330553
OUT_08039,978.916916652694
OUT_08040,111.22018478745798
OUT_08041,904.4860160175048
OUT_08042,316.14201200686966
OUT_08043,176.79475074290147
OUT_08044,160.30426604281985
OUT_08045,1240.0441592993627
OUT_08046,100.14095986045729
OUT_08047,1209.586209732985
OUT_08048,182.506554512513
OUT_08049,165.93061339223632
OUT_08050,939.2205090043598
OUT_08051,197.78617424560917
OUT_08052,324.2132212732815
OUT_08053,183.79741913425053
OUT_08054,126.70107300876865
OUT_08055,918.0885448120132
OUT_08056,156.84597229031226
OUT_08057,356.92516365988627
OUT_08058,298.3101136034551
OUT_08059,879.1365607175467
OUT_08060,76.0123061974128
OUT_08061,177.31068234660083
OUT_08062,951.6818964714248
OUT_08063,348.53937962741554
OUT_08064,142.64461744571474
OUT_08065,341.8228834637728
OUT_08066,977.2181031990629
OUT_08067,1262.044006893041
OUT_08068,88.79906647265955
OUT_08069,301.83922950485254
OUT_08070,380.5046728088301
OUT_08071,108.821562524579
OUT_08072,347.82916036876173
OUT_08073,145.19247899247623
OUT_08074,119.5252500689813
OUT_08075,228.6144840670227
OUT_08076,330.91031830361703
OUT_08077,171.10023576559786
OUT_08078,263.8617116334738
OUT_08079,1173.2926195632913
OUT_08080,302.46607795112726
OUT_08081,145.81043893927915
OUT_08082,214.1765512970744
OUT_08083,928.1272642902178
OUT_08084,114.60784211576426
OUT_08085,111.58607132378168
OUT_08086,193.56056441918633
OUT_08087,97.75771228225857
OUT_08088,261.6545704171821
OUT_08089,128.91480917248998
OUT_08090,1220.93713092106
OUT_08091,384.4423647391051
OUT_08092,157.53691585090894
OUT_08093,288.02761076112415
OUT_08094,98.28416900759636
OUT_08095,125.37291632524443
OUT_08096,165.55182511958844
OUT_08097,986.9370033169528
OUT_08098,318.13600055607793
OUT_08099,830.0728895732864
OUT_08100,1132.5486627879036
OUT_08101,120.12643297964524
OUT_08102,407.4434624178681
OUT_08103,104.37771639362686
OUT_08104,109.44641120192529
OUT_08105,307.55956077037325
OUT_08106,159.570729976175
OUT_08107,229.24416674407829
OUT_08108,110.00140221427486
OUT_08109,1197.887114368207
OUT_08110,122.74453645130731
OUT_08111,255.5358386724729
OUT_08112,923.85660138921
OUT_08113,110.82989810146482
OUT_08114,867.5215147798506
OUT_08115,134.4352170592789
OUT_08116,294.59021270229096
OUT_08117,142.86264103055476
OUT_08118,925.0028253365252
OUT_08119,151.65291570235703
OUT_08120,859.4045570277443
OUT_08121,100.2293121613022
OUT_08122,84.23921109731046
OUT_08123,277.39367879737796
OUT_08124,114.0151323489403
OUT_08125,340.8222502835407
OUT_08126,889.8662068045697
OUT_08127,865.3513470124757
OUT_08128,869.1114968509308
OUT_08129,885.6700824445838
OUT_08130,102.4429140747324
OUT_08131,900.9850723731432
OUT_08132,101.52679434268552
OUT_08133,100.80318543768198
OUT_08134,275.6848038858651
OUT_08135,409.3267717360901
OUT_08136,93.54557662341546
OUT_08137,248.95695584653322
OUT_08138,782.0666179943074
OUT_08139,292.4885356574479
OUT_08140,963.2221147837032
OUT_08141,125.1854603112681
OUT_08142,130.18243899264664
OUT_08143,307.2460850241651
OUT_08144,150.91849750965682
OUT_08145,904.9713006805003
OUT_08146,144.25612553029734
OUT_08147,129.29862849985386
OUT_08148,338.306237331628
OUT_08149,76.33439795303394
OUT_08150,154.91800873425169
OUT_08151,258.884526659578
OUT_08152,92.05906341589558
OUT_08153,259.67125311697606
OUT_08154,244.57361789828565
OUT_08155,116.15740209382734
OUT_08156,131.71618684886067
OUT_08157,147.58048765467228
OUT_08158,908.9165230173986
OUT_08159,1315.5137977943148
OUT_08160,920.0412898239468
OUT_08161,110.02760449460176
OUT_08162,136.87160442735242
OUT_08163,94.40420951663424
OUT_08164,140.18336671254173
OUT_08165,309.12210139008187
OUT_08166,154.63322515319808
OUT_08167,326.6912041197405
OUT_08168,95.45603831169794
OUT_08169,154.1233566345288
OUT_08170,143.36341843855828
OUT_08171,140.18477750179034
OUT_08172,315.533140504995
OUT_08173,250.02485901313867
OUT_08174,176.0064207484865
OUT_08175,949.4403650809896
OUT_08176,108.9889657729157
OUT_08177,1232.8461843666832
OUT_08178,306.22653456485915
OUT_08179,951.1819727410092
OUT_08180,158.36369046922024
OUT_08181,252.88074764499456
OUT_08182,340.2991762655157
OUT_08183,187.4279707607925
OUT_08184,152.3970714181007
OUT_08185,114.77194722931166
OUT_08186,890.1335909191982
OUT_08187,931.5640521870158
OUT_08188,322.0261913624836
OUT_08189,106.33745449572005
OUT_08190,382.38228016692074
OUT_08191,109.72288981207373
OUT_08192,277.4231643775369
OUT_08193,101.09952949855877
OUT_08194,106.54482113110896
OUT_08195,988.4689252056762
OUT_08196,221.60680380854257
OUT_08197,97.82909124269288
OUT_08198,279.2931165334731
OUT_08199,381.6490297506641
OUT_08200,100.22454576080506
OUT_08201,1219.2650224014697
OUT_08202,163.50795147700805
OUT_08203,128.621824188445
OUT_08204,199.73297881317734
OUT_08205,104.78978959392633
OUT_08206,940.4932347126456
OUT_08207,106.06925609321172
OUT_08208,273.6747268822912
OUT_08209,323.2618834244188
OUT_08210,97.54116023894505
OUT_08211,164.43745750420285
OUT_08212,160.10923785204366
OUT_08213,152.75117835814763
OUT_08214,94.06073260204403
OUT_08215,361.1372894537431
OUT_08216,857.8068905422472
OUT_08217,836.9995649027583
OUT_08218,1196.455409933803
OUT_08219,250.41600734677235
OUT_08220,169.16304456755697
OUT_08221,918.7900915354558
OUT_08222,1075.126531513279
OUT_08223,133.05303491780109
OUT_08224,174.16845467877053
OUT_08225,969.8113699679936
OUT_08226,1239.4229780046428
OUT_08227,927.848058524268
OUT_08228,868.7976926016639
OUT_08229,193.56056441918633
OUT_08230,355.57854963845506
OUT_08231,1192.0113103957617
OUT_08232,116.50000143773349
OUT_08233,928.0817702612524
OUT_08234,842.5076430331289
OUT_08235,103.56745503533992
OUT_08236,158.21286067865816
OUT_08237,932.311960848748
OUT_08238,370.1188035101897
OUT_08239,282.87562190495055
OUT_08240,141.77778453693205
OUT_08241,947.0628387766068
OUT_08242,113.19942281889996
OUT_08243,928.5272151820776
OUT_08244,91.8590745246367
OUT_08245,125.62673694669087
OUT_08246,132.18496190044536
OUT_08247,389.46558714403955
OUT_08248,137.57910223274658
OUT_08249,193.56056441918633
OUT_08250,132.85110006725648
OUT_08251,371.5531293878616
OUT_08252,158.72281146083114
OUT_08253,114.5856853009884
OUT_08254,330.410986984014
OUT_08255,324.6627708549245
OUT_08256,160.53039862145943
OUT_08257,315.7683622356158
OUT_08258,381.6904849805809
OUT_08259,263.4849734864585
OUT_08260,885.6572570573137
OUT_08261,971.092047148866
OUT_08262,287.91557982088955
OUT_08263,109.04859602834676
OUT_08264,315.23666895553043
OUT_08265,120.54368489326072
OUT_08266,56.440855980479746
OUT_08267,362.22365992404366
OUT_08268,155.81259002014656
OUT_08269,150.0395995860822
OUT_08270,276.06645161687106
OUT_08271,909.2937991407211
OUT_08272,336.6679617834866
OUT_08273,976.4104693789455
OUT_08274,144.67772847712118
OUT_08275,918.3464346752623
OUT_08276,103.75598351865014
OUT_08277,214.29088483400025
OUT_08278,1158.644905589464
OUT_08279,368.8532427137514
OUT_08280,898.471835576737
OUT_08281,903.445158811147
OUT_08282,142.65521572544787
OUT_08283,92.21467778876466
OUT_08284,134.69209241248092
OUT_08285,137.46982822635215
OUT_08286,291.6195227225304
OUT_08287,312.84022784102444
OUT_08288,332.74775333004845
OUT_08289,142.3112970051642
OUT_08290,155.99688236377781
OUT_08291,134.6610122453835
OUT_08292,997.5410887497104
OUT_08293,95.0327047847804
OUT_08294,366.4578004603458
OUT_08295,137.12013953022688
OUT_08296,1197.2697347274634
OUT_08297,114.79095984563553
OUT_08298,1109.3951493473298
OUT_08299,106.91261400776635
OUT_08300,324.9150182153673
OUT_08301,193.53724070040604
OUT_08302,109.61677066823964
OUT_08303,360.05718308261635
OUT_08304,1112.467661173317
OUT_08305,985.6988862429062
OUT_08306,142.05470038812882
OUT_08307,1158.2695709363506
OUT_08308,364.2673874448293
OUT_08309,322.0241552882276
OUT_08310,305.0651845805276
OUT_08311,102.63689922070304
OUT_08312,138.44579840569486
OUT_08313,924.8091092659112
OUT_08314,119.11496529263144
OUT_08315,117.59084281237817
OUT_08316,140.3130737996689
OUT_08317,141.89134933655106
OUT_08318,116.27349169575501
OUT_08319,337.9390954301299
OUT_08320,328.2749096183918
OUT_08321,289.0517560245496
OUT_08322,144.39833085163315
OUT_08323,260.97490765001254
OUT_08324,121.8733401910057
OUT_08325,288.120598006169
OUT_08326,357.0205598114426
OUT_08327,922.4784680140036
OUT_08328,324.7759729093516
OUT_08329,309.6678279461231
OUT_08330,915.5434625997082
OUT_08331,926.1304436478972
OUT_08332,887.686674706578
OUT_08333,90.27053527167064
OUT_08334,159.64764506475495
OUT_08335,295.1980833414858
OUT_08336,142.65385618111023
OUT_08337,96.05222278590036
OUT_08338,315.3078805484039
OUT_08339,179.75610008005108
OUT_08340,397.2548205276289
OUT_08341,136.09459836300744
OUT_08342,347.8651153929084
OUT_08343,147.44401473850064
OUT_08344,115.83816866513736
OUT_08345,101.23771719235593
OUT_08346,261.95838466292065
OUT_08347,915.4870480111408
OUT_08348,918.6079788796496
OUT_08349,89.08651882998561
OUT_08350,100.56916890977344
OUT_08351,241.36642341768538
OUT_08352,156.85979918521858
OUT_08353,98.29736029464213
OUT_08354,156.14495566992568
OUT_08355,913.2520075510334
OUT_08356,350.0025458508852
OUT_08357,305.1994586102775
OUT_08358,305.2861565123884
OUT_08359,150.46994254591382
OUT_08360,1027.1082684421376
OUT_08361,355.4237763017894
OUT_08362,911.0799980603506
OUT_08363,129.08406136606408
OUT_08364,147.97014711734917
OUT_08365,97.122379575963
OUT_08366,156.22528078945544
OUT_08367,83.12814576716117
OUT_08368,106.96805318489972
OUT_08369,120.26951900448361
OUT_08370,141.86132098729644
OUT_08371,338.682902727428
OUT_08372,145.1971442313182
OUT_08373,97.8219873901968
OUT_08374,191.50380777417197
OUT_08375,141.99441692192545
OUT_08376,125.77356613942698
OUT_08377,261.8359498722928
OUT_08378,272.9631547080408
OUT_08379,123.06843292855616
OUT_08380,363.52088985226607
OUT_08381,122.57424120758687
OUT_08382,907.862717287557
OUT_08383,102.32281772823225
OUT_08384,124.53696910899814
OUT_08385,151.6466564245218
OUT_08386,266.4356201833446
OUT_08387,422.2281542656658
OUT_08388,331.6958319187853
OUT_08389,140.73720841285987
OUT_08390,301.88430147333275
OUT_08391,111.03238052598708
OUT_08392,140.6623276827469
OUT_08393,80.62176672038125
OUT_08394,96.90342848699522
OUT_08395,120.55642639441375
OUT_08396,360.30566050061304
OUT_08397,86.48849373719192
OUT_08398,268.5335860827996
OUT_08399,124.94316111330102
OUT_08400,977.908311917494
OUT_08401,161.10836378428087
OUT_08402,1083.6338023058224
OUT_08403,164.74418503726378
OUT_08404,129.3644983965356
OUT_08405,133.02193396096715
OUT_08406,392.98301721007704
OUT_08407,174.00749477666614
OUT_08408,869.4184508636562
OUT_08409,92.12883143948982
OUT_08410,122.03468074130976
OUT_08411,358.1917994320918
OUT_08412,102.38901301751125
OUT_08413,292.15555167934946
OUT_08414,310.2026606014411
OUT_08415,125.03760667264584
OUT_08416,103.91581968071587
OUT_08417,106.7455788541905
OUT_08418,144.66610813717205
OUT_08419,138.8062588998565
OUT_08420,142.19263781781933
OUT_08421,231.72691693778143
OUT_08422,243.65499425066156
OUT_08423,101.15528792493645
OUT_08424,110.16250016633715
OUT_08425,117.05514885215594
OUT_08426,137.7549021153593
OUT_08427,951.8781484559364
OUT_08428,138.18641677305084
OUT_08429,213.93987901634708
OUT_08430,152.62717178150749
OUT_08431,116.1372530340495
OUT_08432,1087.827218027627
OUT_08433,120.30704814410404
OUT_08434,106.05783548383084
OUT_08435,100.85467810292708
OUT_08436,336.3740117131841
OUT_08437,1013.3633066095288
OUT_08438,922.9128578356084
OUT_08439,147.69026198590154
OUT_08440,158.97818922436852
OUT_08441,93.07234750324544
OUT_08442,1121.009823725558
OUT_08443,305.18794167867924
OUT_08444,260.1900158428766
OUT_08445,112.36103638302976
OUT_08446,333.9285694018083
OUT_08447,97.58035756237793
OUT_08448,347.43453927296446
OUT_08449,932.462399343307
OUT_08450,124.75073055602408
OUT_08451,326.99025605645403
OUT_08452,1205.0684684907435
OUT_08453,150.76748548642482
OUT_08454,193.56056441918633
OUT_08455,937.2083033627672
OUT_08456,133.62472748478484
OUT_08457,883.969927528118
OUT_08458,970.9291786271712
OUT_08459,251.77535666620875
OUT_08460,98.02648133270019
OUT_08461,354.1315966053232
OUT_08462,122.76222161236672
OUT_08463,342.4226202459086
OUT_08464,814.0523747135794
OUT_08465,291.8495417716304
OUT_08466,337.6286454195298
OUT_08467,143.18306588349407
OUT_08468,293.69272113177743
OUT_08469,294.21080232532506
OUT_08470,374.56648869637166
OUT_08471,130.61793488483963
OUT_08472,309.84937636872723
OUT_08473,396.5508542689265
OUT_08474,978.5804199406718
OUT_08475,115.45397029149532
OUT_08476,173.27327578157778
OUT_08477,970.5317383674918
OUT_08478,129.34052878335484
OUT_08479,244.88955629152105
OUT_08480,253.32932975548542
OUT_08481,115.77188811277794
OUT_08482,349.7993492384741
OUT_08483,122.2571412155264
OUT_08484,1140.0331593302512
OUT_08485,1127.087753157715
OUT_08486,111.52391205452967
OUT_08487,147.3100730021781
OUT_08488,104.75506743950204
OUT_08489,971.1229469158848
OUT_08490,358.1531195043115
OUT_08491,307.13759396279784
OUT_08492,365.597854008847
OUT_08493,889.6942715980207
OUT_08494,164.7323331157289
OUT_08495,193.56056441918633
OUT_08496,949.7246275126304
OUT_08497,123.9764995142855
OUT_08498,117.07854630972069
OUT_08499,128.7946607371061
OUT_08500,117.02369358753099
OUT_08501,174.30414736259908
OUT_08502,813.1772292127873
OUT_08503,107.0786462846045
OUT_08504,318.83102346886903
OUT_08505,166.8241094564653
OUT_08506,876.3010202276802
OUT_08507,155.68043499035454
OUT_08508,321.43062233441407
OUT_08509,125.42076756634124
OUT_08510,146.78834269276985
OUT_08511,71.63485548591277
OUT_08512,947.3881521271838
OUT_08513,182.66721366551565
OUT_08514,174.3630748887209
OUT_08515,340.7918201758715
OUT_08516,123.90121196573632
OUT_08517,940.9340311568412
OUT_08518,289.68298035351734
OUT_08519,118.3932267018333
OUT_08520,146.7598152843482
OUT_08521,128.59102935447925
OUT_08522,92.80911075550644
OUT_08523,324.65821759980486
OUT_08524,349.5876907338713
OUT_08525,367.5104742083613
OUT_08526,1144.0439726279585
OUT_08527,178.34182280998334
OUT_08528,98.81646727167917
OUT_08529,113.082801447373
OUT_08530,393.1763208529472
OUT_08531,137.47123793792065
OUT_08532,357.86201026888784
OUT_08533,146.9782481181067
OUT_08534,112.5606939230576
OUT_08535,112.54518418005337
OUT_08536,117.29451839702308
OUT_08537,832.6121221440563
OUT_08538,109.10597592740346
OUT_08539,323.76933800017576
OUT_08540,955.7417996523704
OUT_08541,384.4084936369464
OUT_08542,110.0405677573574
OUT_08543,304.0778415855165
OUT_08544,862.3706395091854
OUT_08545,160.48149189094352
OUT_08546,114.34935949653972
OUT_08547,136.00267720126524
OUT_08548,123.86876342249484
OUT_08549,1124.9460931452718
OUT_08550,804.3056283286132
OUT_08551,130.75588624430333
OUT_08552,975.6448886724636
OUT_08553,342.8980983203095
OUT_08554,93.18031656591118
OUT_08555,941.2415336110172
OUT_08556,386.3738504826622
OUT_08557,132.0356302624405
OUT_08558,141.29222186840406
OUT_08559,798.6420275487113
OUT_08560,323.3558397222395
OUT_08561,248.71785802719688
OUT_08562,109.32358716003812
OUT_08563,366.91684383745985
OUT_08564,865.518784859793
OUT_08565,962.0319554673284
OUT_08566,351.94223574944056
OUT_08567,136.28143446047875
OUT_08568,907.6686931617344
OUT_08569,119.32717720089354
OUT_08570,122.09353527161424
OUT_08571,227.79592088079374
OUT_08572,92.53793647445906
OUT_08573,350.94369918314123
OUT_08574,266.3403948662609
OUT_08575,263.20287917606646
OUT_08576,126.88327683324333
OUT_08577,281.5177786512204
OUT_08578,365.80239497480915
OUT_08579,127.46682377733872
OUT_08580,128.49856414951597
OUT_08581,426.42512967422465
OUT_08582,384.0565628358621
OUT_08583,1123.8889651867996
OUT_08584,132.1333708602118
OUT_08585,140.51406630598817
OUT_08586,183.91605837321185
OUT_08587,144.24035575252472
OUT_08588,293.0973993367142
OUT_08589,122.33536859209912
OUT_08590,287.32691808338933
OUT_08591,207.87128569394181
OUT_08592,332.27632960953616
OUT_08593,132.11552478323202
OUT_08594,134.25831655661847
OUT_08595,337.71851259892765
OUT_08596,343.45015465086226
OUT_08597,49.876576985638884
OUT_08598,90.17101536258846
OUT_08599,133.60411338238987
OUT_08600,108.85075932648037
OUT_08601,131.0590844986949
OUT_08602,352.9613820675289
OUT_08603,834.8211338223748
OUT_08604,115.94465252237791
OUT_08605,148.19415375068942
OUT_08606,897.4287564114088
OUT_08607,123.67041737811024
OUT_08608,340.48315033445834
OUT_08609,129.15817271414227
OUT_08610,111.99761776079039
OUT_08611,271.26246806516906
OUT_08612,139.2084488052284
OUT_08613,366.1340413089323
OUT_08614,1111.05971806979
OUT_08615,126.4297042925679
OUT_08616,193.56056441918633
OUT_08617,151.50531733919365
OUT_08618,301.7057458553129
OUT_08619,1204.7503825341864
OUT_08620,145.86103803446548
OUT_08621,145.56287767811608
OUT_08622,119.51145939248424
OUT_08623,267.6353790574019
OUT_08624,124.28899371124379
OUT_08625,1216.447812773944
OUT_08626,229.94611332671536
OUT_08627,125.89414911396742
OUT_08628,107.23139144752282
OUT_08629,128.06445563999955
OUT_08630,993.628003109232
OUT_08631,1014.4696593255763
OUT_08632,98.51610448676585
OUT_08633,167.7965439069451
OUT_08634,182.41871178652832
OUT_08635,113.21046335356904
OUT_08636,1220.221119017924
OUT_08637,171.59993122959324
OUT_08638,339.53562265323444
OUT_08639,160.31706029689676
OUT_08640,307.87160751246495
OUT_08641,301.7026696700626
OUT_08642,1039.093447889913
OUT_08643,311.11216210182266
OUT_08644,143.6920293854268
OUT_08645,103.54331384864685
OUT_08646,151.541219127247
OUT_08647,1077.6678644991352
OUT_08648,327.2677417409522
OUT_08649,138.79853568418048
OUT_08650,289.18516410848736
OUT_08651,1173.5552580938077
OUT_08652,969.4735337864436
OUT_08653,981.2719629619014
OUT_08654,129.54105425861903
OUT_08655,361.4426176194597
OUT_08656,277.32874868578415
OUT_08657,346.05654952253263
OUT_08658,949.893201499162
OUT_08659,129.1021244292811
OUT_08660,1191.66308199988
OUT_08661,123.59173416884741
OUT_08662,126.91525705259451
OUT_08663,105.38710380692584
OUT_08664,76.23911804418638
OUT_08665,1009.2191798037225
OUT_08666,1222.2228952964472
OUT_08667,132.19717715851615
OUT_08668,146.75710061079087
OUT_08669,140.65520239408986
OUT_08670,980.4441908067072
OUT_08671,150.18542944853138
OUT_08672,105.5599507851125
OUT_08673,985.9489871573852
OUT_08674,373.715689697626
OUT_08675,138.12011576005355
OUT_08676,1370.7259965763694
OUT_08677,100.34753935205943
OUT_08678,130.92999881525455
OUT_08679,327.2434492269155
OUT_08680,336.88849579812734
OUT_08681,147.14180032990376
OUT_08682,925.227669161378
OUT_08683,132.45339092187857
OUT_08684,132.18085719386994
OUT_08685,152.35906273937857
OUT_08686,371.1744396211814
OUT_08687,173.62093855549227
OUT_08688,120.4809104693079
OUT_08689,89.38967498828278
OUT_08690,104.44527053301486
OUT_08691,280.7624057160054
OUT_08692,259.1015159177441
OUT_08693,322.7060851360991
OUT_08694,401.88572382173743
OUT_08695,927.6345230962772
OUT_08696,134.31417123208666
OUT_08697,124.69604268218276
OUT_08698,337.455825427044
OUT_08699,369.24643462280426
OUT_08700,373.9843952237147
OUT_08701,295.2268052973719
OUT_08702,333.47412538719186
OUT_08703,110.23243707814066
OUT_08704,982.0931961916856
OUT_08705,290.1768792818906
OUT_08706,174.7240118330517
OUT_08707,111.06637506400642
OUT_08708,901.5860482077454
OUT_08709,164.8776179950485
OUT_08710,102.29410590163808
OUT_08711,169.11006021868906
OUT_08712,128.16243937993517
OUT_08713,134.38065774455413
OUT_08714,325.4641596810755
OUT_08715,105.83323653229861
OUT_08716,1089.3246849857196
OUT_08717,335.1225929978466
OUT_08718,113.03147661803511
OUT_08719,384.74502354157346
OUT_08720,109.36963660676737
OUT_08721,886.5070434796361
OUT_08722,302.78312921929125
OUT_08723,371.95184866931413
OUT_08724,113.04862007915752
OUT_08725,96.54317390807505
OUT_08726,117.99469381004339
OUT_08727,117.29922450100672
OUT_08728,372.4407439050659
OUT_08729,194.1980208192605
OUT_08730,154.3567350117645
OUT_08731,101.06668598655625
OUT_08732,157.86205294768288
OUT_08733,146.29721699686314
OUT_08734,188.68663682686056
OUT_08735,367.8299710069885
OUT_08736,870.6492908954696
OUT_08737,114.933054149136
OUT_08738,289.6569400183764
OUT_08739,1168.3524929224602
OUT_08740,125.92067972300134
OUT_08741,112.20335860500236
OUT_08742,98.05959754752132
OUT_08743,114.65691704071716
OUT_08744,160.7598024968663
OUT_08745,296.14326059529685
OUT_08746,157.2064416625953
OUT_08747,157.73397606470675
OUT_08748,103.4812512063302
OUT_08749,379.07396104622035
OUT_08750,276.0379847105056
OUT_08751,258.7677361972851
OUT_08752,149.3456009123726
OUT_08753,938.1302681774712
OUT_08754,141.55065312113015
OUT_08755,67.71064193468725
OUT_08756,943.2712571519525
OUT_08757,102.30004877597331
OUT_08758,106.48370967398884
OUT_08759,975.442844294904
OUT_08760,141.2633864964661
OUT_08761,941.3286923617148
OUT_08762,127.01990721746503
OUT_08763,373.54958180886837
OUT_08764,863.8392563910314
OUT_08765,151.55505133238302
OUT_08766,127.269128516872
OUT_08767,911.1506284012428
OUT_08768,122.38316732201454
OUT_08769,123.13106812064733
OUT_08770,309.7779153419705
OUT_08771,244.82767451001052
OUT_08772,240.6361641273873
OUT_08773,123.75513085737225
OUT_08774,104.66207481547619
OUT_08775,329.6786352508426
OUT_08776,704.1897388842377
OUT_08777,165.49669932161518
OUT_08778,117.46801717339068
OUT_08779,129.04167041347387
OUT_08780,1003.0132746360608
OUT_08781,358.48244004015805
OUT_08782,324.44854604192926
OUT_08783,972.03793294172
OUT_08784,246.52070993143224
OUT_08785,937.9505756230736
OUT_08786,111.11736382208554
OUT_08787,255.3497311203582
OUT_08788,98.93691085827122
OUT_08789,795.0236844091427
OUT_08790,130.73670574982685
OUT_08791,339.43258065095824
OUT_08792,104.56873600440522
OUT_08793,150.2035260324765
OUT_08794,316.10602010938555
OUT_08795,144.6582355614983
OUT_08796,215.35932909564085
OUT_08797,109.94705377752064
OUT_08798,116.62895073257788
OUT_08799,171.6121579562372
OUT_08800,160.48728936563396
OUT_08801,338.84713409368976
OUT_08802,120.54149649491067
OUT_08803,297.6292816607025
OUT_08804,185.49488408905975
OUT_08805,1256.2284385439032
OUT_08806,97.68877380054691
OUT_08807,369.9728362314369
OUT_08808,294.3608950244716
OUT_08809,102.1899476197515
OUT_08810,114.02880694718782
OUT_08811,123.89862268879722
OUT_08812,169.96321425531457
OUT_08813,129.00210059857162
OUT_08814,125.95000732852786
OUT_08815,838.2209508197752
OUT_08816,107.21473132577793
OUT_08817,257.9777857051888
OUT_08818,349.81589603340643
OUT_08819,263.8210405996497
OUT_08820,117.860870861178
OUT_08821,278.7581848066292
OUT_08822,320.9484299397079
OUT_08823,279.90183319074225
OUT_08824,146.10353563502971
OUT_08825,125.11304664304706
OUT_08826,881.1185505432948
OUT_08827,1317.3384109003168
OUT_08828,133.6981413118706
OUT_08829,87.91684542487558
OUT_08830,117.48757529210067
OUT_08831,1105.2119638034646
OUT_08832,155.63160727476972
OUT_08833,115.58184567936527
OUT_08834,179.21675214930184
OUT_08835,1118.7935575072183
OUT_08836,99.86618623855107
OUT_08837,312.6929513850793
OUT_08838,299.13401107033405
OUT_08839,127.08422361221436
OUT_08840,898.8811905238077
OUT_08841,1233.7827240240556
OUT_08842,167.8136308746477
OUT_08843,902.0787034536536
OUT_08844,332.11605113859537
OUT_08845,239.9960965140452
OUT_08846,402.9436837190268
OUT_08847,282.8641855323541
OUT_08848,312.50682962067054
OUT_08849,374.90389732952406
OUT_08850,938.408611073462
OUT_08851,153.27435070728072
OUT_08852,157.50321504462076
OUT_08853,828.9215986386864
OUT_08854,103.41372351078743
OUT_08855,922.0503910552952
OUT_08856,122.26177321293744
OUT_08857,257.1863365190169
OUT_08858,379.851724404337
OUT_08859,108.38542189626642
OUT_08860,827.2507997430444
OUT_08861,120.28286131298465
OUT_08862,168.95549324011975
OUT_08863,110.34823170851486
OUT_08864,262.31054149313974
OUT_08865,296.5920554497186
OUT_08866,125.68467364090273
OUT_08867,83.41877614828506
OUT_08868,117.73617562830368
OUT_08869,348.64528898055016
OUT_08870,169.88793443814896
OUT_08871,1363.6202145495677
OUT_08872,1154.8142432959485
OUT_08873,141.57257208952973
OUT_08874,161.87991414987502
OUT_08875,398.8203164459867
OUT_08876,164.1363179435512
OUT_08877,932.5979886318032
OUT_08878,338.68125894293223
OUT_08879,274.3257454315899
OUT_08880,140.0395588985775
OUT_08881,106.97855385538055
OUT_08882,131.46331574689984
OUT_08883,768.8395651868423
OUT_08884,887.7930507659394
OUT_08885,153.81187531307415
OUT_08886,915.7033064357634
OUT_08887,261.1492796809304
OUT_08888,76.8862751160346
OUT_08889,141.40814395164355
OUT_08890,193.56056441918633
OUT_08891,945.5960216927087
OUT_08892,349.31086116513745
OUT_08893,324.1647121576729
OUT_08894,167.9539536900905
OUT_08895,947.6254824629136
OUT_08896,106.55319754322025
OUT_08897,350.9319096156059
OUT_08898,899.1977872894773
OUT_08899,309.0318243975839
OUT_08900,133.79195293246806
OUT_08901,168.5731334334671
OUT_08902,338.5379335303662
OUT_08903,112.96098168747365
OUT_08904,184.173063853698
OUT_08905,118.77061368053035
OUT_08906,312.260676097918
OUT_08907,366.8478936755307
OUT_08908,148.15077235113762
OUT_08909,104.77620514720216
OUT_08910,942.6920410947088
OUT_08911,97.63046262624792
OUT_08912,258.1142615508435
OUT_08913,902.7579871753588
OUT_08914,999.892551449718
OUT_08915,149.03620285658192
OUT_08916,120.31078555898225
OUT_08917,103.46923890024244
OUT_08918,293.26904653423367
OUT_08919,143.24781176053278
OUT_08920,127.15244259169104
OUT_08921,1173.431253855782
OUT_08922,326.20207759223194
OUT_08923,153.3659829596424
OUT_08924,320.1319909740204
OUT_08925,1005.8527930269428
OUT_08926,196.80295116245048
OUT_08927,299.8774199231331
OUT_08928,935.5112403446664
OUT_08929,1114.4522942649915
OUT_08930,156.27574417386282
OUT_08931,95.57645370478969
OUT_08932,117.60277425137765
OUT_08933,300.7454267370237
OUT_08934,303.443697861754
OUT_08935,338.34953150834116
OUT_08936,112.8808072637738
OUT_08937,195.8923652814236
OUT_08938,803.2345435171483
OUT_08939,106.46597644665198
OUT_08940,92.96292300958446
OUT_08941,149.63589121918594
OUT_08942,158.5847624034218
OUT_08943,154.36941784002053
OUT_08944,749.2471906185725
OUT_08945,125.43906818696229
OUT_08946,936.7735723640146
OUT_08947,909.9154468954048
OUT_08948,160.2824726975882
OUT_08949,286.07673496984637
OUT_08950,294.9123147596948
OUT_08951,119.09004292876303
OUT_08952,131.03857235007072
OUT_08953,78.04861127145492
OUT_08954,146.29613572995845
OUT_08955,79.95183911580337
OUT_08956,180.58517374200764
OUT_08957,121.82717941054396
OUT_08958,950.3353643383472
OUT_08959,394.94269424189713
OUT_08960,90.28709843856268
OUT_08961,141.93049157756803
OUT_08962,105.70401603164444
OUT_08963,86.49780506869827
OUT_08964,918.7903067450856
OUT_08965,1000.5639978877688
OUT_08966,330.91774882977484
OUT_08967,122.07832964265559
OUT_08968,397.74196248985027
OUT_08969,961.5052729507292
OUT_08970,413.6323519628903
OUT_08971,188.20680085966933
OUT_08972,120.37737990781218
OUT_08973,199.69044310256058
OUT_08974,299.13731103794373
OUT_08975,121.08997559271768
OUT_08976,170.88949507298204
OUT_08977,119.35992082092653
OUT_08978,870.5707517593437
OUT_08979,947.392420423218
OUT_08980,138.1470343731511
OUT_08981,107.64066590023434
OUT_08982,173.18030047220677
OUT_08983,299.4633449925488
OUT_08984,133.65627572114536
OUT_08985,137.66571842638805
OUT_08986,867.9371095903288
OUT_08987,250.5349571251327
OUT_08988,128.76403531257782
OUT_08989,126.93836421320384
OUT_08990,102.91192721566252
OUT_08991,291.82473780622104
OUT_08992,885.4711011898908
OUT_08993,68.45140788778833
OUT_08994,315.06896882356085
OUT_08995,1177.3322269928017
OUT_08996,104.58831283073344
OUT_08997,423.21320633493804
OUT_08998,366.3634805551749
OUT_08999,299.4671522726965
OUT_09000,99.10400273421591
OUT_09001,154.98952274324992
OUT_09002,179.68128383465935
OUT_09003,106.54214524696984
OUT_09004,120.61477710242913
OUT_09005,118.84621136229656
OUT_09006,1204.754412377186
OUT_09007,1151.303815167692
OUT_09008,143.7511174353246
OUT_09009,115.0768500545566
OUT_09010,969.0952395051464
OUT_09011,981.742914480402
OUT_09012,1108.2043110641798
OUT_09013,141.0861774270846
OUT_09014,916.8489665136532
OUT_09015,1223.6046000811668
OUT_09016,175.70990518106717
OUT_09017,134.41704952963514
OUT_09018,171.75665977887132
OUT_09019,115.070484655243
OUT_09020,133.71886926263755
OUT_09021,130.52366702429663
OUT_09022,386.1843501959835
OUT_09023,128.24247332770545
OUT_09024,1305.3670946825257
OUT_09025,324.1741871559676
OUT_09026,125.21175517156048
OUT_09027,167.10427154450724
OUT_09028,366.78957971487273
OUT_09029,142.40071418007443
OUT_09030,122.04295245162865
OUT_09031,118.67467251597031
OUT_09032,334.26388964682036
OUT_09033,131.93124725938097
OUT_09034,381.0943866134361
OUT_09035,351.3652426769624
OUT_09036,1374.1657360761312
OUT_09037,120.77461988917013
OUT_09038,302.8194263873479
OUT_09039,989.7977229943592
OUT_09040,193.56056441918633
OUT_09041,369.5557003892743
OUT_09042,973.440132630492
OUT_09043,983.2325884008942
OUT_09044,404.2168886005619
OUT_09045,351.5853891555818
OUT_09046,96.8151916624562
OUT_09047,931.5304496953902
OUT_09048,949.4415772062116
OUT_09049,122.04517405967162
OUT_09050,942.5844005309611
OUT_09051,952.7441206720332
OUT_09052,131.28116160440132
OUT_09053,408.6548301560918
OUT_09054,346.5484653808516
OUT_09055,189.4911154806805
OUT_09056,334.096000637947
OUT_09057,301.71521380976526
OUT_09058,947.3441499748744
OUT_09059,136.97264691694738
OUT_09060,129.03806058587878
OUT_09061,163.5577992034909
OUT_09062,136.86487784710621
OUT_09063,141.6759584299707
OUT_09064,949.86813956273
OUT_09065,331.6070154352379
OUT_09066,163.68070399368116
OUT_09067,159.97599032903435
OUT_09068,954.6500278921663
OUT_09069,371.9244249483532
OUT_09070,936.9273641706907
OUT_09071,1072.7780271725107
OUT_09072,1201.1658781638662
OUT_09073,383.1262026413748
OUT_09074,948.5214554651408
OUT_09075,142.01661028051973
OUT_09076,345.6361499271668
OUT_09077,142.29639128304493
OUT_09078,408.3896431838573
OUT_09079,334.11524920916247
OUT_09080,127.12973008526178
OUT_09081,919.5380930788036
OUT_09082,149.45229515357033
OUT_09083,281.35148418886695
OUT_09084,154.64270914817712
OUT_09085,131.68422823068076
OUT_09086,109.32446724392082
OUT_09087,114.85822102837287
OUT_09088,148.57399901186102
OUT_09089,982.1484724677337
OUT_09090,317.1422858759654
OUT_09091,323.5333104351244
OUT_09092,105.45825568561068
OUT_09093,967.844215058824
OUT_09094,318.2776950258557
OUT_09095,382.57069404779116
OUT_09096,326.11736266191133
OUT_09097,940.1083550629436
OUT_09098,143.7028640141771
OUT_09099,350.7715907356273
OUT_09100,307.4314028427943
OUT_09101,285.0301304208427
OUT_09102,321.8885607980126
OUT_09103,132.7640404871497
OUT_09104,964.8059923737028
OUT_09105,162.83022968998802
OUT_09106,264.3495050478423
OUT_09107,120.29826007340418
OUT_09108,360.4739752863711
OUT_09109,142.68715212652398
OUT_09110,884.6358738742308
OUT_09111,1126.2122417050307
OUT_09112,376.3466013005224
OUT_09113,166.42187709058186
OUT_09114,298.3167367006752
OUT_09115,132.6854166744664
OUT_09116,198.62755159082863
OUT_09117,371.6791055265908
OUT_09118,193.18313453118768
OUT_09119,244.8065433896071
OUT_09120,916.6270778815864
OUT_09121,139.17602671512472
OUT_09122,964.6522850559757
OUT_09123,381.7031760997193
OUT_09124,130.81170302823088
OUT_09125,91.16394499625942
OUT_09126,144.05324919866692
OUT_09127,144.66788647215202
OUT_09128,376.9706546042902
OUT_09129,139.94417586252248
OUT_09130,108.260135594827
OUT_09131,350.61915260201573
OUT_09132,120.14862927507684
OUT_09133,116.16005313451625
OUT_09134,1303.470660609212
OUT_09135,130.28134785829647
OUT_09136,153.08462306318256
OUT_09137,123.93005013389855
OUT_09138,145.2230515752647
OUT_09139,342.2338407424624
OUT_09140,142.90599706279295
OUT_09141,118.12939139912194
OUT_09142,390.84354337302864
OUT_09143,310.352824857808
OUT_09144,140.6709501483837
OUT_09145,148.29502262314557
OUT_09146,314.3673867484817
OUT_09147,129.6789638712094
OUT_09148,134.02673285821896
OUT_09149,97.47484266308297
OUT_09150,141.03672846496113
OUT_09151,976.291349012021
OUT_09152,97.12895158733203
OUT_09153,111.7903360323551
OUT_09154,395.64131282070105
OUT_09155,101.2172221367603
OUT_09156,157.9136347793443
OUT_09157,227.33863407017955
OUT_09158,316.34184047455915
OUT_09159,307.7594294812634
OUT_09160,135.37008699382196
OUT_09161,150.87651195647408
OUT_09162,146.94667807718415
OUT_09163,109.76832409278649
OUT_09164,330.41378487899976
OUT_09165,306.71264250003264
OUT_09166,173.14379930048645
OUT_09167,325.9733984196668
OUT_09168,170.2763250894305
OUT_09169,124.15281514894508
OUT_09170,896.1219871438828
OUT_09171,115.89294337021751
OUT_09172,362.7379501241779
OUT_09173,110.99387903162703
OUT_09174,342.1128726280085
OUT_09175,332.53967368330615
OUT_09176,96.647846782381
OUT_09177,153.6533802492825
OUT_09178,137.82437449017715
OUT_09179,155.41004980034802
OUT_09180,336.40138227112936
OUT_09181,285.0503088665802
OUT_09182,345.9075766004198
OUT_09183,938.207413663852
OUT_09184,129.1551074052856
OUT_09185,992.158697603317
OUT_09186,975.6244895369484
OUT_09187,354.9320954456064
OUT_09188,340.87912915101924
OUT_09189,118.5454655513007
OUT_09190,346.8067511526053
OUT_09191,899.2419782630957
OUT_09192,345.02872417092954
OUT_09193,102.20064795548097
OUT_09194,144.84249675303133
OUT_09195,128.87556356297335
OUT_09196,84.66825616070187
OUT_09197,304.9876561759568
OUT_09198,949.367550755991
OUT_09199,162.9429990320889
OUT_09200,915.1248761253112
OUT_09201,298.5380612413999
OUT_09202,183.55883112764954
OUT_09203,100.91546459745365
OUT_09204,295.07842006234154
OUT_09205,129.42561538747282
OUT_09206,95.60041582260814
OUT_09207,959.520135365404
OUT_09208,125.64888109144641
OUT_09209,127.52100595418776
OUT_09210,378.81549785862376
OUT_09211,420.3352042791612
OUT_09212,153.79107210415228
OUT_09213,355.98878068415604
OUT_09214,1205.1956120965554
OUT_09215,1247.361625946786
OUT_09216,1235.5062071843888
OUT_09217,946.6236445219726
OUT_09218,120.37768542503532
OUT_09219,230.091749670852
OUT_09220,281.3401974376426
OUT_09221,1132.620073830699
OUT_09222,139.22970504611766
OUT_09223,149.6607419270086
OUT_09224,283.79916140784206
OUT_09225,105.67130995553575
OUT_09226,193.56056441918633
OUT_09227,90.82231584040294
OUT_09228,137.9608718211154
OUT_09229,326.70439655394625
OUT_09230,116.5364999435574
OUT_09231,123.88086749769111
OUT_09232,976.687869989563
OUT_09233,971.2950084623284
OUT_09234,105.44259765938487
OUT_09235,104.43510572786954
OUT_09236,998.0575292696652
OUT_09237,144.33935935132592
OUT_09238,307.6962639135483
OUT_09239,193.56056441918633
OUT_09240,112.98535092647029
OUT_09241,302.7548502419075
OUT_09242,147.2309307222517
OUT_09243,927.171115299466
OUT_09244,274.15820799055535
OUT_09245,153.249058916512
OUT_09246,149.2466073600591
OUT_09247,154.86140217717835
OUT_09248,128.09180295411429
OUT_09249,132.60452176233142
OUT_09250,308.3374507979133
OUT_09251,110.06962775510358
OUT_09252,126.80645613276863
OUT_09253,386.8379692174233
OUT_09254,115.44813146258174
OUT_09255,343.08680975980695
OUT_09256,250.0285810114065
OUT_09257,1180.6948603185351
OUT_09258,138.13228722021887
OUT_09259,928.6876370604746
OUT_09260,133.7269365862147
OUT_09261,126.43814964064534
OUT_09262,927.273125278943
OUT_09263,859.6290741427474
OUT_09264,108.79495010697569
OUT_09265,929.7066701123867
OUT_09266,114.2508306448838
OUT_09267,369.56970968376015
OUT_09268,123.6011381982646
OUT_09269,167.78648798315737
OUT_09270,120.74304041694099
OUT_09271,291.9069672045644
OUT_09272,264.8237160636629
OUT_09273,156.8811371390522
OUT_09274,1186.4757939869153
OUT_09275,1121.3611491215138
OUT_09276,120.8594228236478
OUT_09277,295.67871239260796
OUT_09278,148.33203293414678
OUT_09279,134.5844023904496
OUT_09280,109.13409292185216
OUT_09281,144.83772325460856
OUT_09282,124.35902872961675
OUT_09283,324.2805418191665
OUT_09284,355.6868143610791
OUT_09285,87.03474284562701
OUT_09286,328.1346713258014
OUT_09287,121.54781935934292
OUT_09288,957.1900132265564
OUT_09289,147.44528189341182
OUT_09290,168.3651030745579
OUT_09291,299.1842785048844
OUT_09292,76.1067582895808
OUT_09293,295.89658841680654
OUT_09294,330.56367040304053
OUT_09295,143.99032800780384
OUT_09296,127.5782759401293
OUT_09297,877.3673733093182
OUT_09298,142.69991451367858
OUT_09299,130.38059262559935
OUT_09300,106.71747065081591
OUT_09301,318.4869579717581
OUT_09302,339.59232998125896
OUT_09303,1296.4699364656742
OUT_09304,966.3571225877172
OUT_09305,153.266274042957
OUT_09306,108.80639651934439
OUT_09307,1028.9039716135103
OUT_09308,136.3986658176961
OUT_09309,141.3679497237932
OUT_09310,1289.6422686884764
OUT_09311,138.63800979360872
OUT_09312,126.06391542892536
OUT_09313,158.4919886256161
OUT_09314,401.02516807697134
OUT_09315,271.814406325826
OUT_09316,339.7494858769043
OUT_09317,988.4664296588368
OUT_09318,963.4690395275854
OUT_09319,394.61040201998793
OUT_09320,996.3761770857352
OUT_09321,125.3028822596722
OUT_09322,150.6639959801956
OUT_09323,1175.9808712506974
OUT_09324,286.0151687909063
OUT_09325,133.16028678840016
OUT_09326,164.28419131050074
OUT_09327,154.6816907605121
OUT_09328,130.5150335398868
OUT_09329,117.00937264854561
OUT_09330,141.32754093889528
OUT_09331,312.1903255682822
OUT_09332,998.7228353774988
OUT_09333,106.60077340393791
OUT_09334,158.32449945059193
OUT_09335,128.49164848144807
OUT_09336,975.5843267652564
OUT_09337,113.82473182782302
OUT_09338,135.0099802607332
OUT_09339,130.5879503626503
OUT_09340,860.0761183575892
OUT_09341,184.9035982810892
OUT_09342,948.734575907542
OUT_09343,354.86824421685185
OUT_09344,164.65385557762787
OUT_09345,175.18473378502125
OUT_09346,105.20213515528529
OUT_09347,378.641099768673
OUT_09348,118.0246735246683
OUT_09349,281.6604085077625
OUT_09350,130.18543880911335
OUT_09351,254.3100620866049
OUT_09352,112.88334859082775
OUT_09353,108.43421691614219
OUT_09354,905.205864484843
OUT_09355,309.79182811374886
OUT_09356,134.73674534168214
OUT_09357,961.896817148616
OUT_09358,130.4693084133557
OUT_09359,131.07594102199252
OUT_09360,136.76532252535094
OUT_09361,126.05392371029669
OUT_09362,149.49328075197676
OUT_09363,109.93842308345518
OUT_09364,141.56492323776098
OUT_09365,973.9748075423956
OUT_09366,169.97464689397495
OUT_09367,147.4947836826973
OUT_09368,147.89562869972866
OUT_09369,1211.9751466682565
OUT_09370,300.70354890665084
OUT_09371,165.80309462649814
OUT_09372,372.10208914502175
OUT_09373,255.5457596275744
OUT_09374,167.46443588756884
OUT_09375,168.18112507713272
OUT_09376,166.2211656846178
OUT_09377,878.7426816446092
OUT_09378,145.65803490765055
OUT_09379,251.34600331138404
OUT_09380,317.96088463283377
OUT_09381,176.33632682597653
OUT_09382,292.3127278288623
OUT_09383,390.44173875611176
OUT_09384,91.46080603263732
OUT_09385,392.653268979557
OUT_09386,375.3480278855501
OUT_09387,143.7852320712342
OUT_09388,283.21918504613785
OUT_09389,118.92820175044436
OUT_09390,1126.5025113244471
OUT_09391,359.56060166905223
OUT_09392,108.28287066635727
OUT_09393,113.01637783547662
OUT_09394,336.86516825684294
OUT_09395,176.49912281028895
OUT_09396,558.9494928454401
OUT_09397,308.2950990603022
OUT_09398,302.44943879867054
OUT_09399,334.8018407282447
OUT_09400,1401.4062404799645
OUT_09401,351.72035354366216
OUT_09402,111.94729338000457
OUT_09403,165.58609687923175
OUT_09404,287.2103536954558
OUT_09405,349.6086772555475
OUT_09406,137.58560121508344
OUT_09407,997.0285737362152
OUT_09408,133.0788839555433
OUT_09409,174.24668395069656
OUT_09410,950.0811491072776
OUT_09411,370.8197593671068
OUT_09412,103.66471063980926
OUT_09413,138.52699985410865
OUT_09414,349.1799508891602
OUT_09415,127.43639423894338
OUT_09416,170.8069075236412
OUT_09417,366.057862589848
OUT_09418,379.1900480501159
OUT_09419,117.65758053607833
OUT_09420,129.72353819228883
OUT_09421,260.01736182682623
OUT_09422,1100.7065833526322
OUT_09423,261.14679911546165
OUT_09424,429.1161850148386
OUT_09425,328.71580526104054
OUT_09426,107.37602771621812
OUT_09427,330.94758669645694
OUT_09428,156.2729300179257
OUT_09429,304.5824211231344
OUT_09430,375.61433210691536
OUT_09431,144.51527919576944
OUT_09432,155.38331459657135
OUT_09433,127.04013555781155
OUT_09434,140.86485130407146
OUT_09435,101.71241833736477
OUT_09436,366.19827424797336
OUT_09437,135.84671913903534
OUT_09438,154.24082181123677
OUT_09439,235.23872990482437
OUT_09440,113.67611822460636
OUT_09441,129.5855738183223
OUT_09442,355.8492446362352
OUT_09443,118.44589520978869
OUT_09444,123.12508875861202
OUT_09445,1237.321976327266
OUT_09446,287.424917956487
OUT_09447,351.2842528015276
OUT_09448,975.8779712687718
OUT_09449,163.10833706351426
OUT_09450,900.9706027127507
OUT_09451,126.65911489546433
OUT_09452,242.51181165339443
OUT_09453,149.05283433586064
OUT_09454,125.94464289964907
OUT_09455,408.6640977996639
OUT_09456,129.41514712503573
OUT_09457,121.69708446722132
OUT_09458,372.70198536767066
OUT_09459,96.07397427533353
OUT_09460,165.7254395865378
OUT_09461,311.5550348197543
OUT_09462,116.29141159379365
OUT_09463,955.6115650988384
OUT_09464,171.2460004854721
OUT_09465,167.65350851182697
OUT_09466,313.73031471092776
OUT_09467,193.56056441918633
OUT_09468,193.56056441918633
OUT_09469,896.4940214722463
OUT_09470,337.68155156521664
OUT_09471,363.97854066963504
OUT_09472,155.16366136509632
OUT_09473,159.51165946561756
OUT_09474,142.60793733215536
OUT_09475,104.19782352857904
OUT_09476,888.3737225638936
OUT_09477,910.1599409696008
OUT_09478,86.53576960183076
OUT_09479,431.2883168800749
OUT_09480,302.58602331090697
OUT_09481,314.5435450013897
OUT_09482,1162.2543596409266
OUT_09483,142.07749691099755
OUT_09484,793.5678998242488
OUT_09485,166.59232842385973
OUT_09486,178.90951416602272
OUT_09487,925.9466503212024
OUT_09488,115.51211341114096
OUT_09489,134.95262393417948
OUT_09490,88.01151500193727
OUT_09491,922.5577812111106
OUT_09492,346.67764109555264
OUT_09493,102.94201334817619
OUT_09494,117.20317614278119
OUT_09495,327.80492806481965
OUT_09496,139.61349101275192
OUT_09497,127.93047953922701
OUT_09498,280.9589913703292
OUT_09499,105.0252713357223
OUT_09500,158.8092971322978
OUT_09501,1195.620527913453
OUT_09502,148.312643228653
OUT_09503,97.43595068732448
OUT_09504,129.85938539874363
OUT_09505,307.37669034410214
OUT_09506,143.3349250596494
OUT_09507,355.2969631594948
OUT_09508,378.8613856282516
OUT_09509,972.9697516335472
OUT_09510,311.81433014373
OUT_09511,150.04793570006058
OUT_09512,89.84830373421379
OUT_09513,116.21644321189737
OUT_09514,131.99466850749883
OUT_09515,1411.6071187744226
OUT_09516,134.90263483950184
OUT_09517,169.23754251043232
OUT_09518,293.48882376410245
OUT_09519,833.6946807524597
OUT_09520,263.702521021272
OUT_09521,169.8080719213643
OUT_09522,135.28351715141517
OUT_09523,1172.5240535849773
OUT_09524,333.7869388464737
OUT_09525,374.6686747322732
OUT_09526,90.53005255216804
OUT_09527,106.0434977349947
OUT_09528,150.07415664685738
OUT_09529,373.5477331592629
OUT_09530,154.96738800677227
OUT_09531,140.65330008256106
OUT_09532,175.7981887206406
OUT_09533,1187.925919658304
OUT_09534,142.78771465287775
OUT_09535,168.66658934875235
OUT_09536,119.19146334292905
OUT_09537,291.495553241783
OUT_09538,157.0769277956083
OUT_09539,132.95567978481807
OUT_09540,910.0526237106512
OUT_09541,287.30840140715213
OUT_09542,285.0813157076184
OUT_09543,368.5965838364002
OUT_09544,77.15820145423857
OUT_09545,320.1593358468411
OUT_09546,152.15970337736488
OUT_09547,339.72761881904313
OUT_09548,928.5910105464344
OUT_09549,115.29575153501175
OUT_09550,352.1500227306158
OUT_09551,347.16759705978075
OUT_09552,925.2610743773118
OUT_09553,293.1293794445836
OUT_09554,129.97989815798022
OUT_09555,129.871217024178
OUT_09556,104.20708051429573
OUT_09557,117.42739337648547
OUT_09558,117.4160279977727
OUT_09559,332.2184255346595
OUT_09560,102.6554048359819
OUT_09561,207.28563614963215
OUT_09562,133.57541550528555
OUT_09563,162.5570067635245
OUT_09564,123.26365030777956
OUT_09565,127.47285483604094
OUT_09566,148.29872354219384
OUT_09567,343.36744554018395
OUT_09568,924.182190251893
OUT_09569,427.3402516179153
OUT_09570,961.0127566200384
OUT_09571,184.39586010944038
OUT_09572,281.23152009084214
OUT_09573,329.18716472407675
OUT_09574,149.98093570316323
OUT_09575,98.51369103528522
OUT_09576,1008.6668782957196
OUT_09577,107.93001270895128
OUT_09578,290.51931875610194
OUT_09579,883.8093315797826
OUT_09580,157.35459117340548
OUT_09581,920.7359652029024
OUT_09582,1171.4032178538464
OUT_09583,946.7797733741604
OUT_09584,122.26851168424966
OUT_09585,1011.0634754418752
OUT_09586,1208.7314809755032
OUT_09587,108.79097999357073
OUT_09588,276.4428066844227
OUT_09589,294.8560474502461
OUT_09590,362.24320403880137
OUT_09591,324.595986648635
OUT_09592,1104.7327607626794
OUT_09593,153.08794560909124
OUT_09594,289.4150592882392
OUT_09595,337.4180432626359
OUT_09596,167.78401992280578
OUT_09597,317.95594686012447
OUT_09598,177.48308711859488
OUT_09599,121.3864048535088
OUT_09600,993.786853336339
OUT_09601,139.02988430392136
OUT_09602,103.23592275587072
OUT_09603,1143.0016733581838
OUT_09604,165.01382565808117
OUT_09605,335.0539297133895
OUT_09606,373.7290467645941
OUT_09607,890.117635530118
OUT_09608,1177.7806299210024
OUT_09609,153.15470895046374
OUT_09610,322.17767193290183
OUT_09611,118.00822284022453
OUT_09612,136.08989549154745
OUT_09613,124.98997954735736
OUT_09614,1157.9973784439858
OUT_09615,271.17613271497373
OUT_09616,99.49577548881076
OUT_09617,112.53254911227963
OUT_09618,326.1312058939481
OUT_09619,177.68589641756384
OUT_09620,322.9362132337004
OUT_09621,96.49423597207787
OUT_09622,372.2112012476824
OUT_09623,193.56056441918633
OUT_09624,137.57000571996284
OUT_09625,143.60083147338855
OUT_09626,337.0867242473756
OUT_09627,288.955912184947
OUT_09628,179.1741380303782
OUT_09629,281.80410070287485
OUT_09630,105.97704773995224
OUT_09631,376.1801379801614
OUT_09632,139.1653947298404
OUT_09633,342.09027075979054
OUT_09634,1218.6985048824044
OUT_09635,280.4202941014075
OUT_09636,954.0461384355232
OUT_09637,1076.6816211270348
OUT_09638,98.72440446687595
OUT_09639,158.8385995294244
OUT_09640,124.82879150320406
OUT_09641,121.26049098513748
OUT_09642,127.83174064797102
OUT_09643,401.03967577089554
OUT_09644,146.17680538991732
OUT_09645,130.9604151527123
OUT_09646,128.570285686291
OUT_09647,330.32033098302986
OUT_09648,879.3325837772439
OUT_09649,282.06169625832126
OUT_09650,114.51421541432039
OUT_09651,93.99533307139426
OUT_09652,155.01259498798487
OUT_09653,305.7059507962197
OUT_09654,347.2688684374038
OUT_09655,94.80341597307107
OUT_09656,961.9073331601256
OUT_09657,148.26180359105177
OUT_09658,125.64819734989787
OUT_09659,122.47519532403875
OUT_09660,351.2505886086302
OUT_09661,284.3577242561277
OUT_09662,127.62074659389684
OUT_09663,147.42768215390643
OUT_09664,134.07037889534254
OUT_09665,266.2780257549062
OUT_09666,124.50691532046379
OUT_09667,326.0762094180885
OUT_09668,358.6284295435048
OUT_09669,139.98585838013236
OUT_09670,364.1554555387602
OUT_09671,295.8077768033611
OUT_09672,129.5675286025888
OUT_09673,315.9000957883531
OUT_09674,135.91940170732246
OUT_09675,112.8647091588547
OUT_09676,398.8040305290888
OUT_09677,134.77419420343355
OUT_09678,129.11730586422235
OUT_09679,209.99908661435822
OUT_09680,346.2143981109869
OUT_09681,81.90141052679232
OUT_09682,948.1693072849029
OUT_09683,345.4140830262259
OUT_09684,160.4523829043303
OUT_09685,160.2646524913757
OUT_09686,111.43450781338804
OUT_09687,163.99412642465924
OUT_09688,376.2448438766943
OUT_09689,132.35658100426085
OUT_09690,154.61386372703748
OUT_09691,119.28390134387917
OUT_09692,147.64877025002392
OUT_09693,347.9698902640497
OUT_09694,915.7333191539318
OUT_09695,305.7641596811144
OUT_09696,195.83278930368198
OUT_09697,350.2547882764335
OUT_09698,273.8625086811566
OUT_09699,168.3873620143122
OUT_09700,93.4987226040552
OUT_09701,173.64972680137
OUT_09702,124.98278675015312
OUT_09703,140.32439279052738
OUT_09704,157.86846594796984
OUT_09705,259.9834214584425
OUT_09706,95.94516588186951
OUT_09707,1177.255023776553
OUT_09708,105.8156760483796
OUT_09709,169.90646719024824
OUT_09710,1122.2497201549043
OUT_09711,315.5375221947996
OUT_09712,329.7652360742457
OUT_09713,139.12113963467203
OUT_09714,130.23964863052333
OUT_09715,1182.9880038003375
OUT_09716,896.7777837372713
OUT_09717,940.292129811736
OUT_09718,980.1609296651473
OUT_09719,894.7726073455815
OUT_09720,106.4555225229491
OUT_09721,286.7169173563716
OUT_09722,143.75993665778213
OUT_09723,327.6653411815526
OUT_09724,124.20095524205479
OUT_09725,129.05160355331495
OUT_09726,128.09212852933902
OUT_09727,1167.369671926643
OUT_09728,162.0192339766856
OUT_09729,119.5019116961802
OUT_09730,193.56056441918633
OUT_09731,1216.9843232324988
OUT_09732,128.35129190382062
OUT_09733,86.55908133155519
OUT_09734,121.1195326042716
OUT_09735,135.20482151577244
OUT_09736,328.29851589242264
OUT_09737,102.24675182726992
OUT_09738,104.74355748201359
OUT_09739,178.92214888460575
OUT_09740,119.29341102661232
OUT_09741,126.99363883924447
OUT_09742,359.1114938283864
OUT_09743,148.7061100767307
OUT_09744,184.27140409126008
OUT_09745,133.47460716403887
OUT_09746,138.88673678391118
OUT_09747,138.28565883021258
OUT_09748,917.840160183384
OUT_09749,130.07017539451724
OUT_09750,1125.4192050790398
OUT_09751,169.19381843875811
OUT_09752,122.41455181691992
OUT_09753,154.61235663737284
OUT_09754,359.2562242541432
OUT_09755,827.0684377825312
OUT_09756,289.2142046947019
OUT_09757,177.85440764474797
OUT_09758,391.19183125631395
OUT_09759,173.41539365566126
OUT_09760,146.01473472845862
OUT_09761,145.91554420027882
OUT_09762,942.4272619821162
OUT_09763,1283.293072451452
OUT_09764,330.3027561067116
OUT_09765,116.03644970715084
OUT_09766,327.07318099415363
OUT_09767,184.30028574414067
OUT_09768,958.8779373628568
OUT_09769,135.18229047630294
OUT_09770,271.80271529285596
OUT_09771,178.46821948442766
OUT_09772,910.9062946728388
OUT_09773,293.6703964128332
OUT_09774,937.7587944431964
OUT_09775,104.5759247410179
OUT_09776,147.86410498374894
OUT_09777,277.71241273852684
OUT_09778,1175.7247054213626
OUT_09779,357.95130879667494
OUT_09780,1158.5945868778208
OUT_09781,145.20702949513588
OUT_09782,366.7633181206915
OUT_09783,978.3829518262884
OUT_09784,399.43858085295176
OUT_09785,102.08443321117542
OUT_09786,386.0145745987162
OUT_09787,994.481627504776
OUT_09788,855.4725129121589
OUT_09789,107.9082386448299
OUT_09790,188.55010506228487
OUT_09791,139.91863937369408
OUT_09792,926.8992145069584
OUT_09793,167.12071076276325
OUT_09794,169.28885562801037
OUT_09795,968.3691669368222
OUT_09796,145.78127873692208
OUT_09797,169.9532565970235
OUT_09798,343.9180435189779
OUT_09799,292.4240131830742
OUT_09800,101.99643481973482
OUT_09801,119.70895583903653
OUT_09802,335.4995503605547
OUT_09803,168.78718794575175
OUT_09804,112.30645392418036
OUT_09805,151.49051110573942
OUT_09806,792.3589060649657
OUT_09807,324.62836652321084
OUT_09808,930.0770878482922
OUT_09809,150.54537580279896
OUT_09810,128.06802953199323
OUT_09811,889.9212545751212
OUT_09812,1192.562062819417
OUT_09813,896.4217741592953
OUT_09814,141.55358404655044
OUT_09815,342.4616946410761
OUT_09816,130.9024846008142
OUT_09817,1194.6175325635295
OUT_09818,86.63795120475312
OUT_09819,142.54767655591317
OUT_09820,131.5559779791404
OUT_09821,119.49843170504128
OUT_09822,103.27177167780872
OUT_09823,395.47866265490256
OUT_09824,123.02283960836814
OUT_09825,120.97732067018369
OUT_09826,147.35730228509357
OUT_09827,290.9359429368937
OUT_09828,346.7809193192139
OUT_09829,941.2877664059864
OUT_09830,349.2484437089358
OUT_09831,148.81158790487237
OUT_09832,132.4622757423138
OUT_09833,127.9325027287031
OUT_09834,124.84505283591945
OUT_09835,316.97779337895184
OUT_09836,154.53310359781858
OUT_09837,1186.047769913703
OUT_09838,128.5213447932994
OUT_09839,179.6949428563331
OUT_09840,920.5702673546652
OUT_09841,110.31121642282115
OUT_09842,159.30656937941544
OUT_09843,117.0519156355443
OUT_09844,140.20735133530846
OUT_09845,135.62877712699594
OUT_09846,145.4936815944053
OUT_09847,341.5518335684128
OUT_09848,339.83405766417434
OUT_09849,172.4368441941037
OUT_09850,116.62154281642202
OUT_09851,290.4446645766939
OUT_09852,360.33297932804675
OUT_09853,144.5113317402984
OUT_09854,130.10784861099154
OUT_09855,128.82504695598274
OUT_09856,139.49476044067717
OUT_09857,370.6026005017629
OUT_09858,147.5347777180069
OUT_09859,949.115209573356
OUT_09860,137.29437522846794
OUT_09861,908.0251988690686
OUT_09862,371.199338254168
OUT_09863,322.2902866569999
OUT_09864,169.22543159390017
OUT_09865,183.1288022945921
OUT_09866,123.85563390692619
OUT_09867,371.05792959415686
OUT_09868,960.2949478323094
OUT_09869,94.69268940646425
OUT_09870,278.45990757617017
OUT_09871,351.6385546195605
OUT_09872,148.96325411175508
OUT_09873,115.79851266085257
OUT_09874,948.1788788157093
OUT_09875,119.00164395906494
OUT_09876,303.96310443915735
OUT_09877,1010.6244359344712
OUT_09878,137.4667193540902
OUT_09879,172.38306376062098
OUT_09880,124.99053145501989
OUT_09881,320.3011677544777
OUT_09882,361.9390797044892
OUT_09883,253.3836683374655
OUT_09884,107.37464933261796
OUT_09885,208.42529002792872
OUT_09886,131.88353201492762
OUT_09887,358.9262995336375
OUT_09888,140.57468793371407
OUT_09889,124.1261360649124
OUT_09890,281.6197428484326
OUT_09891,128.3186572024115
OUT_09892,89.176175158469
OUT_09893,302.2999332688985
OUT_09894,156.72767112245725
OUT_09895,136.1587130871827
OUT_09896,338.5979508429791
OUT_09897,144.95848353362277
OUT_09898,136.59864107845146
OUT_09899,146.8326138750346
OUT_09900,383.1290982892099
OUT_09901,75.43071553385747
OUT_09902,179.92958967458654
OUT_09903,1170.540213381663
OUT_09904,101.34533397791274
OUT_09905,146.054384828237
OUT_09906,190.28866248305596
OUT_09907,302.82231418349835
OUT_09908,276.66051597389634
OUT_09909,130.39598817924985
OUT_09910,124.02303900051254
OUT_09911,876.0187220029625
OUT_09912,992.6432761035506
OUT_09913,405.1228620974963
OUT_09914,938.6570307454988
OUT_09915,275.4433668930846
OUT_09916,330.6811683050662
OUT_09917,257.0330929018224
OUT_09918,161.662916206178
OUT_09919,141.91967339024544
OUT_09920,176.83749713466784
OUT_09921,107.28705959619354
OUT_09922,1104.5126815917965
OUT_09923,104.57188962578552
OUT_09924,323.0527962088024
OUT_09925,328.665485140251
OUT_09926,123.79688714107344
OUT_09927,366.0061662268752
OUT_09928,132.84104248580942
OUT_09929,291.31880237272253
OUT_09930,353.70736694202054
OUT_09931,169.0053713409362
OUT_09932,339.69229304599924
OUT_09933,1206.749635300361
OUT_09934,948.0748302453834
OUT_09935,947.9191907019792
OUT_09936,155.68524835154886
OUT_09937,893.3935865355529
OUT_09938,110.80685742698685
OUT_09939,321.9057613239332
OUT_09940,122.45705855842313
OUT_09941,143.63931968722522
OUT_09942,113.04112446549877
OUT_09943,301.6259014974472
OUT_09944,130.20531603234912
OUT_09945,72.28028804922667
OUT_09946,995.7267217691208
OUT_09947,314.6204142537482
OUT_09948,123.10198922576409
OUT_09949,134.3914422090798
OUT_09950,193.56056441918633
OUT_09951,156.50208429997502
OUT_09952,941.857758834596
OUT_09953,352.8769179341414
OUT_09954,141.69468149707245
OUT_09955,119.74048493213428
OUT_09956,320.7824277012512
OUT_09957,307.34486062745555
OUT_09958,122.24107968620068
OUT_09959,363.6466625908542
OUT_09960,142.16590927313212
OUT_09961,984.6617425617368
OUT_09962,114.70082285592412
OUT_09963,941.926754629277
OUT_09964,315.9522987366477
OUT_09965,101.89003222634359
OUT_09966,969.7180432242836
OUT_09967,93.7469427236294
OUT_09968,321.87034400160553
OUT_09969,167.45063439639722
OUT_09970,121.6552762164592
OUT_09971,158.18296445050265
OUT_09972,372.19328165712454
OUT_09973,114.26325377947994
OUT_09974,141.92206944628364
OUT_09975,162.67862933020737
OUT_09976,105.8875632965186
OUT_09977,979.49327217569
OUT_09978,315.71974306931304
OUT_09979,920.6453494852104
OUT_09980,112.46825334289937
OUT_09981,138.81818799352268
OUT_09982,1115.590598491284
OUT_09983,136.1992817202384
OUT_09984,319.3951335744806
OUT_09985,365.5491670081364
OUT_09986,283.72430764568213
OUT_09987,923.5963079947728
OUT_09988,315.8499550513673
OUT_09989,957.502023962726
OUT_09990,304.56529805765206
OUT_09991,117.79865979362337
OUT_09992,146.27354530944376
OUT_09993,140.25595516379417
OUT_09994,155.2229268534188
OUT_09995,130.03177569093717
OUT_09996,271.2535528283067
OUT_09997,295.3114494071183
OUT_09998,362.22042226070704
OUT_09999,146.0822081562032
OUT_10000,315.0455677658293
OUT_10001,112.46218233647112
OUT_10002,378.31833294082236
OUT_10003,362.8952470842028
OUT_10004,115.28689119038273
OUT_10005,160.21736004521551
OUT_10006,871.1735357036171
OUT_10007,1183.2966180647193
OUT_10008,159.61874833547324
OUT_10009,345.6076161994132
OUT_10010,111.5501814520496
OUT_10011,993.6648796360948
OUT_10012,127.48664601355595
OUT_10013,190.59154447754236
OUT_10014,135.68006369814006
OUT_10015,200.02384675451492
OUT_10016,172.59248402665528
OUT_10017,330.2492199808908
OUT_10018,144.32073236795156
OUT_10019,303.842980766958
OUT_10020,100.53663956193446
OUT_10021,340.7346295039985
OUT_10022,300.8800669645286
OUT_10023,1210.4127705518058
OUT_10024,190.77202185719935
OUT_10025,288.1196018911576
OUT_10026,383.63105716901725
OUT_10027,144.1830496267963
OUT_10028,163.72259359839683
OUT_10029,134.89905567253334
OUT_10030,248.91887969159808
OUT_10031,193.56056441918633
OUT_10032,151.68845505192553
OUT_10033,150.97127218266272
OUT_10034,954.4064539105816
OUT_10035,155.79213866961635
OUT_10036,371.0788815272515
OUT_10037,352.4102114084593
OUT_10038,344.66403777897915
OUT_10039,151.74283259962797
OUT_10040,350.0374828755951
OUT_10041,982.2053365021048
OUT_10042,917.9149822727852
OUT_10043,275.64023609052794
OUT_10044,111.0057898010606
OUT_10045,140.46794686940376
OUT_10046,372.30731592766006
OUT_10047,132.49486470542553
OUT_10048,939.4934910529104
OUT_10049,128.42583899608798
OUT_10050,129.63333464295005
OUT_10051,1168.25474998161
OUT_10052,145.2165706901214
OUT_10053,143.97621538053366
OUT_10054,116.80821096886606
OUT_10055,997.3435066998776
OUT_10056,106.34049663458734
OUT_10057,389.8854605158126
OUT_10058,948.5939240048568
OUT_10059,91.92479650536907
OUT_10060,914.9621375150512
OUT_10061,175.10214434996914
OUT_10062,153.5636700338571
OUT_10063,436.5189306103308
OUT_10064,376.4145943013767
OUT_10065,163.97969693755337
OUT_10066,147.21137799187983
OUT_10067,345.4227423487039
OUT_10068,329.9449468767551
OUT_10069,275.39283074848595
OUT_10070,117.51616623624004
OUT_10071,150.10416638728682
OUT_10072,107.61623010301084
OUT_10073,120.97121976367185
OUT_10074,346.8801667042169
OUT_10075,88.48574169839871
OUT_10076,968.8528654610736
OUT_10077,96.12113857805878
OUT_10078,350.17864580807225
OUT_10079,111.29112718567302
OUT_10080,105.37653872089707
OUT_10081,134.95712978482507
OUT_10082,369.9187242216103
OUT_10083,344.44038511828205
OUT_10084,96.65576132286688
OUT_10085,190.82721708417472
OUT_10086,328.4230993686107
OUT_10087,113.81634615843508
OUT_10088,963.8685807360112
OUT_10089,356.6483126840948
OUT_10090,882.9519245646391
OUT_10091,303.2052326643823
OUT_10092,145.48269412407012
OUT_10093,164.22762666074914
OUT_10094,152.28879055718366
OUT_10095,275.53572903910367
OUT_10096,899.7027483815895
OUT_10097,171.8256045791825
OUT_10098,104.02201448496876
OUT_10099,118.44412640037571
OUT_10100,151.97434858411563
OUT_10101,338.60306436448406
OUT_10102,109.70770362273184
OUT_10103,252.30427401340134
OUT_10104,1028.589298767124
OUT_10105,1131.063131242933
OUT_10106,137.012152411613
OUT_10107,963.0836363393264
OUT_10108,962.748818032912
OUT_10109,135.7965625091399
OUT_10110,352.69464195766886
OUT_10111,296.61227380586075
OUT_10112,152.96786747441004
OUT_10113,93.78553029620691
OUT_10114,406.07590627820696
OUT_10115,133.56055924284718
OUT_10116,1178.2504293682705
OUT_10117,155.13896120119045
OUT_10118,119.96699381422555
OUT_10119,277.1932990094941
OUT_10120,310.7021545869741
OUT_10121,380.4038990346965
OUT_10122,128.25287112297426
OUT_10123,251.7646627172864
OUT_10124,897.455512280432
OUT_10125,133.13149456398446
OUT_10126,140.2959013842607
OUT_10127,316.1783388041127
OUT_10128,334.2036993113776
OUT_10129,221.16748762919033
OUT_10130,977.5864487765424
OUT_10131,1123.9071947811035
OUT_10132,320.5578225915631
OUT_10133,354.8473444068741
OUT_10134,910.5945237669748
OUT_10135,169.9195484318105
OUT_10136,132.6951098908884
OUT_10137,119.39570108405229
OUT_10138,133.0013463179353
OUT_10139,294.4208010872123
OUT_10140,951.2938632831116
OUT_10141,284.3485976121104
OUT_10142,1137.0333716485081
OUT_10143,107.75546310320297
OUT_10144,322.50062257572927
OUT_10145,303.02291702153866
OUT_10146,334.03942830718324
OUT_10147,135.58947408792375
OUT_10148,356.16829092157127
OUT_10149,354.6105845366895
OUT_10150,112.7245463475597
OUT_10151,103.06668363213514
OUT_10152,102.76002691226903
OUT_10153,288.3934864586365
OUT_10154,319.1921470922431
OUT_10155,343.660659677842
OUT_10156,124.68862709266176
OUT_10157,853.3793309274655
OUT_10158,166.1595210292708
OUT_10159,1000.587724712056
OUT_10160,394.8828663534241
OUT_10161,309.6283693063456
OUT_10162,119.97447330977364
OUT_10163,347.41096211675574
OUT_10164,916.1486506466938
OUT_10165,900.5948178774286
OUT_10166,114.79986921870682
OUT_10167,997.7851976078382
OUT_10168,860.8998120806855
OUT_10169,125.09608602966465
OUT_10170,145.09957924777734
OUT_10171,310.1390220100009
OUT_10172,121.46864629863333
OUT_10173,308.24424137808273
OUT_10174,1192.9115567901
OUT_10175,275.20944440797183
OUT_10176,133.67811126374147
OUT_10177,407.21926191770115
OUT_10178,879.0382447188582
OUT_10179,147.20807829617422
OUT_10180,306.27815910815366
OUT_10181,1028.0407310197795
OUT_10182,393.892155361753
OUT_10183,883.8104532489814
OUT_10184,871.6028570060035
OUT_10185,1236.7892912977627
OUT_10186,125.271908948753
OUT_10187,319.88251634504104
OUT_10188,384.3549525580232
OUT_10189,127.31679621208905
OUT_10190,855.4257910532041
OUT_10191,111.9590769504085
OUT_10192,325.8975058653008
OUT_10193,870.4566931048242
OUT_10194,162.040421166322
OUT_10195,320.0602682129573
OUT_10196,1390.1677034170084
OUT_10197,168.342842810241
OUT_10198,127.27596866347852
OUT_10199,477.0139314463464
OUT_10200,113.03298522324933
OUT_10201,172.14320515848783
OUT_10202,302.4575037806026
OUT_10203,117.02175968948643
OUT_10204,299.77202500225957
OUT_10205,103.63446717314528
OUT_10206,912.5727334892032
OUT_10207,305.5862661224596
OUT_10208,1012.6300140087396
OUT_10209,330.78211258159035
OUT_10210,307.53651372875345
OUT_10211,303.1350083682961
OUT_10212,349.8975723331811
OUT_10213,1172.05459799677
OUT_10214,322.6491493274588
OUT_10215,1125.393911073159
OUT_10216,138.46713244757382
OUT_10217,369.826638546552
OUT_10218,964.2568486159493
OUT_10219,114.57274697233643
OUT_10220,177.523200076337
OUT_10221,112.64360978622024
OUT_10222,357.482751370934
OUT_10223,123.57518666433288
OUT_10224,125.63010873169401
OUT_10225,146.01152471695008
OUT_10226,313.7959195119856
OUT_10227,905.9150476217492
OUT_10228,102.05540789308846
OUT_10229,931.269527785041
OUT_10230,105.93296107055755
OUT_10231,961.0810885392516
OUT_10232,133.985208945438
OUT_10233,303.4316520273427
OUT_10234,339.62431985118485
OUT_10235,969.5604497791876
OUT_10236,149.52315073240268
OUT_10237,314.8341422748125
OUT_10238,331.0782200489921
OUT_10239,336.0217178152236
OUT_10240,113.20165503718546
OUT_10241,120.88328825727976
OUT_10242,318.3538184953593
OUT_10243,990.9279818186918
OUT_10244,1175.7962674051307
OUT_10245,128.39531763100908
OUT_10246,287.519607685201
OUT_10247,342.8752477572417
OUT_10248,965.7556169301682
OUT_10249,277.3358772195349
OUT_10250,1305.5044083465416
OUT_10251,116.58638810216182
OUT_10252,172.881025717524
OUT_10253,303.3626004381373
OUT_10254,970.3768076981968
OUT_10255,101.56864213785938
OUT_10256,316.3855800383758
OUT_10257,96.40695962522008
OUT_10258,100.8896841739671
OUT_10259,960.9243256960448
OUT_10260,970.7050091187244
OUT_10261,145.71641286059617
OUT_10262,939.7059847111692
OUT_10263,372.0868881540199
OUT_10264,128.1383038863375
OUT_10265,352.82013575209476
OUT_10266,288.96240856642544
OUT_10267,392.3814464253726
OUT_10268,902.891673035866
OUT_10269,170.07095633890592
OUT_10270,102.06237694423662
OUT_10271,109.36864832526403
OUT_10272,108.83496633624964
OUT_10273,128.9259657045905
OUT_10274,966.7221472309084
OUT_10275,308.03633475559576
OUT_10276,147.53756544171102
OUT_10277,89.99121582574573
OUT_10278,108.66441999456929
OUT_10279,359.77445704516754
OUT_10280,115.27442600654246
OUT_10281,168.52999573877852
OUT_10282,919.525726115307
OUT_10283,1014.9584930282494
OUT_10284,275.38482381872626
OUT_10285,113.73389413021185
OUT_10286,344.36939308905863
OUT_10287,115.7538839931335
OUT_10288,355.1027341618829
OUT_10289,122.62395329770197
OUT_10290,138.01374053947745
OUT_10291,928.1523423165996
OUT_10292,304.77770400911896
OUT_10293,159.40298386234934
OUT_10294,1141.4771820447368
OUT_10295,77.06662789388108
OUT_10296,319.24078701669737
OUT_10297,333.1050614019747
OUT_10298,276.7246621676791
OUT_10299,1237.3335870407643
OUT_10300,121.62568298146566
OUT_10301,308.77048434823837
OUT_10302,994.5203857403268
OUT_10303,886.4395945032753
OUT_10304,388.6926660618242
OUT_10305,139.6357308983547
OUT_10306,153.28155923439436
OUT_10307,123.03910345099486
OUT_10308,1082.299001032707
OUT_10309,103.78491872362258
OUT_10310,961.0859765138968
OUT_10311,311.5725600715973
OUT_10312,360.8401074063989
OUT_10313,135.26391335379807
OUT_10314,345.3636285358149
OUT_10315,152.0600765128579
OUT_10316,1046.334811900025
OUT_10317,358.3683637270621
OUT_10318,350.3078378647575
OUT_10319,311.07977802157694
OUT_10320,110.6700888565922
OUT_10321,139.45216585948222
OUT_10322,87.11737537742778
OUT_10323,226.13738452735507
OUT_10324,78.08177005225235
OUT_10325,307.04018231751013
OUT_10326,149.43910458477725
OUT_10327,875.7361984607082
OUT_10328,341.5356435828542
OUT_10329,193.56056441918633
OUT_10330,149.91262740255775
OUT_10331,166.58184181020601
OUT_10332,110.22159394977292
OUT_10333,86.98972425182797
OUT_10334,922.2662153915622
OUT_10335,924.6982883012728
OUT_10336,354.6319051642663
OUT_10337,144.8446244227988
OUT_10338,111.68614538230592
OUT_10339,141.13186017608712
OUT_10340,401.543571958956
OUT_10341,128.92564573079386
OUT_10342,273.72172797021966
OUT_10343,1169.8679208915587
OUT_10344,106.91654625695159
OUT_10345,308.1617497540186
OUT_10346,918.7985600585324
OUT_10347,167.85093142720817
OUT_10348,114.41712093122547
OUT_10349,1034.4955997200818
OUT_10350,857.8334843793292
OUT_10351,142.65982233393
OUT_10352,974.1464965774186
OUT_10353,97.053664265639
OUT_10354,109.92963820351828
OUT_10355,986.3013909720044
OUT_10356,163.09067238553195
OUT_10357,142.4718987954258
OUT_10358,307.08504364052715
OUT_10359,137.81035686325262
OUT_10360,378.6745909869421
OUT_10361,392.6942400568491
OUT_10362,360.35985068314994
OUT_10363,288.56611493986935
OUT_10364,365.6265556661683
OUT_10365,373.4450117273154
OUT_10366,335.6045926867092
OUT_10367,133.21028368820345
OUT_10368,159.55641734342885
OUT_10369,193.08693429577383
OUT_10370,330.3652341551276
OUT_10371,96.79720370535505
OUT_10372,994.6812082949124
OUT_10373,156.96733274662566
OUT_10374,970.2370230824226
OUT_10375,969.4293031663768
OUT_10376,133.73503095482786
OUT_10377,149.93196682745074
OUT_10378,89.18909876262727
OUT_10379,118.59028990658149
OUT_10380,329.42513212684304
OUT_10381,995.7721676302748
OUT_10382,955.19734061387
OUT_10383,132.94223064331126
OUT_10384,148.18791063904962
OUT_10385,289.8876088997852
OUT_10386,130.72552685454835
OUT_10387,301.6945483304602
OUT_10388,334.5375874403221
OUT_10389,175.67761746301554
OUT_10390,355.39584245793765
OUT_10391,1142.9414032872028
OUT_10392,124.77319362121621
OUT_10393,147.9443609174865
OUT_10394,338.047511856821
OUT_10395,165.63373757636745
OUT_10396,949.439962146429
OUT_10397,1256.3176677987367
OUT_10398,171.76595325484723
OUT_10399,971.5031070493352
OUT_10400,341.39016516385095
OUT_10401,387.8603579285864
OUT_10402,361.06551404718175
OUT_10403,336.34522133253347
OUT_10404,143.30093098832486
OUT_10405,102.34117312351486
OUT_10406,143.48040289066384
OUT_10407,931.3885752837962
OUT_10408,145.38750635820617
OUT_10409,161.4253150237775
OUT_10410,170.2455924766144
OUT_10411,138.85140310707078
OUT_10412,947.934467290606
OUT_10413,121.46075236892013
OUT_10414,147.8605747202857
OUT_10415,358.07135189985513
OUT_10416,129.24583584999928
OUT_10417,136.4717883640273
OUT_10418,337.0080253753998
OUT_10419,159.62088765959277
OUT_10420,141.22472641184743
OUT_10421,151.6842501849689
OUT_10422,96.12147294415911
OUT_10423,980.812370801224
OUT_10424,224.79696048725464
OUT_10425,144.02727995293512
OUT_10426,120.06085709834463
OUT_10427,138.2877665076888
OUT_10428,900.0286872720922
OUT_10429,288.26469679175864
OUT_10430,167.9262821280987
OUT_10431,938.867828205919
OUT_10432,1418.71237825249
OUT_10433,956.341556837811
OUT_10434,917.1376363461394
OUT_10435,128.7081702032055
OUT_10436,171.4055090691657
OUT_10437,153.27633924153997
OUT_10438,952.6696377953734
OUT_10439,91.95611771141924
OUT_10440,408.6701492603728
OUT_10441,340.9334152932099
OUT_10442,131.16481154461792
OUT_10443,131.7944200960755
OUT_10444,348.06191500813884
OUT_10445,336.4898896013136
OUT_10446,409.9517250246396
OUT_10447,316.13745719643816
OUT_10448,962.0511972322668
OUT_10449,301.36647695352286
OUT_10450,384.450374992094
OUT_10451,144.855342836484
OUT_10452,136.4514760178726
OUT_10453,134.14395424141404
OUT_10454,111.23598414837296
OUT_10455,105.57828888897073
OUT_10456,800.8433661528322
OUT_10457,977.5022195669104
OUT_10458,330.1843300536199
OUT_10459,954.0528173553356
OUT_10460,305.23140785724274
OUT_10461,159.463847225631
OUT_10462,151.16058164166154
OUT_10463,116.4550081036055
OUT_10464,150.67801528039186
OUT_10465,132.38199189341915
OUT_10466,105.26302309805963
OUT_10467,326.4921525729923
OUT_10468,341.99090668159965
OUT_10469,321.9113929261885
OUT_10470,183.4346539824308
OUT_10471,153.0875109226944
OUT_10472,369.52921922035665
OUT_10473,406.7415209934344
OUT_10474,157.8267661844703
OUT_10475,89.27869348447977
OUT_10476,303.2742037035564
OUT_10477,193.56056441918633
OUT_10478,145.8164837963926
OUT_10479,1187.0865668121692
OUT_10480,100.62948938635715
OUT_10481,107.96798656686917
OUT_10482,929.81154647486
OUT_10483,338.40866706465334
OUT_10484,321.2326879733906
OUT_10485,137.2447346157556
OUT_10486,179.771607297549
OUT_10487,124.28887153164769
OUT_10488,122.69893025161747
OUT_10489,943.4249181127828
OUT_10490,355.97212736121065
OUT_10491,114.42588592662852
OUT_10492,115.00675240901616
OUT_10493,905.285798935138
OUT_10494,1005.6410417001592
OUT_10495,169.1838256650403
OUT_10496,328.47537886359373
OUT_10497,113.99094267753804
OUT_10498,384.6533667936927
OUT_10499,137.67011546051356
OUT_10500,105.73443996990481
OUT_10501,977.8374615399408
OUT_10502,109.9858219022748
OUT_10503,977.9109203860518
OUT_10504,1235.7324323414475
OUT_10505,939.8930121613828
OUT_10506,146.1896231363849
OUT_10507,1176.8716813028616
OUT_10508,1219.631722847741
OUT_10509,323.91744213941325
OUT_10510,950.4677212397904
OUT_10511,103.5279007448801
OUT_10512,165.94073568530513
OUT_10513,145.1353326923692
OUT_10514,312.2697164139901
OUT_10515,106.0352674145374
OUT_10516,778.6744552084232
OUT_10517,129.1580544972948
OUT_10518,122.3336938074905
OUT_10519,193.56056441918633
OUT_10520,982.8498339931934
OUT_10521,1064.7532282208265
OUT_10522,956.7696640548864
OUT_10523,134.2023445431489
OUT_10524,351.2640054807657
OUT_10525,343.12618471024456
OUT_10526,138.34999585808143
OUT_10527,156.2541959197368
OUT_10528,367.2997420886253
OUT_10529,323.163781862232
OUT_10530,940.2155911568798
OUT_10531,108.44806538840476
OUT_10532,135.74890910745108
OUT_10533,980.8050653341504
OUT_10534,92.38343832166584
OUT_10535,369.89729853911285
OUT_10536,107.75732611640419
OUT_10537,314.9322541892425
OUT_10538,121.3140379959016
OUT_10539,120.77445523003328
OUT_10540,185.424584501962
OUT_10541,1009.5611708818468
OUT_10542,287.93634452938034
OUT_10543,356.0888840335042
OUT_10544,295.44240764076534
OUT_10545,1175.0988679407492
OUT_10546,123.3073745652959
OUT_10547,335.2072149263158
OUT_10548,97.07453771663069
OUT_10549,316.2474158682944
OUT_10550,961.4967425563576
OUT_10551,119.22682992580395
OUT_10552,112.85618081545869
OUT_10553,246.4881829906254
OUT_10554,325.32028683091374
OUT_10555,128.5045679230087
OUT_10556,120.0870959548848
OUT_10557,381.0266207461168
OUT_10558,139.59749463538975
OUT_10559,116.19066893792504
OUT_10560,144.41721202901797
OUT_10561,133.99588269371733
OUT_10562,131.4529825551654
OUT_10563,120.0983372556045
OUT_10564,931.272333402242
OUT_10565,406.06547272782666
OUT_10566,335.7442809773692
OUT_10567,383.53425480109615
OUT_10568,126.44612682006046
OUT_10569,935.346231631461
OUT_10570,275.96091575435554
OUT_10571,281.9561707676692
OUT_10572,274.80301275462864
OUT_10573,190.42515298443743
OUT_10574,287.57220789383456
OUT_10575,123.05370918380729
OUT_10576,343.7240457689949
OUT_10577,143.90671085947994
OUT_10578,193.56056441918633
OUT_10579,259.8005313302282
OUT_10580,327.1839034787621
OUT_10581,319.0394935419491
OUT_10582,94.53260681991019
OUT_10583,896.7310629229106
OUT_10584,97.50631659392218
OUT_10585,130.90249784197775
OUT_10586,349.77085908515903
OUT_10587,358.33984788978205
OUT_10588,133.40153146292067
OUT_10589,345.5744840500217
OUT_10590,129.5534692693418
OUT_10591,122.72026036884266
OUT_10592,360.5609938094332
OUT_10593,951.4178077922058
OUT_10594,388.98801672493005
OUT_10595,166.76847497113795
OUT_10596,133.5173831190789
OUT_10597,367.2058418836038
OUT_10598,891.1782809465294
OUT_10599,170.83382021018426
OUT_10600,905.522483641756
OUT_10601,358.38175478211554
OUT_10602,135.21339792749419
OUT_10603,184.15195308329479
OUT_10604,323.1342843987446
OUT_10605,124.04984135878101
OUT_10606,144.2968541813129
OUT_10607,153.1950985269272
OUT_10608,259.43679199698767
OUT_10609,122.4586735235833
OUT_10610,337.5570191311814
OUT_10611,303.01579763452384
OUT_10612,127.48271221626965
OUT_10613,299.2812616127443
OUT_10614,362.6717779685879
OUT_10615,193.56056441918633
OUT_10616,370.60371714666337
OUT_10617,927.9651416290226
OUT_10618,207.70861820619987
OUT_10619,104.64687720506733
OUT_10620,121.6594495699092
OUT_10621,335.03790555310803
OUT_10622,310.8555462468376
OUT_10623,125.88603453711771
OUT_10624,322.1943787899686
OUT_10625,132.10493886712155
OUT_10626,310.7273149871825
OUT_10627,184.5274108569656
OUT_10628,118.02318094584996
OUT_10629,148.41675431077928
OUT_10630,927.196303808474
OUT_10631,105.25166282633062
OUT_10632,999.6435908225928
OUT_10633,896.0409325008116
OUT_10634,115.60107542256634
OUT_10635,151.3146545063307
OUT_10636,952.853096986472
OUT_10637,143.77462803332318
OUT_10638,113.6593759606434
OUT_10639,245.919587941217
OUT_10640,164.741874861764
OUT_10641,341.1025699263423
OUT_10642,1121.4713302419673
OUT_10643,125.83891783518582
OUT_10644,917.281102293453
OUT_10645,355.678311745649
OUT_10646,141.46392195740657
OUT_10647,132.81941420334635
OUT_10648,353.6936345661479
OUT_10649,101.59239451296577
OUT_10650,146.30910270491677
OUT_10651,106.72257993240976
OUT_10652,312.6993218062899
OUT_10653,1201.3506205344693
OUT_10654,194.00096910626277
OUT_10655,87.79112488436608
OUT_10656,146.3409642683922
OUT_10657,1336.027696838937
OUT_10658,122.05819996405724
OUT_10659,272.5129806797388
OUT_10660,1092.5941665060232
OUT_10661,98.5304827101768
OUT_10662,122.58779150046266
OUT_10663,306.4666797841634
OUT_10664,368.9689323648284
OUT_10665,289.41641205875163
OUT_10666,334.83712302962596
OUT_10667,357.62221580073344
OUT_10668,193.56056441918633
OUT_10669,1201.5648977716023
OUT_10670,950.1698351744476
OUT_10671,274.7798814723487
OUT_10672,369.0811240677641
OUT_10673,123.4142698138997
OUT_10674,336.42330839643006
OUT_10675,105.3964010794132
OUT_10676,414.0265290028309
OUT_10677,171.7577542016038
OUT_10678,125.32286094541048
OUT_10679,340.9415220670719
OUT_10680,112.25268320194273
OUT_10681,143.11240722526247
OUT_10682,180.3643333350587
OUT_10683,920.953406626297
OUT_10684,109.29152147284422
OUT_10685,342.3011035998234
OUT_10686,310.78475099627065
OUT_10687,154.46875850541736
OUT_10688,309.4060581592274
OUT_10689,374.1922572134979
OUT_10690,125.03292581343969
OUT_10691,371.4509547380326
OUT_10692,336.9886805034224
OUT_10693,157.79564180154884
OUT_10694,278.7284399515185
OUT_10695,192.51072024637625
OUT_10696,958.0471976196212
OUT_10697,103.56508697498526
OUT_10698,127.71166718880758
OUT_10699,1194.9309870878185
OUT_10700,176.88868835276097
OUT_10701,151.08892985287096
OUT_10702,129.78203675395304
OUT_10703,169.48259267331522
OUT_10704,219.78905897182702
OUT_10705,1194.0910480596535
OUT_10706,150.36743239953537
OUT_10707,127.7138983429213
OUT_10708,1163.0485550551466
OUT_10709,344.13686696280615
OUT_10710,1284.8347747960995
OUT_10711,912.545845868595
OUT_10712,152.31134967866495
OUT_10713,142.27301685136797
OUT_10714,356.4262505264271
OUT_10715,379.49080294593557
OUT_10716,365.8361767009464
OUT_10717,920.4909006767682
OUT_10718,140.8756046126523
OUT_10719,1130.2027098054107
OUT_10720,333.8966210243534
OUT_10721,268.56958476534527
OUT_10722,366.9459741390508
OUT_10723,317.3278598946322
OUT_10724,148.69441488894898
OUT_10725,176.135478226387
OUT_10726,116.37484053231452
OUT_10727,260.0479188295233
OUT_10728,1183.3217444522113
OUT_10729,193.56056441918633
OUT_10730,1126.419890889222
OUT_10731,149.2674873198579
OUT_10732,150.37861159272438
OUT_10733,173.73691522237445
OUT_10734,366.23158088334935
OUT_10735,321.62872175974417
OUT_10736,136.35139497005113
OUT_10737,336.34431297453835
OUT_10738,128.846622392744
OUT_10739,131.97127338042944
OUT_10740,121.8127082271914
OUT_10741,94.41073310992167
OUT_10742,161.0362781127979
OUT_10743,166.03962430272028
OUT_10744,125.75144297789204
OUT_10745,131.28925903746793
OUT_10746,131.0957968563382
OUT_10747,926.6472710044184
OUT_10748,136.6028790633068
OUT_10749,159.9733696703809
OUT_10750,151.18137177526881
OUT_10751,135.40073423037043
OUT_10752,292.08968182541275
OUT_10753,135.9931493403472
OUT_10754,128.76071414379444
OUT_10755,166.12936425371885
OUT_10756,134.49468728301727
OUT_10757,136.343916289335
OUT_10758,1212.0126501738775
OUT_10759,166.2891882409519
OUT_10760,1002.878454500856
OUT_10761,322.97672547959763
OUT_10762,245.06752254006983
OUT_10763,365.30847614395395
OUT_10764,342.3781209168161
OUT_10765,155.06473544399557
OUT_10766,85.89217657542635
OUT_10767,101.07537230745416
OUT_10768,298.77131993232166
OUT_10769,101.70919829450452
OUT_10770,968.9328496669752
OUT_10771,120.91067381130351
OUT_10772,151.52409471036344
OUT_10773,345.936901013423
OUT_10774,119.73546140343808
OUT_10775,305.21138408976515
OUT_10776,932.755074960632
OUT_10777,150.85802611978883
OUT_10778,157.1950375781848
OUT_10779,939.7069712248384
OUT_10780,369.5573781466828
OUT_10781,1210.142879830231
OUT_10782,348.6224754477541
OUT_10783,369.9542095698217
OUT_10784,117.6789622390282
OUT_10785,106.92570367776182
OUT_10786,136.72128827662496
OUT_10787,134.5176168100621
OUT_10788,912.3006576338904
OUT_10789,107.56117056252343
OUT_10790,346.7934426422294
OUT_10791,143.51886979352736
OUT_10792,288.91828518178784
OUT_10793,942.3965780456354
OUT_10794,1112.1218402498864
OUT_10795,135.60599556188077
OUT_10796,354.296050227971
OUT_10797,148.40019695774433
OUT_10798,1224.6883101570036
OUT_10799,148.1708450272754
OUT_10800,158.03130691408427
OUT_10801,961.2952918739254
OUT_10802,115.80914729247016
OUT_10803,901.7161564513392
OUT_10804,1123.4175311231954
OUT_10805,889.7922507632993
OUT_10806,187.70402613386491
OUT_10807,153.73811225916754
OUT_10808,102.9079601572901
OUT_10809,104.01805481435075
OUT_10810,311.5452498836306
OUT_10811,131.00883020518745
OUT_10812,183.61514153066378
OUT_10813,111.9780132137685
OUT_10814,169.83716611047532
OUT_10815,314.00652867176075
OUT_10816,357.07981813487334
OUT_10817,352.10940313267884
OUT_10818,1687.9197969707516
OUT_10819,357.4651282632881
OUT_10820,109.0648892355538
OUT_10821,354.92702663713777
OUT_10822,111.24245522762666
OUT_10823,181.25152969316642
OUT_10824,141.56884272758606
OUT_10825,271.03128866220743
OUT_10826,983.0555617473352
OUT_10827,920.7756545562316
OUT_10828,1214.8123828721991
OUT_10829,140.25988741364583
OUT_10830,104.0723547482573
OUT_10831,136.49700844780796
OUT_10832,137.5265980391157
OUT_10833,391.8284212714185
OUT_10834,1206.0869264335706
OUT_10835,111.63364801367796
OUT_10836,115.59899914771852
OUT_10837,100.7886412811448
OUT_10838,288.7643093541576
OUT_10839,307.01622383158474
OUT_10840,175.80928242271233
OUT_10841,991.2148294155168
OUT_10842,373.2558098007174
OUT_10843,111.40579508722284
OUT_10844,390.6356377514405
OUT_10845,900.4961732348372
OUT_10846,124.76800680644443
OUT_10847,126.8881810153716
OUT_10848,113.97308391493848
OUT_10849,1108.037655299213
OUT_10850,151.7827764901499
OUT_10851,94.6385013062977
OUT_10852,288.7446508224147
OUT_10853,113.2679929120808
OUT_10854,976.2644666999896
OUT_10855,119.2264482864404
OUT_10856,173.74794961850165
OUT_10857,313.38926539735627
OUT_10858,107.5666886437004
OUT_10859,1014.6991079558884
OUT_10860,145.4382685847813
OUT_10861,401.34921572310213
OUT_10862,106.45830221508234
OUT_10863,149.4514616630742
OUT_10864,272.95366060745533
OUT_10865,352.0484972627347
OUT_10866,104.8810809984227
OUT_10867,341.11469318262704
OUT_10868,131.71346150544554
OUT_10869,156.28003827312327
OUT_10870,134.1864498225803
OUT_10871,306.0544544431007
OUT_10872,894.0387264086831
OUT_10873,129.67193846640447
OUT_10874,97.86121852126084
OUT_10875,805.5121771145559
OUT_10876,942.5870609012504
OUT_10877,356.29669512747466
OUT_10878,131.25105728679443
OUT_10879,316.01612927145084
OUT_10880,309.3915631809265
OUT_10881,94.485525743302
OUT_10882,980.5918939772034
OUT_10883,1156.550171366248
OUT_10884,135.30956264795472
OUT_10885,150.44176446082707
OUT_10886,109.90209938319984
OUT_10887,938.4121472991792
OUT_10888,81.93866471261278
OUT_10889,133.3848486267621
OUT_10890,337.6294892045367
OUT_10891,912.1169809410608
OUT_10892,87.14363878945034
OUT_10893,117.73512424844931
OUT_10894,951.4109538839964
OUT_10895,130.96265523573902
OUT_10896,128.22967045655068
OUT_10897,141.98346585973167
OUT_10898,133.24725450076883
OUT_10899,141.27998801113492
OUT_10900,126.09889403101919
OUT_10901,118.85566350643992
OUT_10902,838.2447444310059
OUT_10903,952.0416733959104
OUT_10904,162.02967503948327
OUT_10905,166.0803927047901
OUT_10906,122.93031851925709
OUT_10907,128.18896694583694
OUT_10908,113.45129199659749
OUT_10909,125.86970972176783
OUT_10910,845.3051060208925
OUT_10911,152.6986810201168
OUT_10912,163.00481210854377
OUT_10913,379.2632192737672
OUT_10914,1018.4659610978906
OUT_10915,142.33617595273768
OUT_10916,378.3494644633274
OUT_10917,352.20660689353474
OUT_10918,193.7889776318114
OUT_10919,141.16673243365895
OUT_10920,117.03729156547327
OUT_10921,968.9574223297268
OUT_10922,368.4648049672507
OUT_10923,988.6945869668556
OUT_10924,986.4966976100598
OUT_10925,1073.4449707092804
OUT_10926,164.24831253843126
OUT_10927,151.95353479702652
OUT_10928,118.97578041530521
OUT_10929,983.604585670376
OUT_10930,915.2924780237852
OUT_10931,145.1518488341924
OUT_10932,1039.916268254818
OUT_10933,333.65136067566
OUT_10934,160.72492144617848
OUT_10935,1028.8115288706167
OUT_10936,147.7901512091475
OUT_10937,124.18847040431126
OUT_10938,979.2123189522562
OUT_10939,249.335328968223
OUT_10940,964.7016790366504
OUT_10941,844.658232417381
OUT_10942,111.17373561697747
OUT_10943,804.6877756093963
OUT_10944,176.2083208000267
OUT_10945,105.84598366325278
OUT_10946,94.50883770508412
OUT_10947,159.41890995980438
OUT_10948,100.04390282644361
OUT_10949,103.47914087165698
OUT_10950,130.2392203131123
OUT_10951,155.7487646802813
OUT_10952,922.4264328447522
OUT_10953,294.52212533384215
OUT_10954,1205.8140819836583
OUT_10955,117.86481932859027
OUT_10956,131.37832543842566
OUT_10957,893.3707112505737
OUT_10958,170.96636546689643
OUT_10959,1022.2983454104605
OUT_10960,266.94264089057685
OUT_10961,147.22013171880087
OUT_10962,1192.3931073794708
OUT_10963,1093.6771349246385
OUT_10964,1155.3244863642192
OUT_10965,132.51910942840172
OUT_10966,1140.302080808857
OUT_10967,887.7699881102764
OUT_10968,977.5721690681326
OUT_10969,112.4431108928158
OUT_10970,308.89173171013204
OUT_10971,149.26713573747662
OUT_10972,150.52412487917903
OUT_10973,131.42964460860534
OUT_10974,344.2062622944956
OUT_10975,344.3140269158239
OUT_10976,157.0317480617471
OUT_10977,124.23499512493905
OUT_10978,169.68227789532477
OUT_10979,88.36851096459989
OUT_10980,937.0988172908496
OUT_10981,137.39215226452697
OUT_10982,348.73816059719894
OUT_10983,322.8827393855154
OUT_10984,107.77535873551233
OUT_10985,298.2045182232719
OUT_10986,114.58862181124692
OUT_10987,348.57680274161845
OUT_10988,309.4409008682655
OUT_10989,987.263369212368
OUT_10990,918.5194380070768
OUT_10991,181.46994066554387
OUT_10992,153.33850892468524
OUT_10993,930.4069477578252
OUT_10994,160.24341634447185
OUT_10995,131.9832874028096
OUT_10996,1226.7478662852386
OUT_10997,1141.5552662995633
OUT_10998,148.74334709660843
OUT_10999,930.4122558744264
OUT_11000,115.05155391823243
OUT_11001,361.5310064921232
OUT_11002,151.38354303900286
OUT_11003,1109.4247725849875
OUT_11004,130.64968558330213
OUT_11005,337.2359293402631
OUT_11006,383.43110551187146
OUT_11007,121.59610663944494
OUT_11008,924.7540786426572
OUT_11009,362.5256052260013
OUT_11010,382.3706664965028
OUT_11011,219.21865558506823
OUT_11012,149.85921010106728
OUT_11013,299.17548957455654
OUT_11014,109.06832720056167
OUT_11015,971.8119213844832
OUT_11016,131.09058739580044
OUT_11017,968.5129782953388
OUT_11018,157.59726217693824
OUT_11019,100.85407834826933
OUT_11020,115.9323240121088
OUT_11021,995.8566228235132
OUT_11022,193.56056441918633
OUT_11023,178.48429404324338
OUT_11024,169.30362647896607
OUT_11025,377.5833150477803
OUT_11026,112.75749978478433
OUT_11027,287.94605851015274
OUT_11028,325.89736805722663
OUT_11029,1189.7820722618258
OUT_11030,132.53450288640812
OUT_11031,145.39569566446477
OUT_11032,137.21253490492774
OUT_11033,316.0515084580346
OUT_11034,314.9488594290026
OUT_11035,143.3468297658384
OUT_11036,278.9257179211308
OUT_11037,145.0514500913155
OUT_11038,258.50293525910195
OUT_11039,890.6818544280766
OUT_11040,144.92485405792996
OUT_11041,114.79511994147065
OUT_11042,360.4074051084704
OUT_11043,986.6129987279622
OUT_11044,171.00645450290088
OUT_11045,400.5075114397242
OUT_11046,340.38729031130595
OUT_11047,125.01974274109719
OUT_11048,366.008068422149
OUT_11049,297.2733356764421
OUT_11050,284.6787239970509
OUT_11051,417.7362940637656
OUT_11052,941.2034418145616
OUT_11053,172.71039337824084
OUT_11054,330.84196148324605
OUT_11055,365.0417429701189
OUT_11056,1217.899742760482
OUT_11057,292.5789522600197
OUT_11058,136.64609072730738
OUT_11059,121.69702131347864
OUT_11060,325.6442253454392
OUT_11061,198.20802022561426
OUT_11062,143.98495046955185
OUT_11063,946.3056791079922
OUT_11064,321.9169926106833
OUT_11065,125.4836029875727
OUT_11066,154.90812234232763
OUT_11067,110.23982095796858
OUT_11068,969.7114932763584
OUT_11069,948.0647681781824
OUT_11070,318.4511939095818
OUT_11071,128.95140931719908
OUT_11072,87.05733285844624
OUT_11073,167.18064585597241
OUT_11074,116.29898901038464
OUT_11075,156.38622182077967
OUT_11076,374.86731033054855
OUT_11077,962.767684268478
OUT_11078,131.57303604760267
OUT_11079,185.14173951945938
OUT_11080,136.5858463769139
OUT_11081,369.12896507838263
OUT_11082,143.9601088231869
OUT_11083,335.8894775092168
OUT_11084,303.65865032764754
OUT_11085,165.1652437742354
OUT_11086,150.99065015400163
OUT_11087,129.62563892607088
OUT_11088,114.46690291057568
OUT_11089,389.3300997906092
OUT_11090,919.3896756077216
OUT_11091,143.77796476634447
OUT_11092,323.7551556743443
OUT_11093,140.021883917842
OUT_11094,1118.3975881179272
OUT_11095,139.07704765191113
OUT_11096,103.53512251986352
OUT_11097,356.32005630076435
OUT_11098,975.1524375788116
OUT_11099,109.24377903684048
OUT_11100,131.70236924854996
OUT_11101,1412.421119603996
OUT_11102,119.35968440859953
OUT_11103,156.51102057069986
OUT_11104,130.27638451683285
OUT_11105,905.2369203298456
OUT_11106,906.704613276422
OUT_11107,337.0153335693558
OUT_11108,1218.3098218265775
OUT_11109,314.16007321987667
OUT_11110,317.93737626693616
OUT_11111,144.84099989144067
OUT_11112,940.6704137644176
OUT_11113,322.60179117368403
OUT_11114,302.4605059457674
OUT_11115,105.20330038264821
OUT_11116,156.97681853652705
OUT_11117,405.80958489707086
OUT_11118,104.33497669362993
OUT_11119,406.0637788567354
OUT_11120,935.5589449986716
OUT_11121,111.25933192527972
OUT_11122,148.8829217032919
OUT_11123,946.1077287294348
OUT_11124,1001.9194618119976
OUT_11125,305.0895304977007
OUT_11126,172.90333213033216
OUT_11127,126.21730452779083
OUT_11128,1209.4709457629287
OUT_11129,133.57615388054754
OUT_11130,139.6372008305668
OUT_11131,1004.0062594231296
OUT_11132,339.67372788547647
OUT_11133,323.35922848495875
OUT_11134,120.5534574663758
OUT_11135,180.47364677996126
OUT_11136,140.91042612693775
OUT_11137,132.15849415617055
OUT_11138,365.5190788232812
OUT_11139,304.98521966437664
OUT_11140,974.3643318041889
OUT_11141,296.7531217785952
OUT_11142,140.5475327030465
OUT_11143,1119.8140329242347
OUT_11144,193.56056441918633
OUT_11145,312.39302412727545
OUT_11146,128.41341913939544
OUT_11147,197.3657058146274
OUT_11148,174.6030221311805
OUT_11149,125.09023228304837
OUT_11150,941.4834534744537
OUT_11151,354.16461188113897
OUT_11152,878.2321198686066
OUT_11153,376.96847386589815
OUT_11154,111.67373555150736
OUT_11155,191.57632473906864
OUT_11156,122.52131261330858
OUT_11157,320.3116408486874
OUT_11158,350.6657763733216
OUT_11159,134.90802163454237
OUT_11160,370.16290959975714
OUT_11161,126.96687008312637
OUT_11162,156.64594901650787
OUT_11163,317.51730517521804
OUT_11164,114.71008859660068
OUT_11165,1188.6392266792377
OUT_11166,152.4566167040879
OUT_11167,367.32038208390327
OUT_11168,1199.4084239811089
OUT_11169,154.73973122056202
OUT_11170,124.74747722001081
OUT_11171,140.20970041602533
OUT_11172,296.7305772273338
OUT_11173,172.9364191339343
OUT_11174,88.9666748354091
OUT_11175,301.0250238964351
OUT_11176,308.9856397136595
OUT_11177,1007.5260386405688
OUT_11178,137.53802044973793
OUT_11179,224.26307963659866
OUT_11180,137.03104913919634
OUT_11181,156.92411375874948
OUT_11182,920.2672309306854
OUT_11183,365.91736905324876
OUT_11184,167.5623891529667
OUT_11185,121.66096827366792
OUT_11186,288.96531966904337
OUT_11187,941.692289791951
OUT_11188,126.75840667025868
OUT_11189,300.7798354470065
OUT_11190,135.92971361586748
OUT_11191,119.8526135067246
OUT_11192,443.1344269812182
OUT_11193,134.01760637088256
OUT_11194,111.43156267916261
OUT_11195,328.0646634051162
OUT_11196,116.6107383050922
OUT_11197,341.30755131835974
OUT_11198,357.815780925263
OUT_11199,854.5575311265826
OUT_11200,115.98562696783496
OUT_11201,343.9427772170392
OUT_11202,94.08184807854398
OUT_11203,98.38188188740762
OUT_11204,1195.8697916550846
OUT_11205,121.4143919497565
OUT_11206,158.9085862092475
OUT_11207,139.90949806137493
OUT_11208,891.0870811608755
OUT_11209,106.86138177360553
OUT_11210,162.90854688501702
OUT_11211,134.69867027322428
OUT_11212,376.10407963330294
OUT_11213,318.29769680923454
OUT_11214,1249.9874718789406
OUT_11215,160.008148988321
OUT_11216,193.56056441918633
OUT_11217,1185.3842662146114
OUT_11218,293.26162371076055
OUT_11219,973.1057700487888
OUT_11220,109.69372570222215
OUT_11221,103.97924322784219
OUT_11222,1138.9245948970902
OUT_11223,127.43271841690805
OUT_11224,184.07398862961028
OUT_11225,1126.1740007851854
OUT_11226,172.5744439821878
OUT_11227,129.57645097833347
OUT_11228,130.97814321855984
OUT_11229,322.31920121224584
OUT_11230,102.67656116890863
OUT_11231,331.9466378584186
OUT_11232,1228.3554635585065
OUT_11233,929.8244067522736
OUT_11234,145.39359761908807
OUT_11235,108.0911234519475
OUT_11236,265.61083957746206
OUT_11237,119.32634209371996
OUT_11238,136.4655136259268
OUT_11239,817.6539663781651
OUT_11240,355.30241310427897
OUT_11241,98.10370430304481
OUT_11242,130.80725707753095
OUT_11243,188.3004774943774
OUT_11244,134.05435668043404
OUT_11245,314.00779271651174
OUT_11246,139.80944546895074
OUT_11247,146.28299727439068
OUT_11248,91.93401576568594
OUT_11249,383.8722880802499
OUT_11250,370.1156256431857
OUT_11251,1124.8688912746456
OUT_11252,157.09506736997145
OUT_11253,998.4887071336613
OUT_11254,355.8958629927546
OUT_11255,340.2241035465387
OUT_11256,273.5241069825426
OUT_11257,124.73229727016628
OUT_11258,155.42316465932447
OUT_11259,161.45317466678054
OUT_11260,904.6479207247652
OUT_11261,1164.0971350051768
OUT_11262,144.48761694658467
OUT_11263,119.10373094030336
OUT_11264,149.88178124184975
OUT_11265,945.8977158377568
OUT_11266,144.47014034106962
OUT_11267,148.31536232977868
OUT_11268,311.36024467877644
OUT_11269,1188.3283484484432
OUT_11270,193.56056441918633
OUT_11271,150.9744645781694
OUT_11272,140.63294406412157
OUT_11273,342.9713820944627
OUT_11274,114.54227804710115
OUT_11275,133.18490219943823
OUT_11276,379.0623452141121
OUT_11277,166.98381039165204
OUT_11278,132.17693890478347
OUT_11279,127.42349807768385
OUT_11280,997.9714841666354
OUT_11281,179.9260538453193
OUT_11282,156.93712358829927
OUT_11283,149.64819690173525
OUT_11284,177.50608353099645
OUT_11285,198.5942960619076
OUT_11286,324.8505197401594
OUT_11287,106.73669043494067
OUT_11288,948.613404039934
OUT_11289,107.3211804099574
OUT_11290,286.0231628414602
OUT_11291,1260.6200102516243
OUT_11292,129.80869015505453
OUT_11293,310.36411073855163
OUT_11294,152.7693422472464
OUT_11295,134.40200999110212
OUT_11296,944.9339110464232
OUT_11297,280.1137124789867
OUT_11298,394.4750814831926
OUT_11299,153.61967275585835
OUT_11300,113.43208422745964
OUT_11301,119.8609909715591
OUT_11302,131.49884868928135
OUT_11303,919.4219637413498
OUT_11304,106.69122189170159
OUT_11305,1128.77674754432
OUT_11306,255.51543381396166
OUT_11307,1109.9347554287388
OUT_11308,298.8656165621639
OUT_11309,940.274729267048
OUT_11310,375.20514703850085
OUT_11311,196.71395336164144
OUT_11312,120.10629774505115
OUT_11313,123.30968832824432
OUT_11314,915.7244650100602
OUT_11315,398.0333700390508
OUT_11316,1211.348157298755
OUT_11317,996.6102173005456
OUT_11318,926.171392088164
OUT_11319,146.60515305997163
OUT_11320,74.39761464332813
OUT_11321,238.9687890983445
OUT_11322,997.0921851736176
OUT_11323,322.06468906064845
OUT_11324,134.676398221594
OUT_11325,156.70798175807911
OUT_11326,390.6405169391811
OUT_11327,145.16544402423335
OUT_11328,949.3293420987708
OUT_11329,110.02524818486313
OUT_11330,958.893019815218
OUT_11331,316.57775153466605
OUT_11332,146.12439434597002
OUT_11333,355.07064349377515
OUT_11334,193.56056441918633
OUT_11335,105.45836238636826
OUT_11336,375.9091342582972
OUT_11337,309.0755076500887
OUT_11338,342.299252814247
OUT_11339,128.38740320797382
OUT_11340,394.3686838642004
OUT_11341,158.42109220361505
OUT_11342,368.5241698578016
OUT_11343,124.5472378007115
OUT_11344,102.39845992943698
OUT_11345,127.66415660125502
OUT_11346,322.55817675564884
OUT_11347,325.6812312296348
OUT_11348,126.64872984374175
OUT_11349,121.83590484027371
OUT_11350,313.97075110101804
OUT_11351,107.05729571212076
OUT_11352,342.5185543296922
OUT_11353,158.09339844991132
OUT_11354,976.9389671797873
OUT_11355,151.1165674125624
OUT_11356,166.38355821999232
OUT_11357,291.4332998552486
OUT_11358,164.27314208297014
OUT_11359,1112.4479026489223
OUT_11360,280.3055357032132
OUT_11361,257.716306025214
OUT_11362,338.30924011298544
OUT_11363,111.6104247664623
OUT_11364,153.0210606257263
OUT_11365,349.701061366455
OUT_11366,147.52269142977332
OUT_11367,168.96642052750977
OUT_11368,1139.4435021897018
OUT_11369,136.37811968076974
OUT_11370,125.96361334083477
OUT_11371,348.0203850918717
OUT_11372,876.8517712062143
OUT_11373,392.14526008190387
OUT_11374,126.77970113262558
OUT_11375,384.01785826337425
OUT_11376,250.2692398592644
OUT_11377,134.49994514860606
OUT_11378,352.2594709009064
OUT_11379,115.75873531795418
OUT_11380,154.9056011495117
OUT_11381,335.57117637755005
OUT_11382,141.75175263956257
OUT_11383,318.5012409644451
OUT_11384,264.9224728544134
OUT_11385,383.754223261163
OUT_11386,358.8635837997124
OUT_11387,143.52916056137514
OUT_11388,392.5079698477515
OUT_11389,117.78735671019513
OUT_11390,88.85450412695722
OUT_11391,105.80902728301905
OUT_11392,915.8088333864785
OUT_11393,193.56056441918633
OUT_11394,868.9473238762107
OUT_11395,488.3605904829616
OUT_11396,369.55502086205007
OUT_11397,1207.4726201328594
OUT_11398,314.9791779940264
OUT_11399,124.91017429361905
OUT_11400,131.195681806252
OUT_11401,363.2610194387806
OUT_11402,134.15526622354733
OUT_11403,1215.8954727166642
OUT_11404,169.15255040524468
OUT_11405,157.7857873286669
OUT_11406,897.7092690848845
OUT_11407,131.24622684066802
OUT_11408,152.25448891058795
OUT_11409,303.3169011227688
OUT_11410,361.9014496204835
OUT_11411,122.16373669042918
OUT_11412,73.22055139385695
OUT_11413,987.0398109510244
OUT_11414,159.85734637598864
OUT_11415,146.80049789843105
OUT_11416,949.8607451581353
OUT_11417,148.40311100098126
OUT_11418,108.3679410273668
OUT_11419,112.00916722423166
OUT_11420,339.5256907739874
OUT_11421,915.0140028379616
OUT_11422,397.2041259891974
OUT_11423,392.8812948173837
OUT_11424,281.0434756374908
OUT_11425,138.45373882175724
OUT_11426,1142.9019527732835
OUT_11427,381.4868062387965
OUT_11428,333.0723291697383
OUT_11429,148.1033690625852
OUT_11430,116.8189679058144
OUT_11431,278.91450061500376
OUT_11432,357.2205610721294
OUT_11433,140.6346357718506
OUT_11434,898.5789354654574
OUT_11435,116.55675977490552
OUT_11436,161.3931655946202
OUT_11437,920.3161762373207
OUT_11438,902.0682994971688
OUT_11439,345.0554150279819
OUT_11440,101.4637606258924
OUT_11441,141.27265134115893
OUT_11442,83.51356442322194
OUT_11443,143.14012070679516
OUT_11444,97.74659850799289
OUT_11445,140.38133225925444
OUT_11446,322.7391779477899
OUT_11447,894.5288095683833
OUT_11448,101.16702269026511
OUT_11449,326.0039527095827
OUT_11450,100.87068573145827
OUT_11451,129.99752061665907
OUT_11452,150.98452831554445
OUT_11453,320.8278726461399
OUT_11454,360.9930355834583
OUT_11455,306.6860475472913
OUT_11456,155.92400822798473
OUT_11457,346.77970929205685
OUT_11458,1136.894476206126
OUT_11459,134.82888860546086
OUT_11460,1243.8779377418834
OUT_11461,156.83526871469422
OUT_11462,157.33954322827472
OUT_11463,94.03243181155176
OUT_11464,314.0886243856411
OUT_11465,1119.1929835136425
OUT_11466,139.91501188840223
OUT_11467,144.67336622665442
OUT_11468,316.69236408934523
OUT_11469,173.45164794128
OUT_11470,103.61806609021485
OUT_11471,311.6603488384711
OUT_11472,142.58632719623
OUT_11473,302.0834860271656
OUT_11474,91.87980532943233
OUT_11475,882.340105833692
OUT_11476,137.30841489258856
OUT_11477,91.86639686547898
OUT_11478,152.15895207197886
OUT_11479,261.34681769146766
OUT_11480,142.29435091384792
OUT_11481,113.5233835527228
OUT_11482,290.6258388519065
OUT_11483,342.3870376087204
OUT_11484,310.4957096589154
OUT_11485,127.9063601334848
OUT_11486,376.25803023143885
OUT_11487,313.8816130063989
OUT_11488,336.8499434533811
OUT_11489,360.7320868434275
OUT_11490,343.3150590529224
OUT_11491,362.7125621496594
OUT_11492,335.0119936367143
OUT_11493,372.83782619242874
OUT_11494,98.05648880800588
OUT_11495,375.1157252762641
OUT_11496,108.53174479947248
OUT_11497,1117.5337640360212
OUT_11498,87.19225844262195
OUT_11499,197.00998840536025
OUT_11500,988.8923269006636
OUT_11501,104.65768362236281
OUT_11502,831.5872341484151
OUT_11503,294.2832397531841
OUT_11504,975.4692476073004
OUT_11505,149.07698437148667
OUT_11506,366.4956934343412
OUT_11507,83.66257294512336
OUT_11508,310.8592405796031
OUT_11509,108.41310667015654
OUT_11510,317.8065144624654
OUT_11511,329.09959394898243
OUT_11512,930.3362173174836
OUT_11513,268.48793049489956
OUT_11514,102.74177767300026
OUT_11515,950.3834257943076
OUT_11516,137.0985902730924
OUT_11517,355.54324467394224
OUT_11518,155.5419794187333
OUT_11519,58.45607185221154
OUT_11520,264.7577391743974
OUT_11521,127.14805815316394
OUT_11522,329.77877255629005
OUT_11523,1198.5167172348931
OUT_11524,139.97123653257987
OUT_11525,186.16799860046706
OUT_11526,139.92168237449084
OUT_11527,142.51886480437923
OUT_11528,115.0609957296153
OUT_11529,111.43971942040363
OUT_11530,127.32399737723094
OUT_11531,233.5410441936031
OUT_11532,951.0744598138688
OUT_11533,127.42983045308428
OUT_11534,983.8778680470768
OUT_11535,352.6415778582803
OUT_11536,312.1450989148746
OUT_11537,116.26759315295378
OUT_11538,170.68111204877948
OUT_11539,353.0645103530598
OUT_11540,974.3642971094304
OUT_11541,313.01150768000804
OUT_11542,97.51490793610944
OUT_11543,117.73956376376464
OUT_11544,117.13269038933814
OUT_11545,938.1354578345127
OUT_11546,139.69443858395823
OUT_11547,886.8160874242893
OUT_11548,193.56056441918633
OUT_11549,415.9394537751401
OUT_11550,187.29182209259855
OUT_11551,120.02985239423553
OUT_11552,165.0114878822651
OUT_11553,139.85196648598512
OUT_11554,182.56666780995434
OUT_11555,134.65384645007134
OUT_11556,139.74137610077148
OUT_11557,305.59474722529137
OUT_11558,130.76984745215765
OUT_11559,959.3252336958766
OUT_11560,310.5352518306122
OUT_11561,121.96861074151008
OUT_11562,169.72701527725633
OUT_11563,860.9337106402709
OUT_11564,101.03465592804154
OUT_11565,304.4562221182106
OUT_11566,153.58273131044848
OUT_11567,917.5527545059962
OUT_11568,135.3958611616812
OUT_11569,994.740268861318
OUT_11570,101.46095703516238
OUT_11571,390.0664865157977
OUT_11572,120.09100967443264
OUT_11573,285.6010137565309
OUT_11574,336.44964585886567
OUT_11575,128.96023953713336
OUT_11576,313.0320128979145
OUT_11577,162.94282268979157
OUT_11578,313.0891699386946
OUT_11579,138.40131749241996
OUT_11580,112.65076048000282
OUT_11581,139.66279388586244
OUT_11582,169.02340675365585
OUT_11583,303.01544797905734
OUT_11584,949.5323129668684
OUT_11585,369.3753213153142
OUT_11586,155.54098594211442
OUT_11587,290.66212578801094
OUT_11588,1222.3859751744917
OUT_11589,323.13912914986577
OUT_11590,1142.739809580499
OUT_11591,122.80051853817594
OUT_11592,113.46026449396346
OUT_11593,154.7556645755328
OUT_11594,123.05102540899966
OUT_11595,77.45132259370176
OUT_11596,142.15034742370284
OUT_11597,141.06746284501673
OUT_11598,375.17938374072526
OUT_11599,838.8043073711065
OUT_11600,96.58147389756994
OUT_11601,1220.508535005035
OUT_11602,136.20180762497608
OUT_11603,138.32580398438776
OUT_11604,121.58696212823128
OUT_11605,1216.5125688712703
OUT_11606,325.83823732190496
OUT_11607,345.39008937747
OUT_11608,110.53083970215886
OUT_11609,163.8023753698514
OUT_11610,116.92269520116723
OUT_11611,989.8163543708364
OUT_11612,193.56056441918633
OUT_11613,973.1650396021304
OUT_11614,121.16384610871292
OUT_11615,268.8350644881393
OUT_11616,372.808971053784
OUT_11617,305.23330282831625
OUT_11618,301.4316175231859
OUT_11619,1197.5036556592368
OUT_11620,127.36030927478978
OUT_11621,139.31409915722182
OUT_11622,1011.3564044417052
OUT_11623,154.1353530179769
OUT_11624,141.72735180367803
OUT_11625,122.67593391576166
OUT_11626,103.69232193639844
OUT_11627,154.0130108971832
OUT_11628,303.7406364405241
OUT_11629,112.47400741754079
OUT_11630,881.9294552234692
OUT_11631,322.601434274396
OUT_11632,424.4329008582333
OUT_11633,894.6100334593452
OUT_11634,91.1319409539223
OUT_11635,137.96911843778196
OUT_11636,1133.0569616932326
OUT_11637,889.0728964774665
OUT_11638,143.24615620060445
OUT_11639,132.11493587080773
OUT_11640,340.70390387350506
OUT_11641,177.33851133541498
OUT_11642,922.5151266078273
OUT_11643,1199.7297876411378
OUT_11644,1218.1714305187973
OUT_11645,134.01888442206746
OUT_11646,942.935751928979
OUT_11647,156.133378124766
OUT_11648,302.39473396004814
OUT_11649,178.39568782741497
OUT_11650,174.85658266236268
OUT_11651,115.29843214638305
OUT_11652,931.1091016848816
OUT_11653,114.20181065030371
OUT_11654,153.42514301583478
OUT_11655,99.6901035492842
OUT_11656,117.23832086215477
OUT_11657,115.95183679381836
OUT_11658,138.45049264265273
OUT_11659,101.97997774547801
OUT_11660,125.46467487141234
OUT_11661,112.0148188052627
OUT_11662,918.1599303640274
OUT_11663,109.50427816998328
OUT_11664,155.7324770035443
OUT_11665,1192.4594403119445
OUT_11666,981.4731341555632
OUT_11667,272.8496160099359
OUT_11668,309.8650072666127
OUT_11669,149.31511269226468
OUT_11670,99.97533945134312
OUT_11671,144.76133843968287
OUT_11672,996.74149779193
OUT_11673,249.4695963166968
OUT_11674,951.5263970278896
OUT_11675,200.62827067579235
OUT_11676,378.68361898852214
OUT_11677,126.7748384844522
OUT_11678,95.89329863916484
OUT_11679,94.67636519258178
OUT_11680,907.4686077471536
OUT_11681,263.3356445290828
OUT_11682,116.50092934108594
OUT_11683,846.9735062554349
OUT_11684,99.6264585994527
OUT_11685,119.00578546097776
OUT_11686,912.6798037309762
OUT_11687,193.56056441918633
OUT_11688,950.4036529412592
OUT_11689,314.2668582466023
OUT_11690,164.94756202567905
OUT_11691,185.16273137315935
OUT_11692,959.3370081449926
OUT_11693,366.20203984382266
OUT_11694,140.02040996375678
OUT_11695,140.11261431339054
OUT_11696,955.2597502113824
OUT_11697,1180.8767953709298
OUT_11698,142.18709333454927
OUT_11699,346.080710691986
OUT_11700,154.7112391392589
OUT_11701,134.93961280875388
OUT_11702,334.8524057586806
OUT_11703,128.69712499000127
OUT_11704,953.004744738527
OUT_11705,133.2866234313738
OUT_11706,134.42950414451
OUT_11707,304.4268236918826
OUT_11708,193.56056441918633
OUT_11709,133.8041454972657
OUT_11710,140.25014545052377
OUT_11711,339.1712827103496
OUT_11712,187.12789514889946
OUT_11713,340.89762380825306
OUT_11714,91.50055611887836
OUT_11715,379.5781133710849
OUT_11716,337.6969976806255
OUT_11717,953.78252068578
OUT_11718,330.30354374560494
OUT_11719,312.10737892018716
OUT_11720,1145.1752419883805
OUT_11721,324.8537180389052
OUT_11722,96.14502361318324
OUT_11723,125.83054480711655
OUT_11724,163.83167367826746
OUT_11725,162.06508086450077
OUT_11726,130.9312436479775
OUT_11727,325.0525412071437
OUT_11728,136.62267992756335
OUT_11729,146.9525954806153
OUT_11730,143.37780625927516
OUT_11731,118.9500378946378
OUT_11732,160.9018410125899
OUT_11733,953.3341522282924
OUT_11734,193.56056441918633
OUT_11735,132.16534836802273
OUT_11736,119.30705591093265
OUT_11737,117.21636109091084
OUT_11738,125.77190441035486
OUT_11739,193.56056441918633
OUT_11740,150.9971415931767
OUT_11741,132.18569770951692
OUT_11742,345.5034649221294
OUT_11743,325.9694667435192
OUT_11744,123.67401368359812
OUT_11745,146.59561320845367
OUT_11746,934.4333948737265
OUT_11747,313.32656267826945
OUT_11748,131.67335314109658
OUT_11749,345.54293408732605
OUT_11750,299.0639062279471
OUT_11751,101.28638841880358
OUT_11752,162.20939211324014
OUT_11753,296.6520954401671
OUT_11754,118.26915985574733
OUT_11755,928.734081434274
OUT_11756,138.96924919208138
OUT_11757,1005.1752371865476
OUT_11758,111.49931506046457
OUT_11759,99.23426656857356
OUT_11760,113.7750141837785
OUT_11761,364.8519191792377
OUT_11762,896.6015054421924
OUT_11763,370.48840555819754
OUT_11764,361.9919444939233
OUT_11765,136.6614228036268
OUT_11766,128.04467663893493
OUT_11767,1271.8098454473673
OUT_11768,135.1132409696159
OUT_11769,918.8947707790804
OUT_11770,1124.3533445690239
OUT_11771,389.2062101443583
OUT_11772,332.3328464262495
OUT_11773,125.92914286067771
OUT_11774,74.88692703186115
OUT_11775,328.8137539919462
OUT_11776,121.4229336887713
OUT_11777,150.1660089876152
OUT_11778,146.20611770528097
OUT_11779,125.80703398226218
OUT_11780,923.9252263876716
OUT_11781,86.31577513899835
OUT_11782,123.08136377366782
OUT_11783,327.1828041168551
OUT_11784,362.6613517154491
OUT_11785,115.30719523949814
OUT_11786,142.99472874483035
OUT_11787,120.65753548591069
OUT_11788,1209.8286685878086
OUT_11789,997.2556617574376
OUT_11790,310.0171376857884
OUT_11791,965.0953511702588
OUT_11792,348.38842529292674
OUT_11793,160.63355035737487
OUT_11794,113.97505486891173
OUT_11795,154.85858053680266
OUT_11796,327.05016350653483
OUT_11797,922.769188386137
OUT_11798,363.49994478816774
OUT_11799,330.7475899061643
OUT_11800,268.4876451471033
OUT_11801,243.41355939584335
OUT_11802,158.76739050863804
OUT_11803,107.30437783520024
OUT_11804,1229.789415527364
OUT_11805,170.93883998218993
OUT_11806,120.27907929155556
OUT_11807,296.86999058620006
OUT_11808,298.91918213161824
OUT_11809,186.84482479876922
OUT_11810,107.56745414651421
OUT_11811,146.21970960323813
OUT_11812,171.36253468354096
OUT_11813,330.4135754364576
OUT_11814,255.39596503118693
OUT_11815,115.27604889721017
OUT_11816,915.7392180798269
OUT_11817,310.8545306158428
OUT_11818,109.29638792280511
OUT_11819,931.8973377965284
OUT_11820,1002.5244799955065
OUT_11821,144.41087487709933
OUT_11822,165.310915334155
OUT_11823,930.5359831574632
OUT_11824,419.3571469160968
OUT_11825,313.3217709835808
OUT_11826,173.60603322697233
OUT_11827,144.78740050037973
OUT_11828,164.67758328217968
OUT_11829,133.13148175757428
OUT_11830,114.47655607893935
OUT_11831,151.39473658183957
OUT_11832,102.50329111313971
OUT_11833,357.70185523211103
OUT_11834,362.14973324095126
OUT_11835,114.63495887610668
OUT_11836,122.76386627527194
OUT_11837,330.6667510275804
OUT_11838,282.89251627970333
OUT_11839,139.32920529749595
OUT_11840,127.91914095581664
OUT_11841,129.2720390130224
OUT_11842,349.5407022883354
OUT_11843,1199.8733537228927
OUT_11844,138.10695796299623
OUT_11845,933.5644773829154
OUT_11846,155.15252963191767
OUT_11847,336.17360970675566
OUT_11848,927.4821793764166
OUT_11849,134.05733818225323
OUT_11850,130.10333263874477
OUT_11851,160.43429948914297
OUT_11852,971.1720625898206
OUT_11853,1131.910055510926
OUT_11854,136.2713107729285
OUT_11855,310.8122947108516
OUT_11856,341.93765245986384
OUT_11857,993.1982204422492
OUT_11858,313.3528527029062
OUT_11859,899.9835068109682
OUT_11860,97.18616754912722
OUT_11861,354.9585543517107
OUT_11862,333.87947787812436
OUT_11863,129.1336379495485
OUT_11864,127.44761341099095
OUT_11865,202.25861263412935
OUT_11866,310.17343398148734
OUT_11867,148.80034126546943
OUT_11868,972.2643732944764
OUT_11869,129.41172102979112
OUT_11870,328.7374248819424
OUT_11871,111.00534390891474
OUT_11872,336.257762257293
OUT_11873,129.56459708377398
OUT_11874,128.38467027995512
OUT_11875,341.48868317414656
OUT_11876,345.2785772320805
OUT_11877,155.10425970624738
OUT_11878,120.28431650884454
OUT_11879,334.634007233857
OUT_11880,154.68298948639085
OUT_11881,355.7046261381281
OUT_11882,321.9897690821238
OUT_11883,963.9045399024324
OUT_11884,144.11672178491216
OUT_11885,326.71726176149633
OUT_11886,357.7335910152896
OUT_11887,114.84492066834424
OUT_11888,156.8341859413256
OUT_11889,296.11927359153566
OUT_11890,119.03246833010142
OUT_11891,175.36073098970024
OUT_11892,147.0661810841789
OUT_11893,118.6568668970386
OUT_11894,904.4036670619284
OUT_11895,157.28954115024467
OUT_11896,98.31306877902409
OUT_11897,946.8643274715572
OUT_11898,906.2252365923116
OUT_11899,160.84825564303134
OUT_11900,882.0340190819979
OUT_11901,169.33967381795264
OUT_11902,117.22550767094219
OUT_11903,160.96917350953237
OUT_11904,159.84289042108696
OUT_11905,154.82086590634253
OUT_11906,129.2480011139482
OUT_11907,136.54589544206792
OUT_11908,182.0481765061693
OUT_11909,836.5980029838727
OUT_11910,325.78390933129964
OUT_11911,928.29574345275
OUT_11912,316.0623398865555
OUT_11913,167.24144837308629
OUT_11914,300.53727603933254
OUT_11915,168.44652870171214
OUT_11916,123.04424272737745
OUT_11917,145.15783070643192
OUT_11918,96.90977572437254
OUT_11919,133.67655558434794
OUT_11920,935.3800413767602
OUT_11921,139.599889399853
OUT_11922,984.9431236285772
OUT_11923,99.70590254871676
OUT_11924,175.2102489483941
OUT_11925,102.45915424775487
OUT_11926,134.96722365441968
OUT_11927,137.84213789497818
OUT_11928,169.24409736830614
OUT_11929,953.1887614044364
OUT_11930,154.16724109515636
OUT_11931,106.18366635924254
OUT_11932,135.12467892976
OUT_11933,138.79422987122047
OUT_11934,331.53526897089165
OUT_11935,128.63858630608738
OUT_11936,110.70964835888233
OUT_11937,101.84449409149656
OUT_11938,138.33549532052442
OUT_11939,308.8260798782416
OUT_11940,387.94490869148467
OUT_11941,156.7630931153147
OUT_11942,360.35622467745577
OUT_11943,936.404364273577
OUT_11944,937.6399386390708
OUT_11945,165.6444582680943
OUT_11946,107.891271681375
OUT_11947,341.52653204056315
OUT_11948,92.61828958820053
OUT_11949,1202.6420758475804
OUT_11950,1120.8551323402187
OUT_11951,958.110936221988
OUT_11952,107.3571545010765
OUT_11953,151.26019084336062
OUT_11954,230.91436826791838
OUT_11955,167.780894182668
OUT_11956,137.08767877034688
OUT_11957,149.51181830745676
OUT_11958,966.9877025247994
OUT_11959,112.14046790526064
OUT_11960,879.6006135861293
OUT_11961,982.349873520478
OUT_11962,379.65707101409424
OUT_11963,1018.9165849099784
OUT_11964,186.54009127532444
OUT_11965,296.41609263647484
OUT_11966,124.49639490223684
OUT_11967,130.21480696911306
OUT_11968,946.5930267710676
OUT_11969,952.0141407084362
OUT_11970,879.3405115047017
OUT_11971,124.36005749593542
OUT_11972,294.0856901038409
OUT_11973,133.22816099164604
OUT_11974,174.68615473640688
OUT_11975,285.65712449108787
OUT_11976,946.5576215549456
OUT_11977,188.25731882706086
OUT_11978,354.46497658527164
OUT_11979,136.1683060804743
OUT_11980,108.88257546177084
OUT_11981,1085.4168101429386
OUT_11982,209.77596591076505
OUT_11983,332.8863793804947
OUT_11984,143.7204429879954
OUT_11985,144.87839281908276
OUT_11986,324.2752681914418
OUT_11987,277.39192414685675
OUT_11988,329.2701094733464
OUT_11989,413.6039271403614
OUT_11990,115.20973970652311
OUT_11991,277.6648919583104
OUT_11992,338.24945191476206
OUT_11993,280.35073910964456
OUT_11994,111.62732477233581
OUT_11995,355.778372716517
OUT_11996,322.8025099202604
OUT_11997,141.09071558242513
OUT_11998,359.2152256891122
OUT_11999,139.98536092350292
OUT_12000,324.99735467402786
OUT_12001,171.45501953620385
OUT_12002,407.09033974964535
OUT_12003,310.3065396390441
OUT_12004,1104.3471954759839
OUT_12005,129.03906737893274
OUT_12006,360.82968825023903
OUT_12007,345.7461420517966
OUT_12008,924.1870528216568
OUT_12009,117.08023211925097
OUT_12010,165.75158779507012
OUT_12011,146.31728851053106
OUT_12012,1044.028315200694
OUT_12013,342.7993959006689
OUT_12014,139.49995042243702
OUT_12015,1181.0310472501849
OUT_12016,98.40463886756751
OUT_12017,157.33940600261053
OUT_12018,128.5807135853351
OUT_12019,136.07361257439996
OUT_12020,130.10715631136375
OUT_12021,251.94468715619317
OUT_12022,383.357787332885
OUT_12023,99.18308960543891
OUT_12024,102.97576068009488
OUT_12025,128.45724523498902
OUT_12026,1181.9825917399528
OUT_12027,131.0051702442784
OUT_12028,366.2706477677082
OUT_12029,139.67241614521095
OUT_12030,1000.806386694298
OUT_12031,162.33162433282894
OUT_12032,324.0317229501045
OUT_12033,320.9604200451651
OUT_12034,127.10667889893124
OUT_12035,358.91225870995174
OUT_12036,921.6586725752873
OUT_12037,139.71215606762152
OUT_12038,129.4718124136569
OUT_12039,139.41017719809187
OUT_12040,160.6894698079991
OUT_12041,370.7304489145221
OUT_12042,311.7593566865269
OUT_12043,242.84934202579583
OUT_12044,151.6215840827457
OUT_12045,312.101991780924
OUT_12046,165.74591777649132
OUT_12047,155.95821822198533
OUT_12048,167.53413133235614
OUT_12049,912.0369209518348
OUT_12050,155.0228748471747
OUT_12051,112.33914385348726
OUT_12052,153.86327672897787
OUT_12053,104.82228200630223
OUT_12054,304.7457219910948
OUT_12055,1023.391226162062
OUT_12056,133.4118203112868
OUT_12057,120.48279211504324
OUT_12058,975.7139937661592
OUT_12059,76.52706703062817
OUT_12060,1230.9584712677213
OUT_12061,128.00406437843208
OUT_12062,345.67987366241726
OUT_12063,309.07424159569075
OUT_12064,274.59741007337254
OUT_12065,125.96585285625923
OUT_12066,117.18297016962752
OUT_12067,119.8765611263622
OUT_12068,149.1722849875628
OUT_12069,129.4222323549376
OUT_12070,364.1412329131462
OUT_12071,960.678420147281
OUT_12072,133.2268530689358
OUT_12073,128.754160436403
OUT_12074,919.6709740435208
OUT_12075,99.47065953929894
OUT_12076,150.7735425995993
OUT_12077,122.74505328009516
OUT_12078,150.63560114234588
OUT_12079,90.78383032467217
OUT_12080,116.5993053010132
OUT_12081,993.2037326940804
OUT_12082,365.51450420324363
OUT_12083,936.8821868248384
OUT_12084,322.7700678580949
OUT_12085,169.34509870245253
OUT_12086,119.96591316541907
OUT_12087,164.72278845111924
OUT_12088,176.85522801829828
OUT_12089,130.66232045951293
OUT_12090,314.23678986559923
OUT_12091,934.2142916396424
OUT_12092,83.39027902391227
OUT_12093,123.96003987912532
OUT_12094,115.18301151088626
OUT_12095,292.18202147987733
OUT_12096,332.49989117231945
OUT_12097,146.68001084141235
OUT_12098,374.3610526206868
OUT_12099,115.98663932776725
OUT_12100,155.69548492795278
OUT_12101,146.94386728457368
OUT_12102,134.37746051482253
OUT_12103,142.76121509073556
OUT_12104,171.76633377231644
OUT_12105,159.41012013941145
OUT_12106,140.91845700419918
OUT_12107,113.39347062391847
OUT_12108,1254.174216724692
OUT_12109,340.8053422216613
OUT_12110,343.4275082267426
OUT_12111,160.82431918877631
OUT_12112,144.51080670584795
OUT_12113,877.069618904564
OUT_12114,131.93035817662945
OUT_12115,952.2572689248052
OUT_12116,334.9847666661544
OUT_12117,99.0235209934729
OUT_12118,309.4330099805225
OUT_12119,126.4788417946472
OUT_12120,494.6201910249067
OUT_12121,356.9589958340344
OUT_12122,144.26612133962138
OUT_12123,371.21677021731455
OUT_12124,349.002289168938
OUT_12125,322.1568264382552
OUT_12126,152.63525569451232
OUT_12127,167.61060441944588
OUT_12128,364.8212890566548
OUT_12129,102.36152919353526
OUT_12130,135.649324376084
OUT_12131,1196.7406184372967
OUT_12132,122.21486971655646
OUT_12133,125.78736876077839
OUT_12134,356.63610732745
OUT_12135,113.30809243126782
OUT_12136,287.71138109673905
OUT_12137,307.06497944410376
OUT_12138,1003.327292326822
OUT_12139,970.534394181949
OUT_12140,123.96147489201789
OUT_12141,1213.6192532423474
OUT_12142,1277.0927690760989
OUT_12143,116.18075784849277
OUT_12144,152.3945099047231
OUT_12145,968.9112047257762
OUT_12146,139.58890504875322
OUT_12147,110.6948571440098
OUT_12148,865.1179418993354
OUT_12149,150.930125064371
OUT_12150,137.85986959792086
OUT_12151,88.37369422852247
OUT_12152,997.2154600326568
OUT_12153,319.54222729210886
OUT_12154,300.7203753133637
OUT_12155,90.51000860378257
OUT_12156,204.532270219905
OUT_12157,324.6313924961809
OUT_12158,159.25474238545206
OUT_12159,1160.5362622837488
OUT_12160,351.97832474049824
OUT_12161,112.16111395853066
OUT_12162,1176.5742789155445
OUT_12163,193.56056441918633
OUT_12164,104.15926234549336
OUT_12165,148.7920415551829
OUT_12166,100.61721534171052
OUT_12167,71.01198427621323
OUT_12168,127.43442635068996
OUT_12169,117.45597756937276
OUT_12170,348.35239956973373
OUT_12171,135.08967793640736
OUT_12172,331.2393428323739
OUT_12173,317.8190513133122
OUT_12174,287.3627455979955
OUT_12175,103.06885950246533
OUT_12176,284.1744663970052
OUT_12177,120.20221216176012
OUT_12178,119.14782077338721
OUT_12179,147.93662772838684
OUT_12180,108.57502470545099
OUT_12181,135.53206566419328
OUT_12182,342.2509340178025
OUT_12183,140.16480972729426
OUT_12184,375.5909144613953
OUT_12185,367.53728277904713
OUT_12186,140.68703762405303
OUT_12187,349.5458036079816
OUT_12188,138.93972440434695
OUT_12189,324.6394529416071
OUT_12190,125.40258934172897
OUT_12191,118.70421115635618
OUT_12192,145.47396228871006
OUT_12193,141.70762861327012
OUT_12194,390.81721141438686
OUT_12195,111.54135902990654
OUT_12196,142.80267563185623
OUT_12197,396.5820891748682
OUT_12198,363.7505974325534
OUT_12199,148.00003000091394
OUT_12200,948.5116051317972
OUT_12201,141.44904615607476
OUT_12202,133.28852437335834
OUT_12203,915.2078534801792
OUT_12204,147.97000190288946
OUT_12205,1125.3535397171747
OUT_12206,1123.2981726230926
OUT_12207,289.23711604942594
OUT_12208,370.3336531671217
OUT_12209,121.87726988341367
OUT_12210,88.47061835472032
OUT_12211,195.02900936296936
OUT_12212,112.24940084961048
OUT_12213,120.67986755375665
OUT_12214,337.55696772541194
OUT_12215,1055.606561027296
OUT_12216,307.04584331258326
OUT_12217,109.59021763553102
OUT_12218,168.01716141499435
OUT_12219,175.1348370391399
OUT_12220,901.4133557136682
OUT_12221,123.26488402167844
OUT_12222,109.54949311592515
OUT_12223,346.3729670387155
OUT_12224,901.9355570499398
OUT_12225,140.39127565304594
OUT_12226,150.80298899127797
OUT_12227,89.76185887263058
OUT_12228,168.09714145592048
OUT_12229,147.99157411720154
OUT_12230,137.4785860513366
OUT_12231,164.62956629105685
OUT_12232,142.2802438825674
OUT_12233,155.74133275405688
OUT_12234,124.22843514925272
OUT_12235,334.22508650570194
OUT_12236,100.95070293841638
OUT_12237,925.561337272704
OUT_12238,130.1922760548962
OUT_12239,309.2870329352762
OUT_12240,109.61709239167128
OUT_12241,104.78200544270472
OUT_12242,1004.7137492776252
OUT_12243,126.35165770257879
OUT_12244,322.35844155178467
OUT_12245,92.33246639362159
OUT_12246,120.2555358544734
OUT_12247,119.3871376561585
OUT_12248,332.44912120952466
OUT_12249,1195.4441677972109
OUT_12250,954.6710422070478
OUT_12251,75.23601790212582
OUT_12252,130.3886233003403
OUT_12253,276.67574471263856
OUT_12254,177.6487600604848
OUT_12255,921.7545217794626
OUT_12256,905.6823711779516
OUT_12257,128.02770616786543
OUT_12258,1213.2329682377742
OUT_12259,346.7419141722862
OUT_12260,126.23068675220124
OUT_12261,197.98001049980905
OUT_12262,364.356622969536
OUT_12263,1116.1593367623113
OUT_12264,1142.8374753908795
OUT_12265,300.3329283021275
OUT_12266,150.1595062097053
OUT_12267,341.0061881907532
OUT_12268,1167.4805922707997
OUT_12269,110.54666235600297
OUT_12270,354.32858275676057
OUT_12271,126.25700595431807
OUT_12272,379.2059808177182
OUT_12273,334.14738067678746
OUT_12274,125.67694282747624
OUT_12275,326.246813392464
OUT_12276,153.4246851625124
OUT_12277,1136.1779067255015
OUT_12278,126.56582706813114
OUT_12279,313.7999410902648
OUT_12280,289.15317291833696
OUT_12281,308.72049525661834
OUT_12282,315.19930375990333
OUT_12283,1435.8195151162815
OUT_12284,105.68224386835111
OUT_12285,351.9155156216441
OUT_12286,185.88561307343932
OUT_12287,127.74642892537254
OUT_12288,112.72349372570628
OUT_12289,156.01567017501725
OUT_12290,118.72175140632447
OUT_12291,934.900942316458
OUT_12292,307.9654022570303
OUT_12293,185.3415984351218
OUT_12294,515.6494100648258
OUT_12295,1350.7074545047133
OUT_12296,165.89829541025375
OUT_12297,297.53996444982624
OUT_12298,302.400556902066
OUT_12299,117.5459378055971
OUT_12300,153.20281025207115
OUT_12301,895.3678207479821
OUT_12302,131.36533361984118
OUT_12303,125.98129132619492
OUT_12304,124.25881163271531
OUT_12305,126.36602129067245
OUT_12306,1188.4117789101876
OUT_12307,146.31939520570614
OUT_12308,257.22351564738216
OUT_12309,177.56113192509815
OUT_12310,356.9351492917093
OUT_12311,347.4107932283349
OUT_12312,321.42843006511464
OUT_12313,121.8326805099681
OUT_12314,348.3490944089184
OUT_12315,180.43065731138282
OUT_12316,169.77248856963215
OUT_12317,128.03454533400662
OUT_12318,105.91181153770371
OUT_12319,140.59544461581794
OUT_12320,142.08431614760403
OUT_12321,127.85652030976033
OUT_12322,142.47347280061646
OUT_12323,137.1960112806255
OUT_12324,268.4939689301784
OUT_12325,334.8075672876995
OUT_12326,92.82348268211706
OUT_12327,959.2261120841029
OUT_12328,264.6502141157145
OUT_12329,164.2045436898218
OUT_12330,127.05365212805712
OUT_12331,941.2166397581652
OUT_12332,295.4318642214855
OUT_12333,343.4522762746837
OUT_12334,1121.419581568544
OUT_12335,393.00728334332837
OUT_12336,116.2085300277573
OUT_12337,155.05373695474486
OUT_12338,409.52452154537866
OUT_12339,183.37992659175734
OUT_12340,326.7492622818663
OUT_12341,113.69198021510044
OUT_12342,134.3831414298048
OUT_12343,921.6195705008092
OUT_12344,291.9015588498979
OUT_12345,1216.8959511157768
OUT_12346,965.7192417961757
OUT_12347,327.8226589618201
OUT_12348,1210.1916605619406
OUT_12349,344.6193325834178
OUT_12350,120.81348286421382
OUT_12351,146.5876488772464
OUT_12352,121.16499691962206
OUT_12353,111.99275487457432
OUT_12354,112.3606211060718
OUT_12355,360.9249953070517
OUT_12356,212.82909349814608
OUT_12357,92.13018321173932
OUT_12358,101.35991086949882
OUT_12359,130.50080423017073
OUT_12360,996.871065887302
OUT_12361,118.12143769508882
OUT_12362,74.98391782202611
OUT_12363,107.3443160012362
OUT_12364,127.56675849200475
OUT_12365,164.19573382581208
OUT_12366,163.6389093477537
OUT_12367,387.09005106657435
OUT_12368,1176.8976880727002
OUT_12369,884.2357013202568
OUT_12370,326.5682622268953
OUT_12371,1005.5045397287254
OUT_12372,1128.3745708850818
OUT_12373,250.8489576166525
OUT_12374,388.1954220299566
OUT_12375,368.807718490626
OUT_12376,901.8105195678326
OUT_12377,119.49859890089414
OUT_12378,368.78818080136443
OUT_12379,113.58145280142298
OUT_12380,139.96975237305998
OUT_12381,906.6702246718254
OUT_12382,82.55793474626049
OUT_12383,96.27678414322993
OUT_12384,882.9536732412704
OUT_12385,161.40927947769177
OUT_12386,128.69499951596103
OUT_12387,334.2832200846461
OUT_12388,923.7652218767248
OUT_12389,372.31351367337425
OUT_12390,157.1267058154059
OUT_12391,290.1616587192339
OUT_12392,175.2022301046626
OUT_12393,340.98636824222365
OUT_12394,944.451870047934
OUT_12395,107.62352087065123
OUT_12396,866.0539879420385
OUT_12397,115.97083893567257
OUT_12398,1164.1561129683173
OUT_12399,368.6964176919837
OUT_12400,1157.4564122207014
OUT_12401,946.9578202624496
OUT_12402,358.0577080916674
OUT_12403,116.92547580294136
OUT_12404,124.04607413360752
OUT_12405,130.21535697655264
OUT_12406,343.6848360332698
OUT_12407,193.56056441918633
OUT_12408,132.62096790025333
OUT_12409,318.46432578476464
OUT_12410,370.2449450927632
OUT_12411,77.68758594187804
OUT_12412,347.54309456994594
OUT_12413,381.3371835761484
OUT_12414,1020.5405848196636
OUT_12415,309.30722722325686
OUT_12416,339.35482766097346
OUT_12417,913.5700937327016
OUT_12418,282.41124062985324
OUT_12419,135.00654354059614
OUT_12420,356.5687635672815
OUT_12421,357.20713037798976
OUT_12422,195.8317832137896
OUT_12423,345.00528126465144
OUT_12424,908.9386486765176
OUT_12425,1188.8243520600608
OUT_12426,133.14823920986865
OUT_12427,133.91877333926377
OUT_12428,109.1265118084786
OUT_12429,337.18236799384636
OUT_12430,282.497577013386
OUT_12431,173.35206453192149
OUT_12432,165.48771117350128
OUT_12433,138.41088278191017
OUT_12434,285.5788606935715
OUT_12435,338.3201878212945
OUT_12436,961.8987163627548
OUT_12437,92.7989518819277
OUT_12438,134.67834553531688
OUT_12439,153.52192006532712
OUT_12440,948.6795758995572
OUT_12441,120.11892048313335
OUT_12442,410.9282306645259
OUT_12443,165.4767462201286
OUT_12444,886.7071062036463
OUT_12445,1244.2147133691922
OUT_12446,358.6662582302987
OUT_12447,133.52289307469294
OUT_12448,338.26437386679976
OUT_12449,165.40233905284134
OUT_12450,284.27140727436654
OUT_12451,151.59265637291588
OUT_12452,137.7571006386881
OUT_12453,97.47258187167003
OUT_12454,191.52234904997306
OUT_12455,124.99466168815121
OUT_12456,896.6708418104924
OUT_12457,161.1055601211755
OUT_12458,130.16658948835584
OUT_12459,347.6649298938971
OUT_12460,941.1263866874372
OUT_12461,102.96336618482258
OUT_12462,203.6388109025517
OUT_12463,949.0470803852696
OUT_12464,308.7306472184097
OUT_12465,95.23482694114158
OUT_12466,156.99189843290415
OUT_12467,133.1528501664615
OUT_12468,165.76516482285896
OUT_12469,869.4224005972931
OUT_12470,338.62313640346343
OUT_12471,111.27342587570303
OUT_12472,149.65780227014247
OUT_12473,344.66920313415187
OUT_12474,107.40874404716214
OUT_12475,93.0820748330945
OUT_12476,343.9818597423106
OUT_12477,141.0742387469461
OUT_12478,111.10607194460971
OUT_12479,335.71577674209345
OUT_12480,1340.2311626029514
OUT_12481,99.55962362147419
OUT_12482,978.6634347083244
OUT_12483,883.7739108329118
OUT_12484,1136.8628233435443
OUT_12485,982.6202533114612
OUT_12486,160.1676677500271
OUT_12487,85.58863790122822
OUT_12488,905.6042168316278
OUT_12489,137.30528848384245
OUT_12490,144.97017500914376
OUT_12491,107.61961140123155
OUT_12492,1161.0118431345943
OUT_12493,174.668142520914
OUT_12494,1128.2521770009403
OUT_12495,374.8019754348005
OUT_12496,405.5334036198725
OUT_12497,104.20857073018144
OUT_12498,256.2232738351714
OUT_12499,175.68420445053053
OUT_12500,134.97788256623105
OUT_12501,309.3251250696585
OUT_12502,970.8712755710308
OUT_12503,286.3193832773588
OUT_12504,112.96178322914227
OUT_12505,177.3444355166011
OUT_12506,164.45483246164991
OUT_12507,921.9794153696656
OUT_12508,306.6594145217268
OUT_12509,954.962212342334
OUT_12510,173.4435027047352
OUT_12511,146.26005833723144
OUT_12512,339.99066985140047
OUT_12513,369.840983543384
OUT_12514,1137.6614787430024
OUT_12515,270.1892191613828
OUT_12516,177.36274320018046
OUT_12517,144.49155469274135
OUT_12518,974.81015787391
OUT_12519,140.10205432863225
OUT_12520,193.56056441918633
OUT_12521,161.37949268878467
OUT_12522,946.1550128738028
OUT_12523,394.5610621825077
OUT_12524,114.60972313876383
OUT_12525,106.75609768169716
OUT_12526,177.40381977388955
OUT_12527,130.59223437012417
OUT_12528,110.31740282292233
OUT_12529,940.9827778099726
OUT_12530,950.0427981198054
OUT_12531,993.2696985137592
OUT_12532,118.72002222860655
OUT_12533,109.01721719364544
OUT_12534,193.56056441918633
OUT_12535,150.33111110576593
OUT_12536,958.1871803858546
OUT_12537,137.7783308592135
OUT_12538,323.21329056717144
OUT_12539,123.6918337801247
OUT_12540,149.97122414036127
OUT_12541,87.75099548642356
OUT_12542,384.8571011286699
OUT_12543,145.00411219013034
OUT_12544,357.3978161601862
OUT_12545,193.56056441918633
OUT_12546,116.99681726093814
OUT_12547,121.20631830850256
OUT_12548,167.54975380300212
OUT_12549,172.85338275691493
OUT_12550,136.36445642072314
OUT_12551,139.90477653929688
OUT_12552,964.0074423251468
OUT_12553,333.28290214265303
OUT_12554,161.67359936480244
OUT_12555,107.11234290275763
OUT_12556,112.69900771753912
OUT_12557,144.59826291727487
OUT_12558,122.06445080194243
OUT_12559,134.41796674598157
OUT_12560,151.01068132245956
OUT_12561,1122.0521124893817
OUT_12562,890.4258920239328
OUT_12563,944.5928842240204
OUT_12564,384.7997787489775
OUT_12565,143.18960446960253
OUT_12566,117.8951476553058
OUT_12567,195.12290530656733
OUT_12568,119.99186831027583
OUT_12569,908.3260672061529
OUT_12570,390.63660269490674
OUT_12571,137.5014545555823
OUT_12572,939.7475297426876
OUT_12573,179.17949686123512
OUT_12574,114.35763356051196
OUT_12575,361.15132627377847
OUT_12576,136.61115631318023
OUT_12577,92.58785484360376
OUT_12578,283.1320262547828
OUT_12579,366.5069284383827
OUT_12580,961.0922741613498
OUT_12581,972.7474167830688
OUT_12582,984.0224719698804
OUT_12583,158.6905382026091
OUT_12584,120.8474990199344
OUT_12585,129.75469804030433
OUT_12586,148.1347932667158
OUT_12587,942.756234748742
OUT_12588,1281.3608808386075
OUT_12589,127.5634459654585
OUT_12590,84.7078366097183
OUT_12591,320.0801189525609
OUT_12592,1118.7753314545325
OUT_12593,356.1123482718772
OUT_12594,1006.1952115088882
OUT_12595,393.2913502756696
OUT_12596,925.2298074724748
OUT_12597,128.43240760556503
OUT_12598,960.9875346908808
OUT_12599,162.96964942669004
OUT_12600,340.5018697532085
OUT_12601,133.04374936170842
OUT_12602,121.36393056117817
OUT_12603,1002.3668289316754
OUT_12604,388.7709856310087
OUT_12605,366.605273115993
OUT_12606,328.9511813633251
OUT_12607,318.0280507210609
OUT_12608,168.23808430914218
OUT_12609,184.5927822106828
OUT_12610,193.56056441918633
OUT_12611,359.3948397352758
OUT_12612,163.54647266241062
OUT_12613,140.17266669716378
OUT_12614,176.65326356433673
OUT_12615,346.4491895323128
OUT_12616,160.67101327924127
OUT_12617,98.0560821032057
OUT_12618,254.77751919164248
OUT_12619,202.84686064903033
OUT_12620,137.578741076743
OUT_12621,874.0774860420563
OUT_12622,148.8004533791339
OUT_12623,1005.4585613131208
OUT_12624,1145.8938650428306
OUT_12625,1258.344579540336
OUT_12626,169.53075039217188
OUT_12627,95.6719446382643
OUT_12628,373.6268125674419
OUT_12629,952.6541988120676
OUT_12630,367.6110075609948
OUT_12631,128.2906907995935
OUT_12632,976.1816319469692
OUT_12633,113.49610857678017
OUT_12634,106.37348329980745
OUT_12635,316.3894402084997
OUT_12636,132.88031742935635
OUT_12637,140.04490559125696
OUT_12638,1123.2604522689508
OUT_12639,97.53749364425038
OUT_12640,139.74672056902048
OUT_12641,981.656109303998
OUT_12642,1190.433861324197
OUT_12643,295.5344401356036
OUT_12644,389.69323562705426
OUT_12645,144.43124991912984
OUT_12646,146.45388795313562
OUT_12647,160.192440886291
OUT_12648,117.46249813300238
OUT_12649,167.84904299710553
OUT_12650,140.92020065502592
OUT_12651,95.79740103454813
OUT_12652,325.5882416436059
OUT_12653,339.9481223318018
OUT_12654,1030.0099147236433
OUT_12655,131.9569856513568
OUT_12656,143.64047798226838
OUT_12657,172.97647654688316
OUT_12658,1202.606321416525
OUT_12659,178.89694124037777
OUT_12660,292.9824157368764
OUT_12661,193.56056441918633
OUT_12662,151.8117268426657
OUT_12663,162.3248374372373
OUT_12664,331.957189763429
OUT_12665,185.13774116111543
OUT_12666,950.7262968352424
OUT_12667,129.90086821360393
OUT_12668,402.6368274293158
OUT_12669,193.56056441918633
OUT_12670,338.32137420292764
OUT_12671,146.57894938242174
OUT_12672,914.0589053161166
OUT_12673,201.41400995321334
OUT_12674,152.87786438376375
OUT_12675,1124.586179478009
OUT_12676,109.66220123715392
OUT_12677,351.0236283426515
OUT_12678,284.9131917525027
OUT_12679,176.50552248372406
OUT_12680,127.52419532788355
OUT_12681,112.68271888418056
OUT_12682,961.2631254841529
OUT_12683,1276.9922127261102
OUT_12684,138.32424897632234
OUT_12685,133.83707358567796
OUT_12686,185.85134240926615
OUT_12687,108.80083895611237
OUT_12688,126.24646715029954
OUT_12689,373.1644151808744
OUT_12690,361.9287693016788
OUT_12691,1161.0035161673577
OUT_12692,303.4221077009853
OUT_12693,378.7879232587766
OUT_12694,147.8768806834618
OUT_12695,90.37193715078276
OUT_12696,141.98607405077848
OUT_12697,944.6306794364912
OUT_12698,245.012198784624
OUT_12699,112.04173046635849
OUT_12700,105.47482089136604
OUT_12701,140.1918660396414
OUT_12702,953.2281838121872
OUT_12703,108.6045696477252
OUT_12704,990.249855657402
OUT_12705,928.2854381903244
OUT_12706,359.9722067465988
OUT_12707,295.7681171160782
OUT_12708,138.82840458485376
OUT_12709,291.5431252337873
OUT_12710,98.39349704075548
OUT_12711,91.02286697254013
OUT_12712,281.50427394838255
OUT_12713,184.07709233608588
OUT_12714,341.12596001419433
OUT_12715,193.56056441918633
OUT_12716,350.75332633021236
OUT_12717,374.1794072848213
OUT_12718,110.96473697323276
OUT_12719,323.4532187942619
OUT_12720,152.73848543817564
OUT_12721,111.83248694615126
OUT_12722,368.763830217838
OUT_12723,129.38166864940217
OUT_12724,122.86398150984496
OUT_12725,93.69817658589442
OUT_12726,106.34709744014553
OUT_12727,193.56056441918633
OUT_12728,1142.9017642882584
OUT_12729,378.4655004702652
OUT_12730,902.9654560693592
OUT_12731,352.52648013152907
OUT_12732,134.56254763479387
OUT_12733,163.85637887253827
OUT_12734,887.7929324000528
OUT_12735,365.42022294600196
OUT_12736,131.01574641543735
OUT_12737,129.94678682765687
OUT_12738,136.11174783476162
OUT_12739,158.14860148438106
OUT_12740,939.974571138056
OUT_12741,131.937353255299
OUT_12742,1158.8066560304544
OUT_12743,385.1354949817488
OUT_12744,397.8590049367583
OUT_12745,911.6265794426212
OUT_12746,130.3163877249118
OUT_12747,112.2680374511845
OUT_12748,180.08416590374952
OUT_12749,191.24671220815677
OUT_12750,230.13787406975453
OUT_12751,156.98861605340392
OUT_12752,122.88675811252199
OUT_12753,340.80379357593546
OUT_12754,953.8872480474448
OUT_12755,336.35671262653307
OUT_12756,146.17747712096394
OUT_12757,105.7836814594584
OUT_12758,104.05980236587064
OUT_12759,150.05039095252837
OUT_12760,126.00387675218224
OUT_12761,113.4092324880272
OUT_12762,139.3995745627377
OUT_12763,288.7068356493684
OUT_12764,115.72071279217624
OUT_12765,116.26496942421291
OUT_12766,159.7310050031918
OUT_12767,114.6049480383692
OUT_12768,143.31096225025874
OUT_12769,901.7618150160469
OUT_12770,123.02135082153646
OUT_12771,125.05706416934449
OUT_12772,113.66484092413363
OUT_12773,102.36841297427088
OUT_12774,149.55580545365478
OUT_12775,161.0011276790413
OUT_12776,136.21786966511175
OUT_12777,359.7068597822307
OUT_12778,89.14443448835908
OUT_12779,122.66295361299606
OUT_12780,105.17077525716583
OUT_12781,167.74208161096612
OUT_12782,363.4214237834625
OUT_12783,945.3679943714286
OUT_12784,338.595121494062
OUT_12785,303.8319415043892
OUT_12786,116.91672006909076
OUT_12787,167.57909748900587
OUT_12788,346.6500035655556
OUT_12789,369.80820431271513
OUT_12790,355.40462567806986
OUT_12791,115.18795450802186
OUT_12792,319.28520218795904
OUT_12793,386.1520949214544
OUT_12794,121.51562518243963
OUT_12795,105.54675949285975
OUT_12796,164.39578479983967
OUT_12797,137.95348398104696
OUT_12798,120.54677794888444
OUT_12799,122.28563105974513
OUT_12800,139.0191776117354
OUT_12801,311.3614014802093
OUT_12802,103.6816311395859
OUT_12803,108.73474649766968
OUT_12804,960.9503698038684
OUT_12805,125.11235791520453
OUT_12806,302.2804385739981
OUT_12807,968.3602733604276
OUT_12808,161.8502624575859
OUT_12809,236.23991646700105
OUT_12810,347.146520329277
OUT_12811,294.9789252517903
OUT_12812,148.8051742884907
OUT_12813,347.8919631858763
OUT_12814,340.78162152888166
OUT_12815,869.8503202292127
OUT_12816,356.0803323221277
OUT_12817,404.14967688536717
OUT_12818,193.56056441918633
OUT_12819,132.404181383062
OUT_12820,826.3609039090526
OUT_12821,314.4423515491945
OUT_12822,121.89855061786058
OUT_12823,91.01131657091125
OUT_12824,108.21356759837403
OUT_12825,148.40612905992148
OUT_12826,142.1680907947743
OUT_12827,96.24771363912637
OUT_12828,126.20008283307168
OUT_12829,134.21558418566997
OUT_12830,138.06644132130367
OUT_12831,132.013815418105
OUT_12832,445.7259295321656
OUT_12833,304.90923552757624
OUT_12834,1207.319279669896
OUT_12835,153.91608201091464
OUT_12836,361.08332446057943
OUT_12837,135.19134677791084
OUT_12838,102.35997143049447
OUT_12839,125.9987864472061
OUT_12840,153.65967500198096
OUT_12841,131.86059628569527
OUT_12842,817.2675384982499
OUT_12843,351.1975699293047
OUT_12844,328.3871675361221
OUT_12845,323.8841011057651
OUT_12846,111.59325983877191
OUT_12847,108.12568983102707
OUT_12848,1136.326379490858
OUT_12849,301.3490573618505
OUT_12850,158.70019117329971
OUT_12851,329.2196288250946
OUT_12852,135.3184147814743
OUT_12853,157.53510084428686
OUT_12854,141.02508751772
OUT_12855,1196.552927146539
OUT_12856,121.75175823739768
OUT_12857,913.6007546513248
OUT_12858,148.3400191775993
OUT_12859,148.43208012196024
OUT_12860,188.1601179843108
OUT_12861,324.98109303766023
OUT_12862,362.00258625796505
OUT_12863,978.1979871925232
OUT_12864,138.613606129535
OUT_12865,1109.8218528067018
OUT_12866,135.0973057980619
OUT_12867,388.59432538938955
OUT_12868,142.57663758686968
OUT_12869,86.95236192589651
OUT_12870,180.88354298136426
OUT_12871,161.49292988418605
OUT_12872,156.81716717720346
OUT_12873,1213.9570460301882
OUT_12874,1188.5099156899528
OUT_12875,974.3787252354437
OUT_12876,270.78050547845584
OUT_12877,156.06118210457774
OUT_12878,134.87730080663346
OUT_12879,328.0694374397408
OUT_12880,193.56056441918633
OUT_12881,319.5325464784613
OUT_12882,1222.8037409204787
OUT_12883,372.53605146031583
OUT_12884,139.26579047519385
OUT_12885,264.4248014778209
OUT_12886,290.03245035622183
OUT_12887,145.34376425144677
OUT_12888,136.609335547068
OUT_12889,295.00293124700755
OUT_12890,1188.450893036634
OUT_12891,310.9205232805966
OUT_12892,297.7258787495756
OUT_12893,107.8019453882656
OUT_12894,164.02904310476382
OUT_12895,97.28894027131818
OUT_12896,340.5838461558288
OUT_12897,147.0802984019393
OUT_12898,109.25726884183712
OUT_12899,135.6786739307463
OUT_12900,1127.5964373618651
OUT_12901,106.09666861967935
OUT_12902,101.11519517250812
OUT_12903,145.80444985880123
OUT_12904,288.2898799046946
OUT_12905,1013.372322218032
OUT_12906,910.6885475531292
OUT_12907,952.7351298038182
OUT_12908,152.46753840949938
OUT_12909,285.92812166282107
OUT_12910,123.87225499723117
OUT_12911,932.6453170883389
OUT_12912,144.77368959766366
OUT_12913,299.8814959083109
OUT_12914,115.68596412994425
OUT_12915,335.595038681248
OUT_12916,163.70957907116167
OUT_12917,113.42042891976814
OUT_12918,302.9911181540062
OUT_12919,119.57445484792015
OUT_12920,131.72255632915488
OUT_12921,296.27536115670534
OUT_12922,96.22518285816044
OUT_12923,904.1604583563332
OUT_12924,390.1682420559085
OUT_12925,363.5480120428306
OUT_12926,842.4918568824904
OUT_12927,154.02607621992553
OUT_12928,108.98047903551615
OUT_12929,103.16440274042132
OUT_12930,345.7743535887164
OUT_12931,143.44804882270105
OUT_12932,1170.2835406461218
OUT_12933,377.2178039009326
OUT_12934,488.4705347702883
OUT_12935,893.4203824318569
OUT_12936,143.18194126537688
OUT_12937,173.12361754066478
OUT_12938,127.32316375477713
OUT_12939,1234.6857785622149
OUT_12940,99.71991750411803
OUT_12941,991.2504718760088
OUT_12942,376.52728357461325
OUT_12943,149.44533559008667
OUT_12944,310.91784796469744
OUT_12945,333.54065283005895
OUT_12946,298.36429060805943
OUT_12947,171.17623392745622
OUT_12948,108.11069176367153
OUT_12949,909.6825678091094
OUT_12950,320.06322314425455
OUT_12951,392.26814287451106
OUT_12952,121.23943158397351
OUT_12953,934.4541644173868
OUT_12954,163.20544163977684
OUT_12955,70.87161576865196
OUT_12956,116.77766779636391
OUT_12957,193.56056441918633
OUT_12958,384.86076411592217
OUT_12959,127.29353329027838
OUT_12960,304.3704127141027
OUT_12961,956.64906761873
OUT_12962,110.0847049509246
OUT_12963,366.2134832046341
OUT_12964,119.61481775364015
OUT_12965,899.9613885516021
OUT_12966,161.89815460403926
OUT_12967,140.28689748583022
OUT_12968,168.87732038750798
OUT_12969,1233.9929608119994
OUT_12970,327.21896318887434
OUT_12971,1056.0352811323826
OUT_12972,331.334791901396
OUT_12973,100.9617698836214
OUT_12974,1126.056217797965
OUT_12975,130.16551703478626
OUT_12976,993.0072311343154
OUT_12977,898.65049420952
OUT_12978,1134.3928021553045
OUT_12979,336.0963794571922
OUT_12980,101.7834746687032
OUT_12981,126.43657716673886
OUT_12982,361.6679946446684
OUT_12983,131.34968641934134
OUT_12984,135.71633644282514
OUT_12985,885.0405848557514
OUT_12986,951.3060004377244
OUT_12987,1189.2435268348531
OUT_12988,140.0169543543031
OUT_12989,198.97544415515776
OUT_12990,321.5458155699964
OUT_12991,994.9436470131986
OUT_12992,284.1501760885021
OUT_12993,962.5985513228176
OUT_12994,314.2319803026138
OUT_12995,108.24911330493819
OUT_12996,351.523298138875
OUT_12997,270.1340416373697
OUT_12998,159.02928518684448
OUT_12999,109.60290147953513
OUT_13000,292.2787865454572
OUT_13001,107.58677212685048
OUT_13002,105.40023892628925
OUT_13003,96.51188967424557
OUT_13004,297.1413719496211
OUT_13005,153.74233778936832
OUT_13006,114.53899648948726
OUT_13007,93.9906745008592
OUT_13008,1078.4391379424462
OUT_13009,84.50368034930185
OUT_13010,874.2052312154643
OUT_13011,142.444050156283
OUT_13012,147.42594788780997
OUT_13013,111.61162422101008
OUT_13014,164.56969526685822
OUT_13015,369.40560381919335
OUT_13016,99.15319020198946
OUT_13017,936.703719127738
OUT_13018,262.2262689801534
OUT_13019,991.4201639581736
OUT_13020,288.00505426305006
OUT_13021,111.15287072662328
OUT_13022,103.8323536203895
OUT_13023,1243.418962650457
OUT_13024,167.3835603563739
OUT_13025,118.55041625055837
OUT_13026,897.7345090998098
OUT_13027,228.6622151230773
OUT_13028,122.22267445273332
OUT_13029,298.70730618948187
OUT_13030,90.1057328446421
OUT_13031,99.81333068636529
OUT_13032,1009.883306193463
OUT_13033,108.208974905872
OUT_13034,110.0768244182804
OUT_13035,1051.0301232021225
OUT_13036,251.7698433079389
OUT_13037,120.92278381324527
OUT_13038,105.34739306773074
OUT_13039,327.3961309326162
OUT_13040,120.6249471457506
OUT_13041,101.92621366364658
OUT_13042,120.86307032907894
OUT_13043,99.20875739082892
OUT_13044,337.1530989143795
OUT_13045,119.46122056177315
OUT_13046,116.86474701987572
OUT_13047,137.71604101442614
OUT_13048,120.93741614892458
OUT_13049,158.77656818191053
OUT_13050,122.13297252324767
OUT_13051,131.04409829216792
OUT_13052,927.168926974826
OUT_13053,303.9332172798976
OUT_13054,108.47775633526012
OUT_13055,1115.251695754235
OUT_13056,247.8504440306175
OUT_13057,963.7993156728504
OUT_13058,131.11853136280646
OUT_13059,90.7805804195798
OUT_13060,125.87500220558617
OUT_13061,97.26959475232044
OUT_13062,92.96873942174533
OUT_13063,947.3294728449964
OUT_13064,109.8721222673255
OUT_13065,130.6605166538137
OUT_13066,295.6330729629807
OUT_13067,133.804056947969
OUT_13068,175.33601485391284
OUT_13069,93.57493608194375
OUT_13070,120.64120753718008
OUT_13071,134.4621115549331
OUT_13072,938.3086190008928
OUT_13073,100.58688675660979
OUT_13074,115.33786375735966
OUT_13075,314.3457626038644
OUT_13076,329.48625685723016
OUT_13077,167.20730514979024
OUT_13078,122.7876191046504
OUT_13079,130.98749104621902
OUT_13080,105.09809695511478
OUT_13081,109.76117602532352
OUT_13082,176.55839636925725
OUT_13083,121.3887424766634
OUT_13084,155.58206850641008
OUT_13085,121.13230777312191
OUT_13086,95.98186219272124
OUT_13087,116.39471515376688
OUT_13088,920.155625347511
OUT_13089,136.66809306803341
OUT_13090,103.71796486179184
OUT_13091,358.1839760581205
OUT_13092,363.1335129601896
OUT_13093,332.7885941196389
OUT_13094,143.55100777643352
OUT_13095,246.53174349927997
OUT_13096,367.75589900062687
OUT_13097,879.8998868526111
OUT_13098,153.91426108805106
OUT_13099,153.13768684287257
OUT_13100,101.13418141242175
OUT_13101,281.6158644619018
OUT_13102,87.99069144735
OUT_13103,123.15972777526927
OUT_13104,310.61266567467067
OUT_13105,927.8989064196224
OUT_13106,93.99162954913882
OUT_13107,115.14336317388059
OUT_13108,116.58941731434616
OUT_13109,311.0626504474459
OUT_13110,124.48625689972869
OUT_13111,274.94281310497524
OUT_13112,136.7172842837288
OUT_13113,1251.3932898290182
OUT_13114,123.1983814369595
OUT_13115,145.52361569178225
OUT_13116,373.20634562076884
OUT_13117,117.44012042298526
OUT_13118,1210.5075946410325
OUT_13119,261.2191620642284
OUT_13120,335.58917565193155
OUT_13121,110.60261137683705
OUT_13122,100.39992319262976
OUT_13123,102.84912423364065
OUT_13124,76.76071336661369
OUT_13125,294.556310541647
OUT_13126,112.89342747028111
OUT_13127,107.09242393356352
OUT_13128,930.3775393881456
OUT_13129,273.71937168210815
OUT_13130,354.7065691746409
OUT_13131,126.3509610419161
OUT_13132,118.2397793795231
OUT_13133,98.45048749877928
OUT_13134,118.39166170557836
OUT_13135,885.8947033268124
OUT_13136,96.90876274811708
OUT_13137,105.42561064151238
OUT_13138,92.502239647963
OUT_13139,210.99008975700403
OUT_13140,1093.7324368747952
OUT_13141,339.0258552490161
OUT_13142,158.74334892627314
OUT_13143,158.56879869340557
OUT_13144,948.467090972424
OUT_13145,109.58058478822375
OUT_13146,113.80896876697018
OUT_13147,136.44426141405702
OUT_13148,372.9287222182693
OUT_13149,950.5508254581862
OUT_13150,275.40942607293465
OUT_13151,359.4352090269649
OUT_13152,299.35142142299617
OUT_13153,360.39867957010597
OUT_13154,108.29604177132299
OUT_13155,120.69973303705022
OUT_13156,140.87422156190007
OUT_13157,377.7646257579518
OUT_13158,926.413214897948
OUT_13159,129.4903173777951
OUT_13160,137.3756181631196
OUT_13161,109.40348290577089
OUT_13162,153.8043366719778
OUT_13163,105.27954693568986
OUT_13164,140.18752669833708
OUT_13165,347.7666036546905
OUT_13166,121.067183799438
OUT_13167,472.406887514808
OUT_13168,929.5788304831656
OUT_13169,113.62181599844432
OUT_13170,338.1725208529979
OUT_13171,298.32593475107615
OUT_13172,278.20703167449824
OUT_13173,896.9481472776018
OUT_13174,104.79160802018454
OUT_13175,95.0625844361125
OUT_13176,89.97866847613153
OUT_13177,350.6030545833097
OUT_13178,108.81612076192785
OUT_13179,118.85325385222622
OUT_13180,287.59296930317043
OUT_13181,96.78268207579427
OUT_13182,133.83492544085973
OUT_13183,132.3659592848844
OUT_13184,346.1700835126089
OUT_13185,330.2034755756497
OUT_13186,267.7697570604691
OUT_13187,125.96664477288176
OUT_13188,337.65620760680525
OUT_13189,306.4199534466566
OUT_13190,124.0523199058057
OUT_13191,110.24269042793031
OUT_13192,105.95084019201946
OUT_13193,103.70056340737986
OUT_13194,373.5124602103157
OUT_13195,148.191739962807
OUT_13196,106.81462926889097
OUT_13197,146.98736758469784
OUT_13198,321.38240512342077
OUT_13199,88.23109022152492
OUT_13200,95.92581686265105
OUT_13201,493.07556729428404
OUT_13202,132.69091615813267
OUT_13203,357.40532858913366
OUT_13204,108.44736321791883
OUT_13205,123.9991830511932
OUT_13206,927.3109372025864
OUT_13207,148.12518044519337
OUT_13208,162.71906754410597
OUT_13209,103.88404879972252
OUT_13210,272.52621263136746
OUT_13211,136.87487793207757
OUT_13212,103.69140820562849
OUT_13213,284.0214524873985
OUT_13214,119.96535484680928
OUT_13215,129.62161137951804
OUT_13216,146.65472421916576
OUT_13217,86.15138178639984
OUT_13218,142.97932112684447
OUT_13219,143.1012682333089
OUT_13220,962.1269336562816
OUT_13221,119.34516216917197
OUT_13222,158.9823229843163
OUT_13223,312.277751453336
OUT_13224,144.04284073713507
OUT_13225,160.8684315969193
OUT_13226,116.03145345698262
OUT_13227,392.9072169351367
OUT_13228,984.0629970431296
OUT_13229,131.43772694623465
OUT_13230,1188.5989199782944
OUT_13231,907.6883732234528
OUT_13232,1163.1441577725427
OUT_13233,165.24191881759742
OUT_13234,1108.065324644286
OUT_13235,146.53043331376
OUT_13236,131.99903031675532
OUT_13237,1120.100913124013
OUT_13238,941.7042120974731
OUT_13239,174.06267579472532
OUT_13240,1075.7583250349126
OUT_13241,364.1842670543879
OUT_13242,152.4436002215293
OUT_13243,291.0326027478196
OUT_13244,129.60682371637955
OUT_13245,101.24518270644496
OUT_13246,251.86916306745758
OUT_13247,144.56210333324177
OUT_13248,125.68353488910454
OUT_13249,115.29658577352079
OUT_13250,134.77901046342956
OUT_13251,130.71574938095878
OUT_13252,899.7309340359361
OUT_13253,108.37206549208436
OUT_13254,1296.804462892835
OUT_13255,97.75147668045622
OUT_13256,947.4754272395342
OUT_13257,109.34382235237976
OUT_13258,355.68767020901464
OUT_13259,116.58335584220237
OUT_13260,114.42350788555493
OUT_13261,176.75225140668263
OUT_13262,112.93752464598403
OUT_13263,86.98790653861973
OUT_13264,292.0119734372621
OUT_13265,90.46205345653432
OUT_13266,1203.124587614196
OUT_13267,124.14341391787842
OUT_13268,154.27373140516156
OUT_13269,970.4929348019884
OUT_13270,959.0361012613488
OUT_13271,962.137170955754
OUT_13272,925.53437749553
OUT_13273,142.62963211661497
OUT_13274,113.42450040659311
OUT_13275,115.7225802111194
OUT_13276,147.7736168296339
OUT_13277,382.450574148209
OUT_13278,141.64281810358943
OUT_13279,322.3501439697297
OUT_13280,302.8585654134085
OUT_13281,827.2966109923608
OUT_13282,101.22407125755181
OUT_13283,102.26005252107386
OUT_13284,881.3571345355296
OUT_13285,961.2579234152804
OUT_13286,343.98014229518924
OUT_13287,129.85119200676257
OUT_13288,902.9264197075815
OUT_13289,974.5758640984724
OUT_13290,92.2452577919121
OUT_13291,121.53959749368732
OUT_13292,309.969556825618
OUT_13293,308.2194431301697
OUT_13294,281.2655256423277
OUT_13295,89.17530716130503
OUT_13296,1299.116848877723
OUT_13297,307.3580672781974
OUT_13298,308.9439843246563
OUT_13299,109.31043958084409
OUT_13300,114.0646810650638
OUT_13301,132.7233079932352
OUT_13302,288.7448773520939
OUT_13303,313.82231099713374
OUT_13304,111.08495727246894
OUT_13305,109.64844336355216
OUT_13306,134.6413412761829
OUT_13307,103.15724392835153
OUT_13308,107.57223065275332
OUT_13309,309.52482073167636
OUT_13310,155.58159915250172
OUT_13311,344.2453290485241
OUT_13312,105.3582975359932
OUT_13313,125.40204868967744
OUT_13314,1362.2529358825338
OUT_13315,116.94737215220968
OUT_13316,110.39115095365004
OUT_13317,99.70242775610816
OUT_13318,849.7537476342525
OUT_13319,987.003507800889
OUT_13320,963.2739761862512
OUT_13321,117.89409044146915
OUT_13322,94.18381737398524
OUT_13323,108.3666051107714
OUT_13324,299.11423036725756
OUT_13325,84.89148557461382
OUT_13326,124.74746674597765
OUT_13327,119.50237312777344
OUT_13328,123.78395369549526
OUT_13329,138.56449414563073
OUT_13330,101.88405099129521
OUT_13331,104.0043727050263
OUT_13332,145.087850413349
OUT_13333,1218.0133669030436
OUT_13334,339.0897204675325
OUT_13335,1195.482947909592
OUT_13336,155.64262931789222
OUT_13337,94.420325991541
OUT_13338,899.3302181212132
OUT_13339,1008.6927808594476
OUT_13340,135.1643223574045
OUT_13341,136.7291655400103
OUT_13342,136.04921493228912
OUT_13343,947.3509227055824
OUT_13344,104.817364775256
OUT_13345,157.8017662305342
OUT_13346,159.1331988404758
OUT_13347,1071.1663978855759
OUT_13348,115.01491830358552
OUT_13349,119.13022775482935
OUT_13350,901.0268585598424
OUT_13351,344.6456356048099
OUT_13352,303.37355008900425
OUT_13353,361.9696419756237
OUT_13354,167.66456616155543
OUT_13355,271.66103581868896
OUT_13356,98.52353548755057
OUT_13357,115.66319956583587
OUT_13358,120.52259634645827
OUT_13359,161.0349948299383
OUT_13360,256.2002915683631
OUT_13361,121.1480035341638
OUT_13362,84.7754829131319
OUT_13363,112.12866291096196
OUT_13364,360.4477659210714
OUT_13365,114.1504093268532
OUT_13366,286.0974607047859
OUT_13367,108.86156903005275
OUT_13368,323.9032604476482
OUT_13369,340.1759716903624
OUT_13370,1070.7121708424677
OUT_13371,99.91372120548206
OUT_13372,140.7041382073946
OUT_13373,127.15770391394742
OUT_13374,100.75410917266586
OUT_13375,90.16337447342654
OUT_13376,383.45604214854677
OUT_13377,369.65986973432285
OUT_13378,117.35926072067
OUT_13379,1200.5777024585193
OUT_13380,282.7718099378474
OUT_13381,120.58718858992536
OUT_13382,166.2955078666053
OUT_13383,131.2241070457719
OUT_13384,290.795536832068
OUT_13385,319.17151847532006
OUT_13386,102.43069914555609
OUT_13387,286.7513308382913
OUT_13388,263.64286812417123
OUT_13389,255.79138126308152
OUT_13390,936.9569647975208
OUT_13391,339.65622507678495
OUT_13392,888.7032894962089
OUT_13393,94.83279520479402
OUT_13394,156.03247221958404
OUT_13395,951.5162647542865
OUT_13396,121.97718507784754
OUT_13397,133.6754886285013
OUT_13398,130.24399728692273
OUT_13399,127.0220407656319
OUT_13400,95.78877583852233
OUT_13401,221.23119406466876
OUT_13402,371.4246854063755
OUT_13403,1060.0525479931534
OUT_13404,143.00963923439988
OUT_13405,379.5179625845568
OUT_13406,158.33288274578678
OUT_13407,100.76979020975078
OUT_13408,131.5954200227098
OUT_13409,252.78074551265917
OUT_13410,1020.1127121700272
OUT_13411,137.8853918137265
OUT_13412,1180.764729086819
OUT_13413,304.14332254528784
OUT_13414,960.9740281735776
OUT_13415,109.59757426566256
OUT_13416,285.1165586125769
OUT_13417,959.8344732963368
OUT_13418,176.84279917940694
OUT_13419,103.15083408561075
OUT_13420,90.6736487748402
OUT_13421,177.2825580414857
OUT_13422,110.13886988228543
OUT_13423,124.84210724215497
OUT_13424,167.8582795894788
OUT_13425,90.82316697430402
OUT_13426,111.36360491271664
OUT_13427,132.34689268136307
OUT_13428,130.49040390087006
OUT_13429,102.95402646162748
OUT_13430,866.5320295355089
OUT_13431,118.91904850048263
OUT_13432,110.37178366801919
OUT_13433,140.08139856196206
OUT_13434,176.24427450922815
OUT_13435,107.18926309851636
OUT_13436,147.43528293893297
OUT_13437,188.56939936835965
OUT_13438,99.68018983943898
OUT_13439,135.93808321034015
OUT_13440,956.693033336436
OUT_13441,116.41620535336496
OUT_13442,880.3702203513038
OUT_13443,324.0830338928989
OUT_13444,101.07887897596015
OUT_13445,157.413747376545
OUT_13446,927.7001960231246
OUT_13447,363.69652141042536
OUT_13448,910.7326314168632
OUT_13449,117.77715864844384
OUT_13450,280.5658461219715
OUT_13451,103.09691917034633
OUT_13452,123.93902354994698
OUT_13453,984.8139234082214
OUT_13454,171.314744574511
OUT_13455,307.41638908150475
OUT_13456,178.8545254893125
OUT_13457,268.28643730377945
OUT_13458,906.0283729264218
OUT_13459,131.3046069728328
OUT_13460,147.46800996748206
OUT_13461,104.88656230193436
OUT_13462,323.7705875101714
OUT_13463,158.6764688828796
OUT_13464,340.7702269792953
OUT_13465,159.4814640754246
OUT_13466,99.75481017503608
OUT_13467,164.13861933408893
OUT_13468,1012.1759490229532
OUT_13469,932.7954648743272
OUT_13470,290.9065712586968
OUT_13471,139.835986405622
OUT_13472,291.17025828634496
OUT_13473,223.8671940056957
OUT_13474,146.5526330611951
OUT_13475,121.03009994748628
OUT_13476,281.7131134394608
OUT_13477,974.1165191569086
OUT_13478,294.09636360752893
OUT_13479,32.268022159107694
OUT_13480,148.54197941165455
OUT_13481,1097.417145960039
OUT_13482,270.87203133256946
OUT_13483,95.0372547886078
OUT_13484,327.2004831458236
OUT_13485,887.2139087278708
OUT_13486,135.32772050494214
OUT_13487,116.02585247603835
OUT_13488,270.1864186457529
OUT_13489,325.8138678010421
OUT_13490,388.8273568463179
OUT_13491,109.40100762642068
OUT_13492,117.95003303733154
OUT_13493,105.39477490055664
OUT_13494,129.9113142570954
OUT_13495,136.55462034235074
OUT_13496,755.674647563516
OUT_13497,143.8486243249167
OUT_13498,288.03089575716587
OUT_13499,377.02840786003674
OUT_13500,251.21443517838608
OUT_13501,302.8090795771695
OUT_13502,129.2364667376129
OUT_13503,160.12678191249393
OUT_13504,1003.1396940394304
OUT_13505,902.0110319246054
OUT_13506,984.1841759650634
OUT_13507,353.59215971936334
OUT_13508,190.93344429107583
OUT_13509,345.8585871744482
OUT_13510,145.08504299637136
OUT_13511,146.5397058230253
OUT_13512,193.56056441918633
OUT_13513,150.5521032748837
OUT_13514,1098.1452524961426
OUT_13515,287.4903616081393
OUT_13516,928.7419418917584
OUT_13517,262.8514754219004
OUT_13518,88.96107496223965
OUT_13519,124.98479323294421
OUT_13520,840.2003603167302
OUT_13521,152.9726863491586
OUT_13522,913.025470422318
OUT_13523,176.11067239524533
OUT_13524,294.23286788989725
OUT_13525,140.2722158254095
OUT_13526,952.4715097128924
OUT_13527,929.200038085486
OUT_13528,151.81626542768788
OUT_13529,111.57604399318203
OUT_13530,954.842965755078
OUT_13531,373.4393745708604
OUT_13532,120.25021948969125
OUT_13533,322.6897593040913
OUT_13534,1142.84114669287
OUT_13535,116.83930734254628
OUT_13536,940.067824544328
OUT_13537,138.65274786441748
OUT_13538,120.82335808287314
OUT_13539,319.9239887363975
OUT_13540,1100.5900963766337
OUT_13541,117.27541171310911
OUT_13542,136.17936457928138
OUT_13543,301.9524113982311
OUT_13544,250.3526636530859
OUT_13545,250.1543216487572
OUT_13546,300.2987654124305
OUT_13547,295.75589697242253
OUT_13548,133.54741521710466
OUT_13549,400.28815976942496
OUT_13550,105.35870598503904
OUT_13551,301.11784601004683
OUT_13552,183.17138943236924
OUT_13553,121.90587059081092
OUT_13554,361.1543911975724
OUT_13555,127.53768751143116
OUT_13556,952.4001672688622
OUT_13557,132.38738110171687
OUT_13558,143.69732184405314
OUT_13559,120.62925630403805
OUT_13560,1166.2390656824257
OUT_13561,158.29449202496326
OUT_13562,831.7899488208061
OUT_13563,937.7461056887868
OUT_13564,137.59763321352895
OUT_13565,134.522413317953
OUT_13566,136.14908244798954
OUT_13567,114.48421941484028
OUT_13568,352.03555572639414
OUT_13569,91.6878729859001
OUT_13570,155.19061012257004
OUT_13571,145.4644070085614
OUT_13572,107.57675161625971
OUT_13573,137.98104914371538
OUT_13574,946.848136336175
OUT_13575,949.6270446016376
OUT_13576,96.75769526066972
OUT_13577,114.7773310306984
OUT_13578,146.67772061996268
OUT_13579,946.1505607443082
OUT_13580,328.92805221092016
OUT_13581,135.06984031878184
OUT_13582,273.24708979267007
OUT_13583,108.68519931658953
OUT_13584,129.60261602623777
OUT_13585,162.44058884237438
OUT_13586,89.41814284652709
OUT_13587,166.76070694473668
OUT_13588,121.41035033829807
OUT_13589,138.33211500848157
OUT_13590,328.0693327583162
OUT_13591,80.72605690079746
OUT_13592,347.8779200814936
OUT_13593,128.88784945709585
OUT_13594,116.45535021858718
OUT_13595,934.0290874493096
OUT_13596,891.126017700037
OUT_13597,118.02264950340977
OUT_13598,152.05032203830777
OUT_13599,1299.2088711411673
OUT_13600,180.750702376957
OUT_13601,128.275602137809
OUT_13602,361.060702251248
OUT_13603,837.1760366663127
OUT_13604,116.2144211845554
OUT_13605,341.0226561396687
OUT_13606,118.08734688865871
OUT_13607,327.5785280685462
OUT_13608,296.6864981144868
OUT_13609,129.45761276489165
OUT_13610,131.26709535245865
OUT_13611,920.0156948057746
OUT_13612,127.40661938809777
OUT_13613,1191.624866948373
OUT_13614,388.13270450421294
OUT_13615,115.38097350886828
OUT_13616,112.42891553672054
OUT_13617,368.8954001423668
OUT_13618,1203.110768954047
OUT_13619,268.2677433818464
OUT_13620,1024.087630972059
OUT_13621,120.3072554929786
OUT_13622,382.4981526948145
OUT_13623,365.0843722404175
OUT_13624,282.6696519139135
OUT_13625,358.15141489956983
OUT_13626,381.10855415616567
OUT_13627,367.03208084463284
OUT_13628,97.8091713202424
OUT_13629,104.55365278356236
OUT_13630,105.20217783333561
OUT_13631,305.0767875026872
OUT_13632,154.8978013520854
OUT_13633,287.87015048349497
OUT_13634,960.5212719572328
OUT_13635,107.60222259929877
OUT_13636,119.3916475290942
OUT_13637,101.3261593084125
OUT_13638,314.81046059236905
OUT_13639,1152.2671408647536
OUT_13640,406.2141031698195
OUT_13641,321.0614967399862
OUT_13642,932.1314322019554
OUT_13643,150.15021419664578
OUT_13644,905.9908015532956
OUT_13645,891.2479188503429
OUT_13646,93.00031179192872
OUT_13647,1186.3954342751972
OUT_13648,1235.7934760160256
OUT_13649,951.9938287312256
OUT_13650,97.51380532994058
OUT_13651,344.8971801376955
OUT_13652,138.3236058933162
OUT_13653,156.85829868765495
OUT_13654,287.7626371821921
OUT_13655,99.1305739926679
OUT_13656,154.8210533421028
OUT_13657,292.06840188158037
OUT_13658,111.10954031284366
OUT_13659,127.48859843223491
OUT_13660,249.6666246147884
OUT_13661,101.73260214769408
OUT_13662,348.2101078863165
OUT_13663,269.29979354505684
OUT_13664,895.3400766463116
OUT_13665,1163.6908482441258
OUT_13666,128.0437088454586
OUT_13667,114.08998813318232
OUT_13668,281.4604382350633
OUT_13669,134.41010771487677
OUT_13670,858.8618226459563
OUT_13671,267.88229879518724
OUT_13672,359.078914818538
OUT_13673,105.55669764232198
OUT_13674,118.35961315954151
OUT_13675,179.58260045259388
OUT_13676,129.38340767272769
OUT_13677,929.5404309323854
OUT_13678,980.938110674141
OUT_13679,90.14304220291565
OUT_13680,143.25106445103486
OUT_13681,150.20792413820175
OUT_13682,104.1577832566269
OUT_13683,348.5017541515487
OUT_13684,293.0798099173734
OUT_13685,102.0819248067094
OUT_13686,94.94868327740784
OUT_13687,372.81743230125073
OUT_13688,128.88957476849416
OUT_13689,135.7383054583496
OUT_13690,152.46372838884682
OUT_13691,314.80703713571114
OUT_13692,154.11687972885093
OUT_13693,283.15406900237093
OUT_13694,1194.131126564049
OUT_13695,137.07833605870744
OUT_13696,298.250529723099
OUT_13697,298.2948126782692
OUT_13698,110.61467805750709
OUT_13699,333.6667325039605
OUT_13700,120.47902717282177
OUT_13701,112.99374190994007
OUT_13702,372.1172530354273
OUT_13703,96.65898964180045
OUT_13704,103.75340839642678
OUT_13705,166.04114912118214
OUT_13706,105.98297901120957
OUT_13707,106.3865597176804
OUT_13708,104.84018699331234
OUT_13709,120.08207748656558
OUT_13710,126.59273512818088
OUT_13711,126.7816470213854
OUT_13712,178.29355432666952
OUT_13713,137.79923310730823
OUT_13714,102.63089186636422
OUT_13715,957.0325359558886
OUT_13716,976.927726848014
OUT_13717,303.7410927645107
OUT_13718,885.9388967634935
OUT_13719,332.3987396263463
OUT_13720,108.31360058324461
OUT_13721,275.5979805494655
OUT_13722,324.2981009154635
OUT_13723,350.24826811373964
OUT_13724,125.71426753330886
OUT_13725,143.9502120013239
OUT_13726,298.01495640376834
OUT_13727,152.35434425288804
OUT_13728,131.0875719129704
OUT_13729,107.58747748688177
OUT_13730,136.90678533778515
OUT_13731,86.47221975063341
OUT_13732,264.31292279904085
OUT_13733,181.36033313348256
OUT_13734,974.8069158287186
OUT_13735,77.4069462820183
OUT_13736,885.5090806891242
OUT_13737,959.5757964726106
OUT_13738,165.09547950582703
OUT_13739,130.38193980959548
OUT_13740,106.60332539246218
OUT_13741,98.19209885647118
OUT_13742,914.5346459964396
OUT_13743,129.52565201104912
OUT_13744,124.7241616934272
OUT_13745,110.69054846660278
OUT_13746,115.38956847010274
OUT_13747,292.50570009932375
OUT_13748,97.03117573177398
OUT_13749,115.44498862568896
OUT_13750,426.5051118862949
OUT_13751,132.79473272228148
OUT_13752,253.79989038779055
OUT_13753,1234.1364938227157
OUT_13754,113.08698964852752
OUT_13755,337.96778727668783
OUT_13756,153.17941146886233
OUT_13757,866.9332160040286
OUT_13758,932.2186722111938
OUT_13759,184.26411192347263
OUT_13760,362.00463486239414
OUT_13761,962.5839354678338
OUT_13762,970.9120438140932
OUT_13763,903.7547794979022
OUT_13764,94.3909563954468
OUT_13765,83.36615446670454
OUT_13766,106.04628797016767
OUT_13767,272.0784848331781
OUT_13768,276.554861745551
OUT_13769,146.4055472406714
OUT_13770,108.28091080478951
OUT_13771,151.5169023977879
OUT_13772,100.91674943793093
OUT_13773,278.8689524768409
OUT_13774,112.9158578512284
OUT_13775,138.33478490050524
OUT_13776,359.1471817568491
OUT_13777,312.23837107114537
OUT_13778,112.5154861952811
OUT_13779,123.00989836706776
OUT_13780,893.1096447330086
OUT_13781,108.77021177801036
OUT_13782,118.45759614737226
OUT_13783,109.44085213738146
OUT_13784,123.01978171882972
OUT_13785,121.93138100804651
OUT_13786,387.09787781045173
OUT_13787,116.17742955960887
OUT_13788,95.47209759562489
OUT_13789,275.7883240081074
OUT_13790,363.81134905969293
OUT_13791,950.063829849488
OUT_13792,82.69144725335754
OUT_13793,281.90991867514833
OUT_13794,169.5712342541657
OUT_13795,140.34578519489867
OUT_13796,290.30914212672826
OUT_13797,94.40285337221336
OUT_13798,95.4786887673359
OUT_13799,157.12609408672756
OUT_13800,913.9888913414744
OUT_13801,1185.972080263175
OUT_13802,927.154352603717
OUT_13803,193.56056441918633
OUT_13804,123.12288080585621
OUT_13805,137.65779832750633
OUT_13806,332.4659475912481
OUT_13807,340.68914475306946
OUT_13808,1346.658953566292
OUT_13809,103.51421844614873
OUT_13810,131.73697681643574
OUT_13811,388.7777768781598
OUT_13812,940.9957702764603
OUT_13813,1202.090141688756
OUT_13814,131.24781664166147
OUT_13815,898.6579201350834
OUT_13816,134.71553372938408
OUT_13817,215.51297859873867
OUT_13818,302.5619121706025
OUT_13819,386.9342501429166
OUT_13820,89.48044246285524
OUT_13821,932.2872790709677
OUT_13822,108.59643319178474
OUT_13823,284.51580933489765
OUT_13824,149.6864154634286
OUT_13825,116.79420933337526
OUT_13826,272.88562822349746
OUT_13827,266.04882371051355
OUT_13828,1216.6492438193895
OUT_13829,296.2118089564986
OUT_13830,133.58405089124966
OUT_13831,336.38360826834605
OUT_13832,169.22560899741964
OUT_13833,364.33801259096117
OUT_13834,314.314180597892
OUT_13835,237.4616182749473
OUT_13836,85.99550979640027
OUT_13837,107.45968465276127
OUT_13838,90.61822458471168
OUT_13839,316.08752441211607
OUT_13840,332.547034235316
OUT_13841,153.49791686798994
OUT_13842,140.20820846468166
OUT_13843,356.2093909430822
OUT_13844,182.57637188900435
OUT_13845,95.87294096720136
OUT_13846,124.19395320972559
OUT_13847,306.3538037811246
OUT_13848,134.41592069745388
OUT_13849,92.3319686426636
OUT_13850,148.14343725066283
OUT_13851,931.5466368753848
OUT_13852,170.20486353818563
OUT_13853,149.21644421913822
OUT_13854,140.26805145809027
OUT_13855,123.23691983382811
OUT_13856,151.52138458646982
OUT_13857,987.4378641915226
OUT_13858,901.8317203019624
OUT_13859,130.9164760516575
OUT_13860,100.66960635540524
OUT_13861,126.42245985117384
OUT_13862,147.4167023097614
OUT_13863,125.28532304334206
OUT_13864,148.81180741272692
OUT_13865,109.15929769281074
OUT_13866,133.44916158823204
OUT_13867,126.03229954138963
OUT_13868,127.76295471102235
OUT_13869,169.35033641980624
OUT_13870,79.03171909824634
OUT_13871,297.7876163648271
OUT_13872,127.20320421131676
OUT_13873,284.863991275784
OUT_13874,105.73440455514384
OUT_13875,888.6358513244261
OUT_13876,375.1141984321832
OUT_13877,890.4684807114437
OUT_13878,285.9473315116807
OUT_13879,288.7263640579561
OUT_13880,1205.1515173336163
OUT_13881,255.6050006931225
OUT_13882,163.27850139524634
OUT_13883,1206.5375276620132
OUT_13884,930.2814108693752
OUT_13885,193.56056441918633
OUT_13886,105.89935762320644
OUT_13887,93.97480182749138
OUT_13888,181.015859358157
OUT_13889,154.76580047261857
OUT_13890,153.7323458315811
OUT_13891,283.550468458096
OUT_13892,127.67875614787683
OUT_13893,125.88038630850728
OUT_13894,348.1451346353913
OUT_13895,120.77860473082518
OUT_13896,411.14916546812526
OUT_13897,297.4712694496811
OUT_13898,91.58966937718726
OUT_13899,184.32435084883028
OUT_13900,266.0141976306937
OUT_13901,82.18928772806683
OUT_13902,294.1980480366931
OUT_13903,123.43705369012247
OUT_13904,862.1344939864873
OUT_13905,1178.0896963750893
OUT_13906,153.1175336571415
OUT_13907,351.6037978590306
OUT_13908,1172.4850496315617
OUT_13909,170.6002307189711
OUT_13910,138.21532217257914
OUT_13911,113.16200477745338
OUT_13912,883.2809885243371
OUT_13913,299.153607848461
OUT_13914,415.2912325024806
OUT_13915,367.2937133907158
OUT_13916,294.09668717682683
OUT_13917,320.457108563829
OUT_13918,243.88137500219847
OUT_13919,340.4635860133551
OUT_13920,159.12743652614444
OUT_13921,1155.234744934011
OUT_13922,136.750788572703
OUT_13923,181.8533293456699
OUT_13924,254.50535530816427
OUT_13925,866.2340801658386
OUT_13926,310.878469801278
OUT_13927,138.26523893672623
OUT_13928,116.94841645438797
OUT_13929,85.58138267052406
OUT_13930,127.22937744802852
OUT_13931,338.6369321592308
OUT_13932,392.2912198713618
OUT_13933,368.5432292306406
OUT_13934,131.20748753347985
OUT_13935,278.13843040882597
OUT_13936,145.11917152860298
OUT_13937,988.8502599627112
OUT_13938,320.12736676981444
OUT_13939,118.53504677409742
OUT_13940,362.63583952455815
OUT_13941,100.66594215383398
OUT_13942,139.58876990757338
OUT_13943,937.039285391757
OUT_13944,919.015481027637
OUT_13945,103.70367382724112
OUT_13946,341.37529487400406
OUT_13947,363.5900958179984
OUT_13948,166.44090606985716
OUT_13949,116.41785863076865
OUT_13950,915.8854350666566
OUT_13951,355.23209792486534
OUT_13952,130.2520130373243
OUT_13953,275.9008688020418
OUT_13954,1168.129848545176
OUT_13955,152.65612208797918
OUT_13956,914.989737964734
OUT_13957,126.08344901749243
OUT_13958,308.1841580061337
OUT_13959,311.2501585004686
OUT_13960,117.73767622041196
OUT_13961,320.64764275670143
OUT_13962,114.00264950273586
OUT_13963,923.3288913039902
OUT_13964,114.3915474332185
OUT_13965,364.5231629307527
OUT_13966,134.59451961453777
OUT_13967,89.4211600276388
OUT_13968,151.01648088803606
OUT_13969,348.554376896909
OUT_13970,1026.4089678107632
OUT_13971,116.02908202755687
OUT_13972,892.6986648005867
OUT_13973,288.64315959037833
OUT_13974,147.1175436552766
OUT_13975,829.830550356684
OUT_13976,120.1446123822741
OUT_13977,940.2849461068506
OUT_13978,152.7281228559283
OUT_13979,280.10330462010796
OUT_13980,300.292938749106
OUT_13981,1197.26530149653
OUT_13982,1280.4999926579276
OUT_13983,138.6448129817444
OUT_13984,137.69436056223316
OUT_13985,178.06244107820817
OUT_13986,1148.9756772115502
OUT_13987,125.69388690064785
OUT_13988,353.8696516330907
OUT_13989,136.04115118971202
OUT_13990,150.37283394011573
OUT_13991,269.85049369032606
OUT_13992,976.1521103951018
OUT_13993,93.59338821022969
OUT_13994,295.36353997752184
OUT_13995,127.2217023784775
OUT_13996,1214.5837468750806
OUT_13997,101.0758024487342
OUT_13998,1241.79069940465
OUT_13999,87.62087459994207
OUT_14000,121.6717385619445
OUT_14001,98.3127403052332
OUT_14002,140.478259149189
OUT_14003,95.57220504239665
OUT_14004,154.8557186378676
OUT_14005,335.95271154403684
OUT_14006,107.2819223364948
OUT_14007,309.4426941652083
OUT_14008,287.01551942489823
OUT_14009,327.13047577959543
OUT_14010,105.93674836392968
OUT_14011,330.76950609568644
OUT_14012,128.26455926650922
OUT_14013,104.10834807891351
OUT_14014,1012.2833247164284
OUT_14015,919.3150752303176
OUT_14016,182.3801663270812
OUT_14017,316.87801932466687
OUT_14018,215.2916493863902
OUT_14019,276.6024106842696
OUT_14020,97.33564479979928
OUT_14021,259.0810110642359
OUT_14022,151.8182886527114
OUT_14023,1290.9992528689563
OUT_14024,942.7284161095224
OUT_14025,1008.5658082851272
OUT_14026,96.54253802126345
OUT_14027,130.70610411171944
OUT_14028,121.69810001038556
OUT_14029,991.3507233554474
OUT_14030,883.680092085078
OUT_14031,281.96451496091566
OUT_14032,869.2152530865254
OUT_14033,915.3211313400426
OUT_14034,1091.0259494315007
OUT_14035,118.85378795799242
OUT_14036,916.5944652563072
OUT_14037,845.1479240921243
OUT_14038,115.84067334542806
OUT_14039,360.8624414272589
OUT_14040,325.4280426256105
OUT_14041,116.27013609640758
OUT_14042,176.54790811982724
OUT_14043,166.12655837030124
OUT_14044,192.19398626944178
OUT_14045,227.13863055165777
OUT_14046,102.66610505204628
OUT_14047,336.9460239210033
OUT_14048,130.41242098105832
OUT_14049,134.24699356476444
OUT_14050,1218.7103842893005
OUT_14051,297.6373520991939
OUT_14052,143.96774978490333
OUT_14053,105.7065006361406
OUT_14054,106.12129704034705
OUT_14055,82.51160219208887
OUT_14056,247.1453351264188
OUT_14057,923.749986030285
OUT_14058,313.3107953413211
OUT_14059,143.85420403080792
OUT_14060,347.02422395664934
OUT_14061,233.941629973332
OUT_14062,932.7651374516072
OUT_14063,1090.541793316581
OUT_14064,105.50070801327904
OUT_14065,843.3292813755073
OUT_14066,91.62654228186297
OUT_14067,119.96575084663937
OUT_14068,314.0823310782918
OUT_14069,115.19257087841923
OUT_14070,265.8598058029391
OUT_14071,148.72561738271753
OUT_14072,268.5398268255776
OUT_14073,102.07894578269206
OUT_14074,823.9560503220329
OUT_14075,162.94201449703226
OUT_14076,925.0491703238716
OUT_14077,140.57008845286097
OUT_14078,308.2765348497447
OUT_14079,106.55009274717182
OUT_14080,273.89868644669093
OUT_14081,108.2054880521631
OUT_14082,889.3966263361992
OUT_14083,137.881453875535
OUT_14084,97.4176125595188
OUT_14085,293.8063308574928
OUT_14086,895.2402585376641
OUT_14087,96.90792279484398
OUT_14088,366.9078080709111
OUT_14089,965.300263579985
OUT_14090,980.1252800943004
OUT_14091,147.88567155394102
OUT_14092,121.08062554892861
OUT_14093,1197.6897112371469
OUT_14094,182.4621388640402
OUT_14095,353.59404401221553
OUT_14096,109.24511572997116
OUT_14097,103.94972169995941
OUT_14098,333.9190808167174
OUT_14099,363.55613406041834
OUT_14100,139.48137575094276
OUT_14101,127.17284148823465
OUT_14102,288.997692992357
OUT_14103,108.94564310432418
OUT_14104,124.56081510177998
OUT_14105,100.96684138328004
OUT_14106,383.4053018408637
OUT_14107,128.7213613886617
OUT_14108,127.74591234678155
OUT_14109,931.7896650966766
OUT_14110,297.9520331848697
OUT_14111,896.5716401708701
OUT_14112,140.93728906075347
OUT_14113,99.4574513202738
OUT_14114,913.5537418341912
OUT_14115,141.3757224736601
OUT_14116,118.2320418318276
OUT_14117,318.97851898678925
OUT_14118,1161.724195654857
OUT_14119,270.7292633145188
OUT_14120,156.19848296468413
OUT_14121,148.18372532078357
OUT_14122,136.53692773851265
OUT_14123,104.2716566826829
OUT_14124,108.87541742723958
OUT_14125,102.3857290681367
OUT_14126,295.6492458098113
OUT_14127,908.065631136505
OUT_14128,94.81570194016052
OUT_14129,161.16570513826989
OUT_14130,83.93883285184324
OUT_14131,849.9631902589301
OUT_14132,404.11726927030077
OUT_14133,912.0527460047496
OUT_14134,137.17094028681248
OUT_14135,319.9989181845489
OUT_14136,193.56056441918633
OUT_14137,106.77194442849763
OUT_14138,115.52354621972195
OUT_14139,1094.3544588982954
OUT_14140,112.99358080969485
OUT_14141,124.33744494622108
OUT_14142,251.27511945767398
OUT_14143,115.07889623225522
OUT_14144,354.7788582413481
OUT_14145,258.6283166932002
OUT_14146,337.18570668222327
OUT_14147,329.4497052402674
OUT_14148,108.2377728296887
OUT_14149,141.32566363551774
OUT_14150,153.57890810200132
OUT_14151,98.37793851968871
OUT_14152,343.9708002293135
OUT_14153,97.17353923189708
OUT_14154,252.013397349698
OUT_14155,111.35827301850372
OUT_14156,335.964836093511
OUT_14157,136.94617876852877
OUT_14158,188.49243719450615
OUT_14159,287.8289204238679
OUT_14160,99.83944953060768
OUT_14161,122.37000243144632
OUT_14162,314.24176710540723
OUT_14163,117.33001939303506
OUT_14164,335.46114429226776
OUT_14165,292.2066586770825
OUT_14166,269.6124861274414
OUT_14167,110.43972058467418
OUT_14168,161.92118562833878
OUT_14169,271.2344739437595
OUT_14170,357.20616833191474
OUT_14171,140.16309664176353
OUT_14172,344.3441497387259
OUT_14173,316.609005011044
OUT_14174,122.50251912984268
OUT_14175,898.811741833803
OUT_14176,165.20390246639403
OUT_14177,128.19945432699015
OUT_14178,148.28640438315023
OUT_14179,291.661470197148
OUT_14180,129.30789770612722
OUT_14181,137.0337411223369
OUT_14182,394.5739294931905
OUT_14183,165.31592405493046
OUT_14184,193.56056441918633
OUT_14185,149.371628889823
OUT_14186,937.104035106462
OUT_14187,126.10009644459107
OUT_14188,100.92047597280086
OUT_14189,229.8686966071384
OUT_14190,81.08150481214642
OUT_14191,977.1893161038964
OUT_14192,895.5898624585197
OUT_14193,142.03800822465215
OUT_14194,102.68353509162351
OUT_14195,919.0861706189672
OUT_14196,91.98933384201396
OUT_14197,840.9783739319869
OUT_14198,129.64565957686787
OUT_14199,133.0797265550934
OUT_14200,1213.730096080939
OUT_14201,145.08261317782603
OUT_14202,97.44891885818387
OUT_14203,286.0201526121601
OUT_14204,122.36981197836516
OUT_14205,117.87249848721443
OUT_14206,124.1943946488367
OUT_14207,274.74716558737384
OUT_14208,1170.964233025473
OUT_14209,328.6937321177535
OUT_14210,405.58079891639443
OUT_14211,153.62339152010503
OUT_14212,358.7415441181032
OUT_14213,124.70704839160213
OUT_14214,162.7757683744474
OUT_14215,317.1067885049261
OUT_14216,109.32542659602726
OUT_14217,1087.7339215711943
OUT_14218,108.5353085498105
OUT_14219,133.88817730932766
OUT_14220,107.50537706482686
OUT_14221,259.11789395260297
OUT_14222,1206.7616884211088
OUT_14223,99.65329299276817
OUT_14224,163.19695302433794
OUT_14225,885.791400404493
OUT_14226,877.0605953855909
OUT_14227,101.1370852523265
OUT_14228,353.6370132035145
OUT_14229,387.7025426908757
OUT_14230,124.26662340933052
OUT_14231,957.5205115758492
OUT_14232,93.7111913343109
OUT_14233,299.50719566272073
OUT_14234,128.33287918851488
OUT_14235,88.4608406401412
OUT_14236,306.65842117262895
OUT_14237,310.65953151443307
OUT_14238,302.1933353785392
OUT_14239,145.053867507913
OUT_14240,1216.0423442938777
OUT_14241,954.1760212967696
OUT_14242,853.2877308924044
OUT_14243,291.69939649129134
OUT_14244,118.0338339353642
OUT_14245,104.19156346755857
OUT_14246,110.27198003430648
OUT_14247,260.51798989366245
OUT_14248,264.62565339265467
OUT_14249,371.59870233760194
OUT_14250,125.18299210113528
OUT_14251,953.350868359436
OUT_14252,371.8039403667185
OUT_14253,243.05048276640645
OUT_14254,153.95034397189087
OUT_14255,96.86394123516024
OUT_14256,103.1842950086253
OUT_14257,353.21966407976635
OUT_14258,271.3689029755718
OUT_14259,119.56140786835495
OUT_14260,342.71294272023067
OUT_14261,106.20232026549452
OUT_14262,857.6419357318947
OUT_14263,356.62179099930404
OUT_14264,129.93523266776808
OUT_14265,294.20155537298547
OUT_14266,318.0202255009111
OUT_14267,244.93275539655303
OUT_14268,315.6007260247157
OUT_14269,326.3378638468298
OUT_14270,108.78593820510639
OUT_14271,291.88460699030855
OUT_14272,328.7025884143712
OUT_14273,373.3476586121662
OUT_14274,1143.2703727486933
OUT_14275,308.4096927865051
OUT_14276,171.24731560375673
OUT_14277,294.35776758482774
OUT_14278,160.34579056178947
OUT_14279,124.86043159975172
OUT_14280,936.5100425459602
OUT_14281,1099.9185058059538
OUT_14282,937.2776385685444
OUT_14283,361.49622693952784
OUT_14284,106.42622101427871
OUT_14285,108.83759789880614
OUT_14286,120.56228171569094
OUT_14287,374.69739599266
OUT_14288,91.686026802562
OUT_14289,144.6230977431529
OUT_14290,316.1990945910453
OUT_14291,317.5006000240219
OUT_14292,970.1685870157824
OUT_14293,120.49257013137289
OUT_14294,1164.1974501551515
OUT_14295,118.4356794975753
OUT_14296,162.56430008760537
OUT_14297,754.8990319555119
OUT_14298,265.3964879588111
OUT_14299,290.928808447577
OUT_14300,854.7943262202737
OUT_14301,76.01590492694814
OUT_14302,115.89073193316266
OUT_14303,270.3086200091546
OUT_14304,119.13014512609574
OUT_14305,965.070577526204
OUT_14306,132.60606356208888
OUT_14307,125.61970470766347
OUT_14308,104.19936464927532
OUT_14309,109.02820481789298
OUT_14310,395.3860781977114
OUT_14311,96.41800829656289
OUT_14312,120.34981625719324
OUT_14313,97.88723497688991
OUT_14314,364.27888720404974
OUT_14315,131.50815594594218
OUT_14316,387.9464883722997
OUT_14317,116.11235352267241
OUT_14318,954.178629313664
OUT_14319,330.8232843785136
OUT_14320,119.19846060329634
OUT_14321,139.2748660590604
OUT_14322,333.6984772632892
OUT_14323,892.6950282291042
OUT_14324,149.49015362377696
OUT_14325,121.16019078739961
OUT_14326,414.8571248642992
OUT_14327,111.23952296949408
OUT_14328,869.583522588827
OUT_14329,95.03517605546828
OUT_14330,100.79851922358355
OUT_14331,138.98272256177893
OUT_14332,323.75788845652943
OUT_14333,111.6687902705233
OUT_14334,917.289996715121
OUT_14335,150.53619245595542
OUT_14336,924.3890687275544
OUT_14337,1095.1901578009008
OUT_14338,317.54151281226234
OUT_14339,143.92541485315235
OUT_14340,399.45534284410627
OUT_14341,363.51868573079065
OUT_14342,282.62618478351465
OUT_14343,295.45571820825575
OUT_14344,89.8795264960884
OUT_14345,131.63074501873547
OUT_14346,953.6890269081892
OUT_14347,193.56056441918633
OUT_14348,188.1517130193491
OUT_14349,359.1154015551652
OUT_14350,947.0836142421732
OUT_14351,952.5295635680724
OUT_14352,902.122723761162
OUT_14353,116.64724645638276
OUT_14354,87.1122942683792
OUT_14355,926.7171021536524
OUT_14356,490.4487416678178
OUT_14357,982.9844023728735
OUT_14358,121.11755128712494
OUT_14359,916.2846082621533
OUT_14360,98.00305325307814
OUT_14361,928.0709969799832
OUT_14362,164.81776061433638
OUT_14363,313.5418796960939
OUT_14364,849.8274414087016
OUT_14365,351.3068666311674
OUT_14366,103.42419227170478
OUT_14367,1162.761805485492
OUT_14368,284.4536213617811
OUT_14369,126.67956447443567
OUT_14370,359.4220726903476
OUT_14371,138.6271878870624
OUT_14372,121.99123506326926
OUT_14373,940.2865361503284
OUT_14374,899.1058136700323
OUT_14375,287.18577510320017
OUT_14376,886.2801115066495
OUT_14377,145.61578074028282
OUT_14378,112.96654306846501
OUT_14379,321.6458156294995
OUT_14380,351.2877796830925
OUT_14381,412.1276899785239
OUT_14382,119.57168859979488
OUT_14383,351.3909764047723
OUT_14384,899.0534296398544
OUT_14385,148.65620425337212
OUT_14386,252.36754665206712
OUT_14387,165.79170932913536
OUT_14388,305.14438677441734
OUT_14389,293.9559961021601
OUT_14390,347.0630171833346
OUT_14391,964.3651331988472
OUT_14392,177.26709336611952
OUT_14393,356.95631163319865
OUT_14394,124.62423091625759
OUT_14395,140.58189522779412
OUT_14396,388.20161954933207
OUT_14397,106.89106110614429
OUT_14398,293.6154745722174
OUT_14399,174.5985463457492
OUT_14400,87.6779058996088
OUT_14401,102.42232405701562
OUT_14402,125.16025421290048
OUT_14403,142.10454032994733
OUT_14404,82.95091981708862
OUT_14405,140.78557711036157
OUT_14406,92.72357394743996
OUT_14407,115.9341458046736
OUT_14408,331.14619222805777
OUT_14409,118.60768743931645
OUT_14410,171.92530308295144
OUT_14411,94.14572664894649
OUT_14412,120.24906189598616
OUT_14413,144.2315794203795
OUT_14414,350.47009261819727
OUT_14415,996.3059275127792
OUT_14416,95.90978688380807
OUT_14417,133.61162636016275
OUT_14418,108.63445173302529
OUT_14419,92.13019843168942
OUT_14420,127.4787513021805
OUT_14421,219.8414079140723
OUT_14422,151.1034303313708
OUT_14423,731.1758231438622
OUT_14424,198.79768414570648
OUT_14425,164.46395025087082
OUT_14426,131.2597178467563
OUT_14427,93.9487796575479
OUT_14428,106.42428530174745
OUT_14429,892.6712302464574
OUT_14430,310.4589978411443
OUT_14431,110.17876519393364
OUT_14432,119.49478167306201
OUT_14433,888.3687829850968
OUT_14434,144.52697111264703
OUT_14435,291.92123307265604
OUT_14436,1192.2779046710418
OUT_14437,103.49725124899285
OUT_14438,975.5329221371554
OUT_14439,148.05248491281984
OUT_14440,324.568137302748
OUT_14441,955.0610837890248
OUT_14442,973.4631847170762
OUT_14443,153.2797382303539
OUT_14444,378.0045294668399
OUT_14445,136.57897878277973
OUT_14446,139.63480677395745
OUT_14447,99.9808398308423
OUT_14448,111.60720385421173
OUT_14449,93.13165465129372
OUT_14450,885.0374658919392
OUT_14451,344.73761120948427
OUT_14452,174.93504534570582
OUT_14453,1276.4549944350983
OUT_14454,328.6058398419047
OUT_14455,147.94840636066627
OUT_14456,162.59910535215064
OUT_14457,356.0960529521466
OUT_14458,393.47885542469874
OUT_14459,344.0794231160661
OUT_14460,138.7466758855181
OUT_14461,298.01434586353923
OUT_14462,258.1699281036075
OUT_14463,232.00490252930467
OUT_14464,147.39513089163992
OUT_14465,123.13623408537137
OUT_14466,142.5406119468167
OUT_14467,940.7788480527998
OUT_14468,1185.2419728932005
OUT_14469,336.0807690590356
OUT_14470,339.63577581900006
OUT_14471,338.60935090929627
OUT_14472,367.56361513701995
OUT_14473,128.98377050684428
OUT_14474,117.23682819547902
OUT_14475,135.43767674543002
OUT_14476,864.9469176387549
OUT_14477,170.2689436059652
OUT_14478,138.29797557128444
OUT_14479,351.84190862896213
OUT_14480,157.75500666164783
OUT_14481,108.79907721431368
OUT_14482,958.9351624231249
OUT_14483,332.8867631192714
OUT_14484,107.97950235797208
OUT_14485,924.0194890910118
OUT_14486,152.0473888290881
OUT_14487,109.90690895434902
OUT_14488,330.2621047710533
OUT_14489,112.9302344741557
OUT_14490,254.46029512916985
OUT_14491,95.83503835489086
OUT_14492,119.87130869974884
OUT_14493,1095.3341634398998
OUT_14494,326.9809784194101
OUT_14495,284.6159012686337
OUT_14496,123.95774453416894
OUT_14497,101.39456904792983
OUT_14498,106.59777017746688
OUT_14499,122.07960420188815
OUT_14500,193.49599416800584
OUT_14501,131.80973231120132
OUT_14502,873.3132108250915
OUT_14503,141.53151447862345
OUT_14504,103.01764561033879
OUT_14505,971.8140566813062
OUT_14506,172.9587083344454
OUT_14507,154.1233298588586
OUT_14508,1072.9397081915329
OUT_14509,158.31111850945487
OUT_14510,342.34409122073237
OUT_14511,120.45905065210715
OUT_14512,141.33821419224265
OUT_14513,945.7564637039223
OUT_14514,1177.5821134131247
OUT_14515,281.5679962924025
OUT_14516,308.84983948303443
OUT_14517,97.58139468028308
OUT_14518,293.27446390677727
OUT_14519,1004.911796190494
OUT_14520,308.95057387482984
OUT_14521,318.81450148575504
OUT_14522,285.7980942281196
OUT_14523,142.11407569500835
OUT_14524,856.987117353432
OUT_14525,1072.0359132886722
OUT_14526,904.9636320123152
OUT_14527,80.27955225937397
OUT_14528,118.32458649612951
OUT_14529,306.09991912009684
OUT_14530,264.05454027293763
OUT_14531,315.2904080439593
OUT_14532,114.67186869876869
OUT_14533,114.31344979484922
OUT_14534,108.27656242844557
OUT_14535,333.0875152323538
OUT_14536,963.1487870281434
OUT_14537,360.43511761466215
OUT_14538,384.9248523227694
OUT_14539,128.45733992154527
OUT_14540,316.3471061077906
OUT_14541,150.57493281769314
OUT_14542,163.84768825007282
OUT_14543,136.13382264432576
OUT_14544,106.36409708941255
OUT_14545,106.28778625098789
OUT_14546,145.60620002671445
OUT_14547,1211.853979384198
OUT_14548,126.56369724219405
OUT_14549,107.03119213829936
OUT_14550,127.85880653086237
OUT_14551,1065.8543409793824
OUT_14552,128.71056922839688
OUT_14553,897.8813098374318
OUT_14554,116.88940883028853
OUT_14555,317.9462908972969
OUT_14556,917.710042207578
OUT_14557,400.02936488072453
OUT_14558,874.6794820620844
OUT_14559,193.56056441918633
OUT_14560,137.58761836347804
OUT_14561,308.51834741218204
OUT_14562,122.38096556444214
OUT_14563,105.83702312433148
OUT_14564,301.6581369760208
OUT_14565,163.30591145151405
OUT_14566,969.0532869110912
OUT_14567,119.92998358617534
OUT_14568,379.2029713275627
OUT_14569,193.56056441918633
OUT_14570,101.78159261365593
OUT_14571,343.992605321165
OUT_14572,247.554883925926
OUT_14573,333.6134119880485
OUT_14574,123.0996667458373
OUT_14575,193.90898778337154
OUT_14576,372.88631684514536
OUT_14577,1004.4648771817205
OUT_14578,140.42415243635978
OUT_14579,154.78445146578434
OUT_14580,131.22147355133995
OUT_14581,169.0948194334692
OUT_14582,136.3438235013086
OUT_14583,154.01344733731213
OUT_14584,939.69500656151
OUT_14585,136.43983254561155
OUT_14586,1065.5642357627487
OUT_14587,102.59243806366922
OUT_14588,814.7419010658718
OUT_14589,317.09726581808184
OUT_14590,368.5184562040048
OUT_14591,162.07569478481747
OUT_14592,100.336821569846
OUT_14593,133.57187515362068
OUT_14594,306.6267086205409
OUT_14595,243.33737180733652
OUT_14596,138.26982994416102
OUT_14597,76.4162342235039
OUT_14598,133.64300455905038
OUT_14599,119.09972873776884
OUT_14600,969.5203027856064
OUT_14601,865.4188521565751
OUT_14602,1136.173177907512
OUT_14603,309.73952248271013
OUT_14604,110.75601743898179
OUT_14605,132.10679663902044
OUT_14606,398.2209287809403
OUT_14607,264.77073120286985
OUT_14608,1067.574833372635
OUT_14609,111.85073857103156
OUT_14610,139.64776726979193
OUT_14611,419.6231851357338
OUT_14612,970.538095384704
OUT_14613,287.14745626295814
OUT_14614,292.2859387000495
OUT_14615,1357.495147253785
OUT_14616,140.72716155997338
OUT_14617,97.69378403011207
OUT_14618,127.82134566797895
OUT_14619,938.1015900285709
OUT_14620,118.00954230545165
OUT_14621,127.62869101868569
OUT_14622,333.71458597852586
OUT_14623,273.818189190913
OUT_14624,113.04936734094116
OUT_14625,109.72283397153039
OUT_14626,328.93415271201053
OUT_14627,135.0298211530899
OUT_14628,410.6142560143081
OUT_14629,300.99772138546035
OUT_14630,1200.6039489197613
OUT_14631,891.984076881728
OUT_14632,97.41175205104655
OUT_14633,150.65213067935937
OUT_14634,106.13505599687787
OUT_14635,931.9634123705116
OUT_14636,297.4681897408046
OUT_14637,140.5608329610989
OUT_14638,273.9636218214623
OUT_14639,330.91374422196975
OUT_14640,122.9840324521127
OUT_14641,328.02832631576933
OUT_14642,151.96724052792248
OUT_14643,106.88082922137696
OUT_14644,314.2102988994276
OUT_14645,863.395306156286
OUT_14646,137.83786126903033
OUT_14647,112.56825623480245
OUT_14648,167.6826297033845
OUT_14649,291.1606898571886
OUT_14650,97.74871396351337
OUT_14651,358.1911637968328
OUT_14652,193.56056441918633
OUT_14653,139.2791358996252
OUT_14654,112.0095597476926
OUT_14655,95.08796754615224
OUT_14656,150.44155935134899
OUT_14657,106.76376890076665
OUT_14658,87.80550643717837
OUT_14659,167.42273066840215
OUT_14660,101.2019021086423
OUT_14661,107.47620483150185
OUT_14662,883.4896839252526
OUT_14663,1187.9966794882375
OUT_14664,985.2833276455384
OUT_14665,111.42719566644338
OUT_14666,97.71272446329553
OUT_14667,129.56778952114274
OUT_14668,108.24307553847648
OUT_14669,107.7698467204129
OUT_14670,372.4619423687456
OUT_14671,1187.4618115607789
OUT_14672,972.9756838776278
OUT_14673,356.85560854386165
OUT_14674,243.55971303747492
OUT_14675,105.07059373161864
OUT_14676,163.27362125329554
OUT_14677,134.80976473493288
OUT_14678,115.23803486884916
OUT_14679,297.1928933116717
OUT_14680,260.63943148374875
OUT_14681,993.116679513498
OUT_14682,145.00897894937478
OUT_14683,990.3740958375932
OUT_14684,158.04967239221526
OUT_14685,326.97362487843566
OUT_14686,221.7156278936475
OUT_14687,334.4619523642262
OUT_14688,316.4491900247992
OUT_14689,149.28543565904167
OUT_14690,324.9474307511019
OUT_14691,116.77162274321226
OUT_14692,118.60400836230171
OUT_14693,288.9811695457785
OUT_14694,989.843525654862
OUT_14695,137.6571785876455
OUT_14696,115.5547994617472
OUT_14697,122.1812466617011
OUT_14698,868.8861359131737
OUT_14699,940.6969153985706
OUT_14700,145.69426307400144
OUT_14701,124.71349990762467
OUT_14702,126.9656378110568
OUT_14703,97.11896174890904
OUT_14704,129.08045186161556
OUT_14705,372.5381960774644
OUT_14706,106.13866445716056
OUT_14707,121.68853879046875
OUT_14708,904.781563365086
OUT_14709,950.123566925244
OUT_14710,246.2268965551473
OUT_14711,121.68449248635837
OUT_14712,830.9184902003117
OUT_14713,126.64627023339106
OUT_14714,296.26204607314446
OUT_14715,106.00549128140445
OUT_14716,134.96470267983335
OUT_14717,128.36711470487106
OUT_14718,169.81848522763417
OUT_14719,296.9263917369484
OUT_14720,1150.7089340091936
OUT_14721,339.3606768769591
OUT_14722,271.7053214407064
OUT_14723,378.29919564865247
OUT_14724,283.22614440859945
OUT_14725,897.9350338053423
OUT_14726,271.33000411910945
OUT_14727,126.06400482974335
OUT_14728,343.43240319960887
OUT_14729,109.65055492548606
OUT_14730,378.22516124139213
OUT_14731,125.66507311760076
OUT_14732,78.13038474544457
OUT_14733,164.82149896237013
OUT_14734,83.1259943251666
OUT_14735,349.1791891430306
OUT_14736,355.87276428545925
OUT_14737,122.27427852246387
OUT_14738,278.08007156862266
OUT_14739,335.9366432172426
OUT_14740,114.25386892920282
OUT_14741,908.8191845140736
OUT_14742,115.30650621965776
OUT_14743,998.7840041526232
OUT_14744,101.94700177636275
OUT_14745,253.99606857901367
OUT_14746,133.65039007314604
OUT_14747,172.0589922889507
OUT_14748,105.11683715948382
OUT_14749,797.5197830647556
OUT_14750,324.51025072813684
OUT_14751,333.6568732227336
OUT_14752,916.8291809282229
OUT_14753,263.3553255809491
OUT_14754,898.1172962967601
OUT_14755,247.17849413289667
OUT_14756,293.4625525219766
OUT_14757,922.9808670674212
OUT_14758,275.9473569810285
OUT_14759,380.93152059791686
OUT_14760,982.8880909113602
OUT_14761,151.30450191445817
OUT_14762,365.16105030593565
OUT_14763,110.77697543095091
OUT_14764,121.27199169420598
OUT_14765,328.1281727121038
OUT_14766,324.71612881435976
OUT_14767,931.9397296886762
OUT_14768,310.0219024727188
OUT_14769,137.1113424395012
OUT_14770,366.75186876377694
OUT_14771,1230.3288344472503
OUT_14772,113.1408138675479
OUT_14773,927.8304057601206
OUT_14774,947.43768128067
OUT_14775,106.42458312954325
OUT_14776,99.16586176681044
OUT_14777,357.9766278895682
OUT_14778,905.6875923286202
OUT_14779,152.8705160864368
OUT_14780,182.98879527383124
OUT_14781,136.6931963495003
OUT_14782,979.8521890076728
OUT_14783,348.7324465802312
OUT_14784,96.52351835597428
OUT_14785,117.50673871333167
OUT_14786,103.64691248398259
OUT_14787,950.7570797914776
OUT_14788,112.58660317305501
OUT_14789,151.11619904943302
OUT_14790,131.20765396010364
OUT_14791,314.22975967873964
OUT_14792,115.69566902399598
OUT_14793,174.91507509373653
OUT_14794,118.4755571089503
OUT_14795,115.69887242860564
OUT_14796,143.22497904257898
OUT_14797,122.55334699303192
OUT_14798,361.4149393008802
OUT_14799,965.254156485034
OUT_14800,847.4294312481089
OUT_14801,120.2660869052586
OUT_14802,368.12810183421584
OUT_14803,231.76665313247267
OUT_14804,153.0332190181887
OUT_14805,118.77880017302562
OUT_14806,133.7784835821251
OUT_14807,76.1254442075595
OUT_14808,134.87290935577002
OUT_14809,1405.7908203895604
OUT_14810,362.3774275838164
OUT_14811,247.36725745387847
OUT_14812,102.76404550462564
OUT_14813,83.42875785065418
OUT_14814,200.6761386057747
OUT_14815,132.3265948752018
OUT_14816,83.80504579935501
OUT_14817,152.59499635971343
OUT_14818,910.4397366116714
OUT_14819,112.8937206237643
OUT_14820,957.67331414263
OUT_14821,116.80444748642259
OUT_14822,1198.008103422029
OUT_14823,932.0823785992952
OUT_14824,81.73672179176268
OUT_14825,344.5405292878655
OUT_14826,82.01335983882947
OUT_14827,77.26176128897391
OUT_14828,129.25818943760348
OUT_14829,91.2792838854217
OUT_14830,1090.811881917789
OUT_14831,144.09337027196298
OUT_14832,108.09881947990405
OUT_14833,1168.7555513189586
OUT_14834,1016.651428763516
OUT_14835,78.82092248278666
OUT_14836,325.21094332153774
OUT_14837,115.16620945609525
OUT_14838,167.36474857163168
OUT_14839,316.2816720203215
OUT_14840,110.90571055084922
OUT_14841,108.32555135244375
OUT_14842,377.6573441399385
OUT_14843,326.3244219938036
OUT_14844,95.01349675134418
OUT_14845,150.53762856531637
OUT_14846,926.0238255165448
OUT_14847,328.60479625796347
OUT_14848,136.43960673204955
OUT_14849,105.85163448668733
OUT_14850,105.60611162920615
OUT_14851,110.80890737999708
OUT_14852,256.5762846289967
OUT_14853,367.3511155278218
OUT_14854,94.73681872312706
OUT_14855,154.44203351098807
OUT_14856,1015.2709701219
OUT_14857,279.2701955558957
OUT_14858,400.574217214206
OUT_14859,944.597665150724
OUT_14860,76.62516233739767
OUT_14861,137.32749594423285
OUT_14862,297.12569892099367
OUT_14863,348.2419079296485
OUT_14864,950.6185444587244
OUT_14865,229.06997272289163
OUT_14866,114.46256892470004
OUT_14867,123.8519125261582
OUT_14868,921.1793524586748
OUT_14869,948.9603274939204
OUT_14870,339.8952008863941
OUT_14871,266.5148096530269
OUT_14872,1103.7018428538977
OUT_14873,165.50782350474336
OUT_14874,1197.5062862503592
OUT_14875,1101.8005540261854
OUT_14876,881.7955634828762
OUT_14877,121.39188093072528
OUT_14878,444.60328229827826
OUT_14879,118.74348245645064
OUT_14880,135.24698534963522
OUT_14881,901.852341787684
OUT_14882,876.9898193344193
OUT_14883,333.81060241690307
OUT_14884,907.9105522099004
OUT_14885,792.2994107078604
OUT_14886,146.92826084314376
OUT_14887,291.5180342408602
OUT_14888,166.78677250899807
OUT_14889,254.2788496463044
OUT_14890,126.64227284467083
OUT_14891,104.85674743296896
OUT_14892,114.23831737220446
OUT_14893,134.7352595258969
OUT_14894,222.19797493621465
OUT_14895,102.31592387137184
OUT_14896,99.10191008479356
OUT_14897,295.0219512109022
OUT_14898,149.9847109246063
OUT_14899,129.0320051459121
OUT_14900,127.11526211608133
OUT_14901,368.8119865097291
OUT_14902,262.85445242841945
OUT_14903,159.59494077610415
OUT_14904,389.0882918231508
OUT_14905,344.8927469547083
OUT_14906,123.39418185364782
OUT_14907,151.05416237915892
OUT_14908,274.8218068071782
OUT_14909,111.9401544734085
OUT_14910,169.2437722445036
OUT_14911,1032.5527834006718
OUT_14912,124.64850262548279
OUT_14913,326.3294883938776
OUT_14914,953.9060967839288
OUT_14915,142.89899455832713
OUT_14916,291.0351309973784
OUT_14917,128.31547021250003
OUT_14918,129.49842831705126
OUT_14919,87.03423506370014
OUT_14920,84.93621412647596
OUT_14921,146.74629419227153
OUT_14922,1118.6311038101346
OUT_14923,418.7912039967566
OUT_14924,335.4088630975715
OUT_14925,246.4189099323909
OUT_14926,258.0830921539225
OUT_14927,296.206696850464
OUT_14928,910.9088161993976
OUT_14929,329.4566557094897
OUT_14930,960.1992432860628
OUT_14931,112.15475393106117
OUT_14932,131.42895562850276
OUT_14933,145.20020057861785
OUT_14934,334.8245539632168
OUT_14935,328.6681650445666
OUT_14936,300.6327965773059
OUT_14937,916.6195780797732
OUT_14938,334.0232406298554
OUT_14939,154.01407152336378
OUT_14940,836.0697386734034
OUT_14941,848.1278711432218
OUT_14942,138.66660631179266
OUT_14943,137.70069099284498
OUT_14944,127.07496164426875
OUT_14945,144.61383342995887
OUT_14946,924.0050564892534
OUT_14947,978.7112240855768
OUT_14948,157.894685672649
OUT_14949,122.58723835918816
OUT_14950,120.38437511411864
OUT_14951,147.47415823571438
OUT_14952,132.16177024431283
OUT_14953,348.19250399071865
OUT_14954,278.27351074179165
OUT_14955,160.09891102217364
OUT_14956,298.55651731502275
OUT_14957,120.79507291393195
OUT_14958,886.4937754843377
OUT_14959,1068.714669363665
OUT_14960,308.23789527820287
OUT_14961,97.3550887960343
OUT_14962,240.6839769426905
OUT_14963,312.11004087418934
OUT_14964,98.69677860415113
OUT_14965,262.25797320063725
OUT_14966,129.96182253892695
OUT_14967,295.7604623649158
OUT_14968,350.5342376948992
OUT_14969,137.49080288531164
OUT_14970,139.16931352427648
OUT_14971,319.0989635777851
OUT_14972,314.1317032082609
OUT_14973,150.53697484772536
OUT_14974,947.5728911884624
OUT_14975,110.514550161431
OUT_14976,269.14215003640885
OUT_14977,366.2304611844279
OUT_14978,118.0214688629387
OUT_14979,121.46249152823225
OUT_14980,142.84355425399465
OUT_14981,1259.0245221240448
OUT_14982,374.9173535261929
OUT_14983,321.5911872299364
OUT_14984,136.49070580239135
OUT_14985,105.08509025902944
OUT_14986,944.0681636292536
OUT_14987,271.294353896079
OUT_14988,264.6217725780359
OUT_14989,285.6392629543691
OUT_14990,235.31200836099774
OUT_14991,886.3378962156485
OUT_14992,889.9046747416198
OUT_14993,987.8234140701642
OUT_14994,968.9968887091248
OUT_14995,153.01969057196936
OUT_14996,126.10358423492882
OUT_14997,114.50016328121161
OUT_14998,286.57363225229017
OUT_14999,102.64172077010244
OUT_15000,126.7776174430143
OUT_15001,340.3171987421032
OUT_15002,114.99309716957058
OUT_15003,144.16988807024015
OUT_15004,314.7410879073293
OUT_15005,1215.4758667604024
OUT_15006,241.18089289659977
OUT_15007,1416.052973669035
OUT_15008,327.79820997657777
OUT_15009,103.3733926980955
OUT_15010,167.2763135786219
OUT_15011,128.18765350511745
OUT_15012,255.47422732093963
OUT_15013,344.5797285429342
OUT_15014,148.90587974879804
OUT_15015,112.26135002189643
OUT_15016,131.9458068628375
OUT_15017,133.05427719391068
OUT_15018,77.20360069043676
OUT_15019,299.8658765563097
OUT_15020,916.9382673580736
OUT_15021,135.86508936559403
OUT_15022,273.30833430457164
OUT_15023,126.3786499538388
OUT_15024,258.278348476338
OUT_15025,999.1333912324588
OUT_15026,140.22805189673693
OUT_15027,337.26140574268146
OUT_15028,356.06653940632214
OUT_15029,111.5207526363562
OUT_15030,128.05619532704748
OUT_15031,128.04199663410344
OUT_15032,146.78662108606966
OUT_15033,363.37740162928594
OUT_15034,102.9059506913472
OUT_15035,381.5142785054856
OUT_15036,113.87425763846429
OUT_15037,122.5531944090093
OUT_15038,297.04795579977053
OUT_15039,373.62813953693046
OUT_15040,117.78915633276941
OUT_15041,833.5013344358669
OUT_15042,1001.0101876836522
OUT_15043,261.4316098319957
OUT_15044,111.61724582962569
OUT_15045,153.33448729097043
OUT_15046,1042.36230358801
OUT_15047,1198.3511245427198
OUT_15048,90.20370985961512
OUT_15049,936.403453798644
OUT_15050,132.8417225775894
OUT_15051,974.3576965061052
OUT_15052,930.578465737872
OUT_15053,934.4040439923476
OUT_15054,263.26619258715584
OUT_15055,1158.6189519577192
OUT_15056,126.67429920871949
OUT_15057,1201.0436424636669
OUT_15058,127.92008806416423
OUT_15059,127.59584552158249
OUT_15060,132.99055500142296
OUT_15061,928.3122237814948
OUT_15062,272.606622481958
OUT_15063,940.242918596478
OUT_15064,106.29008970777949
OUT_15065,947.7142718819445
OUT_15066,144.91425476497596
OUT_15067,278.8148373837138
OUT_15068,111.73317137373083
OUT_15069,108.14661596658833
OUT_15070,345.34643297638956
OUT_15071,177.58972116319796
OUT_15072,262.9373422470786
OUT_15073,93.70256709478029
OUT_15074,125.36881615085473
OUT_15075,198.3528745461629
OUT_15076,958.3362319691898
OUT_15077,153.5724108896209
OUT_15078,975.34381973193
OUT_15079,94.14098283564395
OUT_15080,103.37155185913112
OUT_15081,924.975213870091
OUT_15082,980.945009637201
OUT_15083,930.1990033379528
OUT_15084,130.8384322245854
OUT_15085,382.7557609303
OUT_15086,71.0273499657355
OUT_15087,103.7064497828982
OUT_15088,103.50051252307553
OUT_15089,1085.9550879781111
OUT_15090,102.4789444744958
OUT_15091,896.08636812186
OUT_15092,239.5452919539697
OUT_15093,982.8570097483332
OUT_15094,123.64123928991096
OUT_15095,140.07533009622125
OUT_15096,383.0526262332006
OUT_15097,110.02094021955432
OUT_15098,970.7574539118784
OUT_15099,114.68205566831672
OUT_15100,332.9774946982483
OUT_15101,240.9213009449512
OUT_15102,209.3029158815607
OUT_15103,910.3749873337932
OUT_15104,316.2661879641814
OUT_15105,155.3249758212255
OUT_15106,123.94244241909927
OUT_15107,95.41389109202748
OUT_15108,790.4298321917571
OUT_15109,115.08208611842066
OUT_15110,108.88542049684456
OUT_15111,359.60567227118884
OUT_15112,120.95074681858696
OUT_15113,172.96774666361927
OUT_15114,1012.059218868704
OUT_15115,277.8173653602456
OUT_15116,288.8048213307699
OUT_15117,142.30743643011422
OUT_15118,133.97342292714572
OUT_15119,147.0511661906789
OUT_15120,79.15043091528942
OUT_15121,131.69685337570652
OUT_15122,857.1534951943707
OUT_15123,96.9957737179583
OUT_15124,156.33930661610876
OUT_15125,909.2491601386358
OUT_15126,153.22511283088755
OUT_15127,148.97727876923514
OUT_15128,82.99015268173972
OUT_15129,322.1134053124438
OUT_15130,155.75393318344396
OUT_15131,129.15543002735805
OUT_15132,900.951193336673
OUT_15133,147.45591416447243
OUT_15134,319.904824299337
OUT_15135,962.6000519171292
OUT_15136,136.32781200816382
OUT_15137,81.04295822297698
OUT_15138,119.27904374015128
OUT_15139,339.9780232018028
OUT_15140,108.97738675791751
OUT_15141,101.49517293966407
OUT_15142,104.31530260731866
OUT_15143,123.71285101981532
OUT_15144,159.6181457030324
OUT_15145,1186.0549273538238
OUT_15146,285.6308418828166
OUT_15147,936.0492552729156
OUT_15148,292.8604728641793
OUT_15149,237.156720083304
OUT_15150,135.28495983935565
OUT_15151,113.75565603456248
OUT_15152,112.15097234059371
OUT_15153,356.244975761892
OUT_15154,1020.9064433009642
OUT_15155,306.60276817039073
OUT_15156,985.1711026064412
OUT_15157,140.1754531737396
OUT_15158,977.1028914416916
OUT_15159,946.6859340764532
OUT_15160,1214.860419067243
OUT_15161,292.11521065569303
OUT_15162,112.7982369939329
OUT_15163,964.2576926967166
OUT_15164,113.37173227399747
OUT_15165,342.2352635505101
OUT_15166,371.9912791691289
OUT_15167,289.9233097335998
OUT_15168,853.2630825672109
OUT_15169,103.33140327172683
OUT_15170,281.827534447176
OUT_15171,137.6392544596575
OUT_15172,98.25553996433432
OUT_15173,266.5036722044334
OUT_15174,89.0008508665775
OUT_15175,133.42643849850907
OUT_15176,260.5942356366564
OUT_15177,344.63185690431976
OUT_15178,122.73725042624115
OUT_15179,1141.8847994736427
OUT_15180,143.99754542398338
OUT_15181,296.7352325832939
OUT_15182,83.68846430112434
OUT_15183,894.0875088763695
OUT_15184,987.1838187566487
OUT_15185,992.9547723820242
OUT_15186,154.87263307006071
OUT_15187,242.53218877600824
OUT_15188,96.90383173790624
OUT_15189,317.95354100516465
OUT_15190,129.16321309849096
OUT_15191,123.59535240169728
OUT_15192,114.66250057537981
OUT_15193,332.9147282599953
OUT_15194,328.99862009674393
OUT_15195,126.40999612052748
OUT_15196,257.6873656388446
OUT_15197,101.83009292229349
OUT_15198,952.3809230494106
OUT_15199,238.94755741547905
OUT_15200,269.23767902715235
OUT_15201,121.69195736458757
OUT_15202,840.5848135380345
OUT_15203,410.88790282340585
OUT_15204,333.165888808234
OUT_15205,151.772813223194
OUT_15206,157.05188190020797
OUT_15207,120.52526090298666
OUT_15208,978.3990199665398
OUT_15209,98.48820438819546
OUT_15210,86.82488763438138
OUT_15211,144.69458585275353
OUT_15212,891.892556088899
OUT_15213,129.19446604076833
OUT_15214,369.2151245153359
OUT_15215,343.13527631480827
OUT_15216,305.8189126225319
OUT_15217,146.38457597216362
OUT_15218,292.49285872652
OUT_15219,276.6429176410065
OUT_15220,404.1662998033404
OUT_15221,134.2230179560885
OUT_15222,875.435967568641
OUT_15223,161.55126849357657
OUT_15224,305.32473324501785
OUT_15225,146.43844698055628
OUT_15226,167.46969424692645
OUT_15227,104.10068260233908
OUT_15228,946.2033721793184
OUT_15229,98.80060332784475
OUT_15230,94.97685580959579
OUT_15231,363.5423372807768
OUT_15232,1255.6570131969709
OUT_15233,312.5245033684947
OUT_15234,149.63849491664084
OUT_15235,1187.2094775251282
OUT_15236,806.9301675975496
OUT_15237,142.42592285063753
OUT_15238,1168.9966827479566
OUT_15239,115.74230487202146
OUT_15240,294.53044860477354
OUT_15241,88.04636156853044
OUT_15242,154.30294216490412
OUT_15243,308.12520773517923
OUT_15244,104.77603140698349
OUT_15245,133.96467842683631
OUT_15246,849.8684170454941
OUT_15247,166.9152784511831
OUT_15248,109.39449615271808
OUT_15249,808.7951328940869
OUT_15250,946.086510844562
OUT_15251,267.22997537522997
OUT_15252,1186.1994995374148
OUT_15253,365.1308994746427
OUT_15254,89.39766112177637
OUT_15255,950.252040271329
OUT_15256,971.26607323815
OUT_15257,124.53789165905168
OUT_15258,87.37942178453473
OUT_15259,935.8230914473776
OUT_15260,997.4444533944152
OUT_15261,106.03742716632226
OUT_15262,131.484229340691
OUT_15263,307.76689260894545
OUT_15264,335.3732506128529
OUT_15265,106.45617891742828
OUT_15266,1083.605155629829
OUT_15267,891.3849292515474
OUT_15268,149.49015574261438
OUT_15269,143.55202623049558
OUT_15270,119.68651576385712
OUT_15271,143.41267287429707
OUT_15272,912.2981649418656
OUT_15273,250.5245633035572
OUT_15274,243.61779355441803
OUT_15275,100.4995969719172
OUT_15276,120.95992201953592
OUT_15277,364.0802158820108
OUT_15278,115.52072023884358
OUT_15279,128.975751095912
OUT_15280,332.478710498371
OUT_15281,131.00593890385312
OUT_15282,358.67635829982294
OUT_15283,1229.2308110502042
OUT_15284,138.60897284144502
OUT_15285,1199.7847538323954
OUT_15286,128.7806905762449
OUT_15287,346.60658380188045
OUT_15288,115.88421705073408
OUT_15289,330.234029825103
OUT_15290,241.23476846867564
OUT_15291,792.1159415429318
OUT_15292,74.50945362707176
OUT_15293,90.88190200419824
OUT_15294,1208.955054307813
OUT_15295,120.90144840458423
OUT_15296,128.57727703607995
OUT_15297,155.75869787207424
OUT_15298,308.1497904353622
OUT_15299,945.9065471267128
OUT_15300,283.19122728935827
OUT_15301,284.17769172569115
OUT_15302,111.38009300149436
OUT_15303,434.7774963283247
OUT_15304,291.8066999360194
OUT_15305,175.12101862948623
OUT_15306,150.65382570230477
OUT_15307,143.98006108833025
OUT_15308,308.78057241036277
OUT_15309,108.73396780690736
OUT_15310,240.03765346081158
OUT_15311,283.5803973083366
OUT_15312,116.84289048002717
OUT_15313,347.3375406142828
OUT_15314,116.35463981287788
OUT_15315,1141.66322488955
OUT_15316,939.1965671335485
OUT_15317,971.6022892134775
OUT_15318,360.21439192321884
OUT_15319,342.1991175310248
OUT_15320,324.8851007092009
OUT_15321,99.94796056023733
OUT_15322,905.8129420116104
OUT_15323,378.3646377072524
OUT_15324,260.72517115488995
OUT_15325,120.47590887695347
OUT_15326,100.94777368006783
OUT_15327,1313.6310247016404
OUT_15328,132.96683663247626
OUT_15329,933.818907103785
OUT_15330,128.5648308617224
OUT_15331,275.8264289153143
OUT_15332,129.26907050953088
OUT_15333,911.4922572093644
OUT_15334,261.91852678000123
OUT_15335,918.1909795636234
OUT_15336,126.26192349451772
OUT_15337,699.3013908890434
OUT_15338,109.77777814199388
OUT_15339,101.46881675021456
OUT_15340,965.4769997495904
OUT_15341,406.46243327776506
OUT_15342,1222.373546568506
OUT_15343,327.2395009456332
OUT_15344,886.7208403394195
OUT_15345,108.52076927982476
OUT_15346,374.8090537605376
OUT_15347,159.89656545077577
OUT_15348,94.76366368711771
OUT_15349,325.7430344171783
OUT_15350,104.8074986922706
OUT_15351,245.17994572974473
OUT_15352,302.304728579856
OUT_15353,1175.6942328996056
OUT_15354,111.70706153784064
OUT_15355,127.73275429620767
OUT_15356,1137.8278553997766
OUT_15357,126.45334905976617
OUT_15358,989.7510642977104
OUT_15359,109.2575591266902
OUT_15360,123.17805618158538
OUT_15361,304.848606710448
OUT_15362,341.62419466464536
OUT_15363,375.03988734324076
OUT_15364,256.3405131682956
OUT_15365,97.13595897518157
OUT_15366,103.12565342763403
OUT_15367,174.1048330677381
OUT_15368,110.5518781037257
OUT_15369,315.6623273013879
OUT_15370,309.36405863337666
OUT_15371,106.46851160896723
OUT_15372,1149.661921488762
OUT_15373,215.67787862944508
OUT_15374,137.44698298137996
OUT_15375,332.45873844254527
OUT_15376,825.1091526604822
OUT_15377,409.10247971571243
OUT_15378,148.93392015020527
OUT_15379,381.4942440200255
OUT_15380,125.38570912384233
OUT_15381,317.9835433596341
OUT_15382,279.1296571762384
OUT_15383,102.11971565686666
OUT_15384,119.25760702971795
OUT_15385,130.33912719704173
OUT_15386,136.12394981137786
OUT_15387,301.9079449374861
OUT_15388,204.29595277977862
OUT_15389,88.34622927962357
OUT_15390,979.28621734996
OUT_15391,354.58637965791775
OUT_15392,324.31388292417773
OUT_15393,144.9529708506029
OUT_15394,171.30002844140841
OUT_15395,84.62215896719425
OUT_15396,108.98635687362992
OUT_15397,995.7788842234952
OUT_15398,946.0716398716932
OUT_15399,1037.7820672863295
OUT_15400,950.8472845099436
OUT_15401,113.06425261254168
OUT_15402,310.4424576494729
OUT_15403,193.56056441918633
OUT_15404,87.64386203440466
OUT_15405,129.0898681014735
OUT_15406,124.39613622030875
OUT_15407,311.1451569450622
OUT_15408,137.9926098750239
OUT_15409,324.1749489895111
OUT_15410,395.94340945567797
OUT_15411,330.8596151635922
OUT_15412,828.518405934359
OUT_15413,151.721064362992
OUT_15414,114.03449139603536
OUT_15415,1091.88850503597
OUT_15416,343.70887962532595
OUT_15417,901.3100827655054
OUT_15418,903.3629023269958
OUT_15419,328.5352400083593
OUT_15420,300.30965536967807
OUT_15421,81.76923715436526
OUT_15422,98.69147007867852
OUT_15423,313.5415494096204
OUT_15424,995.9341873822292
OUT_15425,408.23770460578703
OUT_15426,89.66089645619608
OUT_15427,119.57280237653993
OUT_15428,1088.588328969439
OUT_15429,284.6541622317736
OUT_15430,115.04596634743501
OUT_15431,335.89518298995034
OUT_15432,99.46356530863169
OUT_15433,168.72354308952802
OUT_15434,96.82136799807984
OUT_15435,920.512036932152
OUT_15436,102.25061398169996
OUT_15437,290.902394927298
OUT_15438,306.1459067977263
OUT_15439,323.6746542812064
OUT_15440,191.84001795892382
OUT_15441,161.06076641045084
OUT_15442,905.8921273433964
OUT_15443,144.386179767016
OUT_15444,363.1120531112984
OUT_15445,168.9114021485985
OUT_15446,222.95870833709785
OUT_15447,330.56940298947484
OUT_15448,110.02980718970659
OUT_15449,930.2980727106658
OUT_15450,413.0762098343585
OUT_15451,1452.2323054707376
OUT_15452,300.3843186166669
OUT_15453,120.92327102553861
OUT_15454,233.43084699839122
OUT_15455,921.3558867587466
OUT_15456,126.11765020429509
OUT_15457,116.17508864542366
OUT_15458,1018.0999100360224
OUT_15459,172.61735817525798
OUT_15460,361.7205979838893
OUT_15461,987.230859097925
OUT_15462,886.1978204239886
OUT_15463,269.1919566333896
OUT_15464,347.444704625308
OUT_15465,121.92637774152423
OUT_15466,863.4945374119424
OUT_15467,335.5140265615954
OUT_15468,1182.683912433179
OUT_15469,348.4288136639295
OUT_15470,911.0359283607992
OUT_15471,141.46603111797336
OUT_15472,930.6164833006408
OUT_15473,120.67893818573921
OUT_15474,343.0468119837039
OUT_15475,132.8509100396281
OUT_15476,92.52125847849194
OUT_15477,334.0214784094088
OUT_15478,135.17562860859107
OUT_15479,122.75634167340283
OUT_15480,941.663252973849
OUT_15481,1025.9290978371223
OUT_15482,127.63064861159852
OUT_15483,318.5983166132074
OUT_15484,263.7388682174108
OUT_15485,317.49046240741103
OUT_15486,147.5204309909218
OUT_15487,1196.1388090873863
OUT_15488,130.417713491766
OUT_15489,989.7498414238632
OUT_15490,106.948540724005
OUT_15491,118.78830745317462
OUT_15492,114.37649294735647
OUT_15493,946.2241529282124
OUT_15494,323.7993237414918
OUT_15495,145.67315113940325
OUT_15496,1344.231208492892
OUT_15497,896.7914075056752
OUT_15498,961.7105425833092
OUT_15499,193.56056441918633
OUT_15500,108.78452291194414
OUT_15501,173.71206638349474
OUT_15502,997.1930764053526
OUT_15503,123.9782923104535
OUT_15504,1010.4332928559307
OUT_15505,264.93914690944894
OUT_15506,868.1142768699876
OUT_15507,236.49077732207047
OUT_15508,114.64465466806391
OUT_15509,906.2873019464639
OUT_15510,133.61827273560493
OUT_15511,1232.2400169465143
OUT_15512,947.0100726004714
OUT_15513,1193.4380224781055
OUT_15514,1221.3370300223378
OUT_15515,113.91695781671017
OUT_15516,356.1617713639887
OUT_15517,937.683469187244
OUT_15518,285.1911405652678
OUT_15519,320.1009823076361
OUT_15520,150.0893663247807
OUT_15521,1064.9345223925873
OUT_15522,874.3138749027962
OUT_15523,245.22605433125656
OUT_15524,340.5325439636927
OUT_15525,105.45826548312304
OUT_15526,329.06265887685254
OUT_15527,375.9077779360737
OUT_15528,892.9661671547107
OUT_15529,108.0132141549485
OUT_15530,111.03424249599257
OUT_15531,111.25293850009896
OUT_15532,937.9076277008404
OUT_15533,123.24130656481807
OUT_15534,1077.4719011318102
OUT_15535,294.1884184856258
OUT_15536,111.27379326941009
OUT_15537,377.8480442771946
OUT_15538,998.210554232021
OUT_15539,106.00935912901221
OUT_15540,99.52752151432556
OUT_15541,126.49077493117954
OUT_15542,112.46715588601865
OUT_15543,907.5782621652546
OUT_15544,141.6169556242071
OUT_15545,341.7984951604352
OUT_15546,133.86122567229245
OUT_15547,322.3391555454501
OUT_15548,989.8859041264903
OUT_15549,204.7014761650909
OUT_15550,73.77624846506417
OUT_15551,375.7673567042248
OUT_15552,1086.8831183283785
OUT_15553,116.28058500749358
OUT_15554,99.0876564573353
OUT_15555,101.68698348535764
OUT_15556,99.4656583724366
OUT_15557,111.94658205079307
OUT_15558,122.19810957706062
OUT_15559,92.47669850374311
OUT_15560,342.8072662245716
OUT_15561,98.86834259597684
OUT_15562,1073.2151799483743
OUT_15563,132.45844295288063
OUT_15564,89.4284920808606
OUT_15565,880.9124845033264
OUT_15566,126.42437842057714
OUT_15567,112.80433981219588
OUT_15568,137.25753086024955
OUT_15569,127.25586835594378
OUT_15570,98.16729184650704
OUT_15571,155.08666998670597
OUT_15572,130.44145730017863
OUT_15573,113.63957575087646
OUT_15574,261.1268335625896
OUT_15575,128.3413311843345
OUT_15576,157.82933134090024
OUT_15577,173.633283624017
OUT_15578,930.7556946974612
OUT_15579,317.1210744675004
OUT_15580,307.3553584764025
OUT_15581,272.18102642875056
OUT_15582,277.4407690136131
OUT_15583,1208.4825408431357
OUT_15584,862.8885718245556
OUT_15585,164.21731152226315
OUT_15586,287.2268708424153
OUT_15587,229.4894468088401
OUT_15588,137.35282863960663
OUT_15589,111.77644101429144
OUT_15590,157.877291429834
OUT_15591,122.41028746382432
OUT_15592,1183.7138461174625
OUT_15593,872.0859404090202
OUT_15594,102.28434540737943
OUT_15595,379.1813589773734
OUT_15596,986.99791841175
OUT_15597,106.72268862509326
OUT_15598,1172.988544829716
OUT_15599,127.42765323726455
OUT_15600,249.62717434769695
OUT_15601,937.8604275686852
OUT_15602,158.30624244041232
OUT_15603,352.81952228255875
OUT_15604,349.008182291206
OUT_15605,81.8553964835472
OUT_15606,367.1762233045157
OUT_15607,997.466329306956
OUT_15608,370.18862226157535
OUT_15609,306.81793680638805
OUT_15610,118.24891309571416
OUT_15611,193.56056441918633
OUT_15612,99.9492824825607
OUT_15613,1604.5157079320456
OUT_15614,118.52586006065162
OUT_15615,341.6261336159389
OUT_15616,102.47828034088168
OUT_15617,193.56056441918633
OUT_15618,109.53744599525166
OUT_15619,316.19393087075355
OUT_15620,124.97907902982304
OUT_15621,324.6416046938097
OUT_15622,119.95000796760613
OUT_15623,289.59209870842653
OUT_15624,888.6442922841879
OUT_15625,382.6446286026069
OUT_15626,962.4322612110564
OUT_15627,1195.8624809421965
OUT_15628,1146.0410991542617
OUT_15629,980.424432117531
OUT_15630,125.6184674428418
OUT_15631,115.28853048440374
OUT_15632,158.38159170451462
OUT_15633,146.32851306171
OUT_15634,368.22105828267615
OUT_15635,133.32658054073426
OUT_15636,102.99742914468617
OUT_15637,1398.3795172087298
OUT_15638,300.58055893576574
OUT_15639,102.4249637345989
OUT_15640,165.7500753818552
OUT_15641,106.93961159754397
OUT_15642,112.41541451559883
OUT_15643,111.4861447917338
OUT_15644,121.98129537965362
OUT_15645,114.63131775075415
OUT_15646,340.501824556181
OUT_15647,89.81381949505801
OUT_15648,304.36964415535266
OUT_15649,317.0613634160307
OUT_15650,1144.0563709930536
OUT_15651,289.6001094303488
OUT_15652,193.56056441918633
OUT_15653,139.46030758634532
OUT_15654,136.5774628683945
OUT_15655,91.93553912860715
OUT_15656,123.908369549689
OUT_15657,108.9852593517758
OUT_15658,136.01111052086102
OUT_15659,320.565147926232
OUT_15660,133.78113180320025
OUT_15661,110.54318667655413
OUT_15662,330.33738002530856
OUT_15663,121.6591370463434
OUT_15664,962.4207189915776
OUT_15665,1098.3059666989216
OUT_15666,300.0814448929926
OUT_15667,873.2486606977654
OUT_15668,283.7484568797957
OUT_15669,922.0419273240636
OUT_15670,277.762819298807
OUT_15671,118.23891355485068
OUT_15672,324.4830388447309
OUT_15673,988.503926514288
OUT_15674,888.6456559223809
OUT_15675,292.9125213797244
OUT_15676,105.92564481666886
OUT_15677,287.5764142496124
OUT_15678,400.0966767360236
OUT_15679,103.21920348330552
OUT_15680,940.7041217489008
OUT_15681,100.38807766645685
OUT_15682,144.443710655356
OUT_15683,117.8005603050114
OUT_15684,128.49843050389748
OUT_15685,245.86453800836887
OUT_15686,150.91174513339263
OUT_15687,117.75517187146232
OUT_15688,1173.8344976191834
OUT_15689,141.83443627972278
OUT_15690,339.7449013442888
OUT_15691,265.2973957620323
OUT_15692,119.72186929386703
OUT_15693,962.2483192488368
OUT_15694,302.82185521992835
OUT_15695,115.97647311830445
OUT_15696,338.1828994076503
OUT_15697,1187.2355315438313
OUT_15698,149.47981852631995
OUT_15699,115.12581239809865
OUT_15700,318.3706491355695
OUT_15701,264.47952204767216
OUT_15702,934.7930422632598
OUT_15703,106.76347516589507
OUT_15704,122.27783481962372
OUT_15705,193.56056441918633
OUT_15706,309.38850508186874
OUT_15707,866.6482021243145
OUT_15708,904.8764674870256
OUT_15709,194.81763717450656
OUT_15710,147.57918804514878
OUT_15711,127.63690220785443
OUT_15712,325.68418705873273
OUT_15713,177.25152098267907
OUT_15714,99.33230187939346
OUT_15715,119.45717105276245
OUT_15716,307.5497811016929
OUT_15717,1082.2361771278229
OUT_15718,147.26715063500185
OUT_15719,1015.123963599278
OUT_15720,103.4753230255233
OUT_15721,115.11948555563107
OUT_15722,336.27669311065586
OUT_15723,114.09113120166312
OUT_15724,937.6224802858136
OUT_15725,125.83651642368615
OUT_15726,177.0082589042314
OUT_15727,375.2055512724791
OUT_15728,1096.3520515837845
OUT_15729,921.9199431913366
OUT_15730,279.7841910157057
OUT_15731,972.8033172413268
OUT_15732,144.7190478022241
OUT_15733,842.3707449979942
OUT_15734,193.56056441918633
OUT_15735,128.1660787857487
OUT_15736,249.44797996769913
OUT_15737,303.6239491854585
OUT_15738,333.5946521971364
OUT_15739,933.7139828336976
OUT_15740,271.602674830424
OUT_15741,173.72975886706718
OUT_15742,136.44139904819514
OUT_15743,177.0243066717073
OUT_15744,105.31749845688489
OUT_15745,1014.2079922800446
OUT_15746,1006.9469267251684
OUT_15747,118.15541685801304
OUT_15748,908.080555542193
OUT_15749,89.40270226693492
OUT_15750,983.4099153401532
OUT_15751,895.1588014808274
OUT_15752,128.1307695686653
OUT_15753,129.32341057852403
OUT_15754,367.9233841997186
OUT_15755,909.1060105853368
OUT_15756,877.5564498919281
OUT_15757,344.1815198306944
OUT_15758,291.23756085672846
OUT_15759,163.1028194136407
OUT_15760,387.5763011882028
OUT_15761,103.90793453549783
OUT_15762,350.61771844410123
OUT_15763,284.1526190934701
OUT_15764,336.20910213278466
OUT_15765,105.4121680512412
OUT_15766,130.44694019301016
OUT_15767,96.58840296675314
OUT_15768,144.7063209608049
OUT_15769,234.1972055654462
OUT_15770,120.88450083112122
OUT_15771,130.51865365726528
OUT_15772,276.65854364850213
OUT_15773,405.393032981611
OUT_15774,365.5900481504125
OUT_15775,165.1012857185559
OUT_15776,167.5953408380988
OUT_15777,317.114046619772
OUT_15778,320.8365883455262
OUT_15779,298.6970082838114
OUT_15780,1111.464046032925
OUT_15781,320.5376762958383
OUT_15782,1197.3003316131303
OUT_15783,365.05799312041887
OUT_15784,109.6267299003735
OUT_15785,66.66136219990437
OUT_15786,111.23480795949364
OUT_15787,1039.6846166825608
OUT_15788,322.27854013634527
OUT_15789,134.2212404451927
OUT_15790,1201.5076927499772
OUT_15791,129.6775269932656
OUT_15792,296.89959213229315
OUT_15793,1188.6225400462815
OUT_15794,315.97718963334347
OUT_15795,364.81698110204684
OUT_15796,120.85119763425438
OUT_15797,961.473035863424
OUT_15798,326.2986276783504
OUT_15799,916.5275449455364
OUT_15800,941.1167135129538
OUT_15801,944.4334508459818
OUT_15802,1142.2183988645772
OUT_15803,89.84193017404513
OUT_15804,142.84898265990742
OUT_15805,193.56056441918633
OUT_15806,109.7413339204114
OUT_15807,128.25312922768254
OUT_15808,350.45905553310376
OUT_15809,409.98238295552017
OUT_15810,151.02902883579983
OUT_15811,94.26839267466552
OUT_15812,247.35053780902808
OUT_15813,178.2090701521709
OUT_15814,1003.6802783972388
OUT_15815,94.68117424931812
OUT_15816,114.05427443476351
OUT_15817,128.49261531280902
OUT_15818,138.1738051462525
OUT_15819,193.56056441918633
OUT_15820,148.39243834050586
OUT_15821,114.47646658045724
OUT_15822,98.08475079915613
OUT_15823,133.72436396173487
OUT_15824,102.78291800294508
OUT_15825,897.3156542602667
OUT_15826,339.89940721995947
OUT_15827,140.93072092466755
OUT_15828,855.4548867274467
OUT_15829,274.85873788450806
OUT_15830,304.5400465549225
OUT_15831,124.01198069156597
OUT_15832,360.90019206058594
OUT_15833,109.21145567907053
OUT_15834,889.1305077727409
OUT_15835,116.08521608989042
OUT_15836,103.69251466679495
OUT_15837,1129.333458290254
OUT_15838,900.706676718773
OUT_15839,835.2652763631306
OUT_15840,960.1992535875548
OUT_15841,365.8646858643431
OUT_15842,97.42061908517931
OUT_15843,292.1708755240952
OUT_15844,128.4222011186852
OUT_15845,823.6652127910885
OUT_15846,254.62794909483713
OUT_15847,1089.3934956265196
OUT_15848,848.4116347007315
OUT_15849,987.6724169274896
OUT_15850,111.24925393156416
OUT_15851,131.40750518944265
OUT_15852,973.4162993396384
OUT_15853,1219.517488923695
OUT_15854,242.90019572957385
OUT_15855,127.94918817442561
OUT_15856,140.3637299544304
OUT_15857,161.60029678713525
OUT_15858,136.5745806698653
OUT_15859,221.34575645918082
OUT_15860,193.56056441918633
OUT_15861,1169.2251856763464
OUT_15862,921.5507101410494
OUT_15863,101.73937623936229
OUT_15864,177.61980558687569
OUT_15865,313.067429609933
OUT_15866,348.75824734409963
OUT_15867,293.37580184234514
OUT_15868,129.59731639882716
OUT_15869,332.9294760016934
OUT_15870,123.25869560371493
OUT_15871,1220.9557947766623
OUT_15872,262.1228350235576
OUT_15873,124.9419118038766
OUT_15874,1443.5467497646034
OUT_15875,130.66919898570677
OUT_15876,105.17943661463086
OUT_15877,1321.335171296562
OUT_15878,325.681486847028
OUT_15879,98.49613695789583
OUT_15880,353.8334802885986
OUT_15881,115.63836211367412
OUT_15882,827.2516916668568
OUT_15883,146.86593196538948
OUT_15884,128.71393767198944
OUT_15885,171.50221178865314
OUT_15886,959.8022833352788
OUT_15887,125.51645478006438
OUT_15888,113.95533878088318
OUT_15889,100.39355382706846
OUT_15890,1179.0662555308434
OUT_15891,119.96457006349917
OUT_15892,89.76283038141192
OUT_15893,112.88828316322011
OUT_15894,159.0081706902307
OUT_15895,901.7662250501292
OUT_15896,144.07331640726704
OUT_15897,121.99695475041167
OUT_15898,124.51902869514379
OUT_15899,983.063798628433
OUT_15900,335.3060482267309
OUT_15901,348.5830309286763
OUT_15902,124.34698077119002
OUT_15903,154.5115193756971
OUT_15904,116.4459918036778
OUT_15905,278.1369048179865
OUT_15906,1214.224242635984
OUT_15907,122.55652233737807
OUT_15908,339.3869219238035
OUT_15909,241.44301815343667
OUT_15910,99.20700198410756
OUT_15911,386.73762376131697
OUT_15912,918.438232949772
OUT_15913,136.56892048926127
OUT_15914,128.1814029386347
OUT_15915,113.41536542552848
OUT_15916,142.04174415291442
OUT_15917,139.59947716323157
OUT_15918,107.58853687679418
OUT_15919,969.2936300186147
OUT_15920,285.65642421449047
OUT_15921,955.9746433883756
OUT_15922,892.1500213811105
OUT_15923,109.32121144231499
OUT_15924,239.1409373463073
OUT_15925,121.58782827021838
OUT_15926,903.6508686134348
OUT_15927,114.9101264421025
OUT_15928,156.26027417022024
OUT_15929,371.88198153892694
OUT_15930,869.8316989961119
OUT_15931,872.1525694625699
OUT_15932,101.37184771504552
OUT_15933,104.7094456216708
OUT_15934,1020.203325443939
OUT_15935,288.5667900644114
OUT_15936,85.57262473702993
OUT_15937,120.46189955256305
OUT_15938,161.1548687757169
OUT_15939,133.0019602308374
OUT_15940,123.64494964705315
OUT_15941,165.8057550008709
OUT_15942,910.70303767107
OUT_15943,135.8893730918588
OUT_15944,139.39462792248946
OUT_15945,331.93944137318584
OUT_15946,142.74326698293228
OUT_15947,109.93782927228169
OUT_15948,149.16113356374933
OUT_15949,153.64731702448876
OUT_15950,113.01992634707588
OUT_15951,1071.6564420309621
OUT_15952,884.9347045975333
OUT_15953,314.05420033931057
OUT_15954,265.7716801513346
OUT_15955,1017.386935841368
OUT_15956,95.45667315946982
OUT_15957,109.79615496021033
OUT_15958,863.3648656416052
OUT_15959,357.81270396710204
OUT_15960,113.80022601513367
OUT_15961,262.99277201328147
OUT_15962,275.1056800595381
OUT_15963,116.48665802236535
OUT_15964,112.4478117420297
OUT_15965,106.39354886218388
OUT_15966,350.81160269099536
OUT_15967,104.51118858709356
OUT_15968,1076.4629273279986
OUT_15969,165.67791113094503
OUT_15970,104.9639985858257
OUT_15971,1384.0275070514242
OUT_15972,300.6334828338344
OUT_15973,326.1200310268977
OUT_15974,337.5915504900759
OUT_15975,250.25594712324977
OUT_15976,126.70893582056725
OUT_15977,104.94203111768506
OUT_15978,352.35330129771205
OUT_15979,979.1443024009948
OUT_15980,118.5034826028182
OUT_15981,103.84619384061642
OUT_15982,80.22949719885978
OUT_15983,143.51900241603974
OUT_15984,155.88622795077973
OUT_15985,963.2018188159792
OUT_15986,330.41008401227606
OUT_15987,151.96759279469563
OUT_15988,109.3394092099184
OUT_15989,847.4977602766379
OUT_15990,307.9850827499091
OUT_15991,124.60069043836359
OUT_15992,97.79129999158641
OUT_15993,329.3926530309226
OUT_15994,324.1284281757505
OUT_15995,132.02600232548943
OUT_15996,971.6253086377072
OUT_15997,136.0456673284506
OUT_15998,284.49838374584346
OUT_15999,125.5149020456946
OUT_16000,886.5497075882831
OUT_16001,323.88046701077644
OUT_16002,170.53604062126848
OUT_16003,329.0496821071371
OUT_16004,897.7761081171104
OUT_16005,146.19577290935982
OUT_16006,341.8391792627111
OUT_16007,108.48818057214643
OUT_16008,415.5611148352819
OUT_16009,125.73549856926645
OUT_16010,156.01229013943626
OUT_16011,125.49661970270279
OUT_16012,78.98608257811732
OUT_16013,159.43240144192103
OUT_16014,103.75831258535808
OUT_16015,102.29793461389548
OUT_16016,910.0187898635336
OUT_16017,136.55569844386466
OUT_16018,148.83442826029193
OUT_16019,259.899159046594
OUT_16020,347.54602362947753
OUT_16021,114.55705614371314
OUT_16022,120.6791421893104
OUT_16023,367.009052979773
OUT_16024,127.07730172298402
OUT_16025,289.60564669596863
OUT_16026,239.44656188622332
OUT_16027,115.71418605776165
OUT_16028,108.30532306819678
OUT_16029,287.3612701009007
OUT_16030,95.58881229773345
OUT_16031,301.9424968378163
OUT_16032,143.8905942351575
OUT_16033,135.21937879072678
OUT_16034,989.8591136774731
OUT_16035,327.3625265370522
OUT_16036,300.0436067587706
OUT_16037,164.88035622068296
OUT_16038,142.25354441294948
OUT_16039,130.59559121246272
OUT_16040,120.97399335933859
OUT_16041,1220.7965800878792
OUT_16042,335.5749213228546
OUT_16043,973.700173129136
OUT_16044,132.64251608652106
OUT_16045,367.0322881734061
OUT_16046,354.5269748673425
OUT_16047,123.04165754246864
OUT_16048,322.9979987421227
OUT_16049,915.3569228635674
OUT_16050,85.57534211797227
OUT_16051,97.25236657573852
OUT_16052,193.56056441918633
OUT_16053,103.31311525209826
OUT_16054,266.6842325282268
OUT_16055,908.679205857342
OUT_16056,126.21732676873415
OUT_16057,126.15946354508505
OUT_16058,356.23809235445384
OUT_16059,119.96931455957409
OUT_16060,138.6240835250836
OUT_16061,95.31999756844468
OUT_16062,286.6206144750714
OUT_16063,322.09581381281885
OUT_16064,926.3876688931192
OUT_16065,168.71290216716838
OUT_16066,93.10211700450654
OUT_16067,135.02120179820994
OUT_16068,104.1183348675296
OUT_16069,311.1716353885633
OUT_16070,95.82286365174332
OUT_16071,1115.7839616395277
OUT_16072,103.7209980904684
OUT_16073,180.3903210014389
OUT_16074,157.51964484292276
OUT_16075,1094.9106617275063
OUT_16076,116.2326978337305
OUT_16077,315.5229359254805
OUT_16078,389.4802258311123
OUT_16079,330.8573983747189
OUT_16080,147.31252445040377
OUT_16081,140.1351661836248
OUT_16082,368.53812078597684
OUT_16083,930.4897402005588
OUT_16084,247.0953382428774
OUT_16085,1148.1551212677373
OUT_16086,901.1788483518724
OUT_16087,327.8892451508493
OUT_16088,981.4133247394104
OUT_16089,113.16346220930456
OUT_16090,151.2229502767186
OUT_16091,96.37642312086209
OUT_16092,141.8407723284493
OUT_16093,297.2925136331636
OUT_16094,1097.4299325275108
OUT_16095,152.62825285407587
OUT_16096,129.71013378153503
OUT_16097,897.8809308048382
OUT_16098,89.47332347291422
OUT_16099,303.7957877549505
OUT_16100,98.51623230294527
OUT_16101,89.94088390955837
OUT_16102,291.25594240374625
OUT_16103,242.04985979718438
OUT_16104,345.96386645130104
OUT_16105,323.8624625224517
OUT_16106,368.40788759436543
OUT_16107,308.56888604341714
OUT_16108,1191.130037984501
OUT_16109,193.56056441918633
OUT_16110,156.2074191519787
OUT_16111,134.16307326544603
OUT_16112,328.97719236607054
OUT_16113,986.6720199690058
OUT_16114,851.4765293651324
OUT_16115,99.9527281949446
OUT_16116,962.6880539973512
OUT_16117,84.53788078570726
OUT_16118,110.19366136854455
OUT_16119,136.22143737407364
OUT_16120,111.2602158654634
OUT_16121,127.22476722099142
OUT_16122,90.72315636386438
OUT_16123,948.9791922173422
OUT_16124,268.70112214396664
OUT_16125,191.6341705521049
OUT_16126,312.00374524709633
OUT_16127,109.47133744057207
OUT_16128,358.7401528118207
OUT_16129,180.46859308249495
OUT_16130,258.00012320309634
OUT_16131,111.26494318474097
OUT_16132,147.99246038772867
OUT_16133,106.27011162854949
OUT_16134,121.02485269012399
OUT_16135,882.2860236926213
OUT_16136,862.9473732274009
OUT_16137,126.64983017472996
OUT_16138,102.36778356400328
OUT_16139,165.10018179055479
OUT_16140,347.2262356365027
OUT_16141,130.72874058169853
OUT_16142,939.0797542013312
OUT_16143,936.5988573009848
OUT_16144,932.955621574827
OUT_16145,166.23045259206978
OUT_16146,964.510173810486
OUT_16147,249.54477490618734
OUT_16148,99.94231904030327
OUT_16149,99.89989868847688
OUT_16150,977.8194260243686
OUT_16151,114.82905952058859
OUT_16152,119.83724626107956
OUT_16153,989.0992195227795
OUT_16154,349.75501887613115
OUT_16155,179.95787480569763
OUT_16156,287.80895540717995
OUT_16157,118.32958794274276
OUT_16158,291.45495111546035
OUT_16159,170.19667891263384
OUT_16160,106.3834526840282
OUT_16161,315.89523659221777
OUT_16162,332.0298500807252
OUT_16163,135.08214916579425
OUT_16164,1189.0916391360424
OUT_16165,98.01105897034927
OUT_16166,128.34522613009491
OUT_16167,136.8487570080592
OUT_16168,87.15911038910652
OUT_16169,1211.9684989973937
OUT_16170,990.1043677940734
OUT_16171,275.3135238271115
OUT_16172,842.2547567504993
OUT_16173,339.5624028184011
OUT_16174,76.64723866112918
OUT_16175,154.2468998096076
OUT_16176,928.0471469773812
OUT_16177,267.12770662068397
OUT_16178,105.04455257599264
OUT_16179,369.03756169556254
OUT_16180,1203.1965513563073
OUT_16181,243.74950155455676
OUT_16182,105.46572090086204
OUT_16183,1123.2642693405464
OUT_16184,938.7992554741086
OUT_16185,883.4681196843208
OUT_16186,188.30281781865494
OUT_16187,164.34509023080415
OUT_16188,149.48015449376697
OUT_16189,330.511623255312
OUT_16190,998.2498304277714
OUT_16191,147.61884639886557
OUT_16192,328.15386474718065
OUT_16193,364.37157136921786
OUT_16194,1006.462250360442
OUT_16195,1190.8121387734795
OUT_16196,260.832853496543
OUT_16197,118.95968193328682
OUT_16198,111.25339521660854
OUT_16199,1166.67249857554
OUT_16200,147.14488235426884
OUT_16201,845.4271508324001
OUT_16202,121.97545280540915
OUT_16203,101.65930798545762
OUT_16204,339.2160439475652
OUT_16205,110.55528963745286
OUT_16206,119.28567412316222
OUT_16207,293.9775174812316
OUT_16208,120.27290112851126
OUT_16209,856.0153351032427
OUT_16210,115.39596709362154
OUT_16211,110.43162572990555
OUT_16212,127.19029399450864
OUT_16213,139.96049198405524
OUT_16214,165.38044997497033
OUT_16215,849.1154330446577
OUT_16216,887.7859210565729
OUT_16217,315.72416589858443
OUT_16218,119.35181224325767
OUT_16219,931.0684037990994
OUT_16220,150.56696077983443
OUT_16221,92.50722717510452
OUT_16222,119.70783753723866
OUT_16223,1169.4559134945423
OUT_16224,180.38255518758137
OUT_16225,246.08719998395463
OUT_16226,167.35938926528178
OUT_16227,140.19888544469126
OUT_16228,1218.0383880348706
OUT_16229,1081.874118135086
OUT_16230,386.19607307444255
OUT_16231,103.19040427077474
OUT_16232,144.8779326654688
OUT_16233,113.82209056394048
OUT_16234,408.2019462603474
OUT_16235,310.9024475052202
OUT_16236,134.93063711571722
OUT_16237,323.2511762161856
OUT_16238,1193.071032534306
OUT_16239,161.78298427905509
OUT_16240,240.9563963175455
OUT_16241,164.72490582712928
OUT_16242,244.96182230247263
OUT_16243,887.9642625303654
OUT_16244,916.9156628982266
OUT_16245,915.806282242224
OUT_16246,150.75655816807486
OUT_16247,111.33490478618717
OUT_16248,368.5010442564489
OUT_16249,125.44884518562151
OUT_16250,167.42656732001663
OUT_16251,111.83111536864683
OUT_16252,936.7021340988284
OUT_16253,139.34307849614964
OUT_16254,866.7306965469496
OUT_16255,909.946582230636
OUT_16256,270.6490927357853
OUT_16257,114.99061658557844
OUT_16258,955.8785800742288
OUT_16259,126.8654374100164
OUT_16260,168.91413534022564
OUT_16261,276.2110169532567
OUT_16262,101.45408965575302
OUT_16263,140.48444869920476
OUT_16264,118.99506169793148
OUT_16265,128.1430255127345
OUT_16266,134.47025928615352
OUT_16267,108.27144944448014
OUT_16268,88.28716012120407
OUT_16269,361.1049871250835
OUT_16270,86.56622309263142
OUT_16271,913.2016479020958
OUT_16272,279.5852485508482
OUT_16273,894.463835925442
OUT_16274,157.7206413064915
OUT_16275,951.1556184703434
OUT_16276,130.45502466513494
OUT_16277,116.90025475909977
OUT_16278,312.4006378195332
OUT_16279,327.5265760042892
OUT_16280,108.08000649229346
OUT_16281,147.24193684538562
OUT_16282,139.37582817351722
OUT_16283,306.7523062067611
OUT_16284,948.065686764257
OUT_16285,102.18291759602877
OUT_16286,101.93810745803073
OUT_16287,304.8072500486023
OUT_16288,331.7897502682842
OUT_16289,125.4385319521009
OUT_16290,177.97678946916386
OUT_16291,124.42891787870377
OUT_16292,336.9057431414129
OUT_16293,363.7298905389599
OUT_16294,130.71315633413766
OUT_16295,130.78052626164433
OUT_16296,332.887651480361
OUT_16297,346.89182209648834
OUT_16298,146.09582426058458
OUT_16299,402.94547946385023
OUT_16300,887.8311192317326
OUT_16301,136.10200056689808
OUT_16302,883.9540695980171
OUT_16303,1092.8326397895598
OUT_16304,1227.3590989814709
OUT_16305,100.25359086713571
OUT_16306,144.3584535609248
OUT_16307,134.33542637753075
OUT_16308,128.85485231130275
OUT_16309,375.3052902975527
OUT_16310,364.79529467382
OUT_16311,943.464359839804
OUT_16312,180.24706337077575
OUT_16313,71.69327204077197
OUT_16314,1244.844918360814
OUT_16315,948.6921999290072
OUT_16316,132.51438962052842
OUT_16317,975.268688892816
OUT_16318,989.6917293555975
OUT_16319,107.83649459968983
OUT_16320,141.75696291343127
OUT_16321,328.203620399137
OUT_16322,958.1151476273544
OUT_16323,344.5649708160728
OUT_16324,139.9599343834946
OUT_16325,101.7265693095687
OUT_16326,888.5668543480672
OUT_16327,273.6969377464933
OUT_16328,995.7659761418222
OUT_16329,1233.8366192283331
OUT_16330,930.1925632888408
OUT_16331,1667.9950855262784
OUT_16332,90.1977010239262
OUT_16333,145.13134101084952
OUT_16334,968.1339260414604
OUT_16335,251.31940281336958
OUT_16336,1193.3146223539802
OUT_16337,138.33901275651888
OUT_16338,144.55509980820895
OUT_16339,109.42034559693406
OUT_16340,117.2033931645752
OUT_16341,341.5612455399753
OUT_16342,110.45445788628366
OUT_16343,937.31566314955
OUT_16344,169.5202852603332
OUT_16345,106.73660218445764
OUT_16346,85.5200017099573
OUT_16347,173.10608644109502
OUT_16348,391.2861932781335
OUT_16349,858.9374884321819
OUT_16350,110.88650292387325
OUT_16351,978.2233222667396
OUT_16352,133.785997526083
OUT_16353,156.06802867313905
OUT_16354,153.60655916835827
OUT_16355,102.09684256133536
OUT_16356,110.45467341914512
OUT_16357,118.29412525870248
OUT_16358,140.5695634987818
OUT_16359,340.8520530666217
OUT_16360,118.62176221348655
OUT_16361,108.79711817813985
OUT_16362,923.6262976762353
OUT_16363,134.9777307009579
OUT_16364,928.7751631079566
OUT_16365,122.68439299335724
OUT_16366,130.5948471140526
OUT_16367,276.1363382807136
OUT_16368,85.42992994022394
OUT_16369,99.97829343940386
OUT_16370,247.23240335089625
OUT_16371,94.25604911262306
OUT_16372,112.97925911936196
OUT_16373,115.29338602701448
OUT_16374,106.9071477152918
OUT_16375,346.1342933347725
OUT_16376,166.06261524525922
OUT_16377,129.12949074123807
OUT_16378,138.02987138672628
OUT_16379,117.85239276889426
OUT_16380,138.91284622802578
OUT_16381,124.25046289493841
OUT_16382,956.9437749543356
OUT_16383,999.4295341972312
OUT_16384,304.6939248425494
OUT_16385,113.65072373324351
OUT_16386,146.9790397930741
OUT_16387,365.973934978402
OUT_16388,1213.0805345791955
OUT_16389,1032.5926867547923
OUT_16390,361.3990912368256
OUT_16391,109.06127617699504
OUT_16392,146.58904856804676
OUT_16393,134.6240793613589
OUT_16394,896.3818563140086
OUT_16395,108.24342585280412
OUT_16396,186.43376991439368
OUT_16397,893.443825808987
OUT_16398,280.63558534285994
OUT_16399,98.74441664825858
OUT_16400,116.44795317298096
OUT_16401,131.6130587243067
OUT_16402,330.3016209580625
OUT_16403,986.4205838422454
OUT_16404,297.2114681414918
OUT_16405,94.88202568176516
OUT_16406,157.87101568406857
OUT_16407,288.44935540753306
OUT_16408,118.19343232801396
OUT_16409,339.9784571253419
OUT_16410,94.0521723389392
OUT_16411,335.9599243318795
OUT_16412,117.13678705446499
OUT_16413,880.3749380541067
OUT_16414,919.824827818277
OUT_16415,96.61514319871561
OUT_16416,117.84942500429928
OUT_16417,1187.065438170298
OUT_16418,121.73819088792179
OUT_16419,246.88767391783435
OUT_16420,140.7759740618306
OUT_16421,328.54029101834516
OUT_16422,112.3986170449545
OUT_16423,354.47586049199975
OUT_16424,897.281151740965
OUT_16425,252.64226071528884
OUT_16426,947.4114852145732
OUT_16427,153.45266584823256
OUT_16428,163.26151312361287
OUT_16429,359.4363825246621
OUT_16430,88.82204553011641
OUT_16431,141.31824942631332
OUT_16432,133.24128685812852
OUT_16433,263.74662450525676
OUT_16434,158.35854106227424
OUT_16435,991.3686471983896
OUT_16436,331.3960849625328
OUT_16437,1171.2879488466242
OUT_16438,121.7553022104921
OUT_16439,389.9901811540255
OUT_16440,160.49524961792346
OUT_16441,1084.305951059941
OUT_16442,95.48018939701024
OUT_16443,104.20301332861847
OUT_16444,281.8276863341931
OUT_16445,175.49342470507437
OUT_16446,91.3353274811778
OUT_16447,130.39713290373265
OUT_16448,276.20214664411526
OUT_16449,343.15724373807234
OUT_16450,88.60835694084227
OUT_16451,895.1252900518846
OUT_16452,279.9736905739675
OUT_16453,118.83679832687108
OUT_16454,270.2943163181505
OUT_16455,362.60828445055256
OUT_16456,107.50344634317976
OUT_16457,279.9324516386667
OUT_16458,113.21259764475732
OUT_16459,932.8765506718172
OUT_16460,1137.6014587471568
OUT_16461,291.7955218843934
OUT_16462,106.2775297134274
OUT_16463,279.1987780735277
OUT_16464,174.72232811235364
OUT_16465,261.5090229778482
OUT_16466,96.95328581240412
OUT_16467,802.10515923149
OUT_16468,304.82675358998785
OUT_16469,122.04514917081569
OUT_16470,894.4300586705069
OUT_16471,105.71029612652546
OUT_16472,136.8982620706595
OUT_16473,124.152435095393
OUT_16474,135.54804079294163
OUT_16475,147.57738402073198
OUT_16476,149.323294548949
OUT_16477,296.1767473729571
OUT_16478,324.3304117352922
OUT_16479,290.2917129824965
OUT_16480,342.13881779088223
OUT_16481,106.13999465145388
OUT_16482,104.61497222422653
OUT_16483,285.9618928328167
OUT_16484,296.24774766048665
OUT_16485,158.30057469750554
OUT_16486,110.96561634740615
OUT_16487,258.219613607602
OUT_16488,1052.7619565483956
OUT_16489,258.6818533858717
OUT_16490,151.14587147319202
OUT_16491,132.8471592771723
OUT_16492,1103.1441360052752
OUT_16493,84.9865871080534
OUT_16494,286.53741894960217
OUT_16495,161.83929756143004
OUT_16496,245.850133699326
OUT_16497,1128.2711375084598
OUT_16498,126.360939133815
OUT_16499,330.877710333434
OUT_16500,110.36310666704698
OUT_16501,245.5394227591221
OUT_16502,911.499960531164
OUT_16503,100.58697204184082
OUT_16504,193.56056441918633
OUT_16505,129.26560526559618
OUT_16506,110.66493100375598
OUT_16507,107.29961067595362
OUT_16508,99.81859044509216
OUT_16509,173.07640214094448
OUT_16510,193.56056441918633
OUT_16511,902.8840300105744
OUT_16512,109.4524526118979
OUT_16513,274.07700230220354
OUT_16514,324.113922108724
OUT_16515,334.74385017316695
OUT_16516,240.09410730386264
OUT_16517,284.55058421809883
OUT_16518,96.07338676544693
OUT_16519,123.8780417534804
OUT_16520,1154.8097272956693
OUT_16521,376.8921867408855
OUT_16522,128.8015328824968
OUT_16523,94.36037190033528
OUT_16524,256.3991124045705
OUT_16525,316.8960863955404
OUT_16526,103.63493684240484
OUT_16527,156.11699794726383
OUT_16528,131.0476404291952
OUT_16529,355.9977044477303
OUT_16530,848.6822199768353
OUT_16531,980.620433603022
OUT_16532,111.38342777988535
OUT_16533,317.88627123887545
OUT_16534,120.69622992607333
OUT_16535,94.1128608154994
OUT_16536,905.7495091157934
OUT_16537,386.32141799229987
OUT_16538,1342.685064288523
OUT_16539,324.2673568727546
OUT_16540,930.6768687915252
OUT_16541,171.67447557974708
OUT_16542,331.03533219337606
OUT_16543,322.0014439570656
OUT_16544,379.6435994587787
OUT_16545,154.80820781786076
OUT_16546,181.61219590755962
OUT_16547,125.13174711123058
OUT_16548,1099.0981590307542
OUT_16549,89.53955514096307
OUT_16550,118.5530846605362
OUT_16551,267.2001929142618
OUT_16552,132.7458575827991
OUT_16553,366.6023302472943
OUT_16554,111.84480488878471
OUT_16555,180.5742676173995
OUT_16556,124.03658227807605
OUT_16557,170.24320228941616
OUT_16558,361.85978631439775
OUT_16559,354.75174594136894
OUT_16560,105.08746707885497
OUT_16561,163.7428107215253
OUT_16562,136.0772538471444
OUT_16563,143.4457418943032
OUT_16564,108.11421146841782
OUT_16565,127.4235694255348
OUT_16566,159.26637121414285
OUT_16567,151.5613134355159
OUT_16568,138.32289633795983
OUT_16569,313.7066600604755
OUT_16570,1077.5222994168796
OUT_16571,105.9425378896197
OUT_16572,117.64071388275094
OUT_16573,1171.230491325557
OUT_16574,113.6561704338046
OUT_16575,152.9078464389796
OUT_16576,847.663955477746
OUT_16577,143.39109749139297
OUT_16578,315.8770388628615
OUT_16579,298.401607086153
OUT_16580,93.88885732862336
OUT_16581,123.13413648067564
OUT_16582,128.45255967379768
OUT_16583,902.5801197104868
OUT_16584,159.5608667308194
OUT_16585,101.0277561119048
OUT_16586,845.7884576583341
OUT_16587,137.9369711598808
OUT_16588,277.6755662284408
OUT_16589,105.80114115517894
OUT_16590,920.9451100537322
OUT_16591,95.0425794838098
OUT_16592,321.3978930712709
OUT_16593,895.3007979353417
OUT_16594,120.89756678594615
OUT_16595,117.66547218815023
OUT_16596,1181.5841318968764
OUT_16597,1183.209356562394
OUT_16598,928.4837739235096
OUT_16599,107.94706688272998
OUT_16600,84.56966134208575
OUT_16601,261.9744464116871
OUT_16602,901.0353028734564
OUT_16603,135.60640787856036
OUT_16604,109.96382198468731
OUT_16605,1161.1921897822374
OUT_16606,155.12711546223144
OUT_16607,320.6810344386755
OUT_16608,140.94036753168578
OUT_16609,316.3177457201048
OUT_16610,153.06505572634023
OUT_16611,92.48132976885177
OUT_16612,260.46577158603685
OUT_16613,165.29125354064755
OUT_16614,156.7420107969336
OUT_16615,154.05792327922376
OUT_16616,337.4145241773572
OUT_16617,277.3544465473842
OUT_16618,118.21920144390546
OUT_16619,270.55371521250777
OUT_16620,296.5081554906507
OUT_16621,117.54055926953876
OUT_16622,245.8594074807396
OUT_16623,968.1311828298572
OUT_16624,100.2223627983469
OUT_16625,160.25776356066518
OUT_16626,118.41998027427812
OUT_16627,104.17812836919738
OUT_16628,109.4419371971906
OUT_16629,118.9513500917359
OUT_16630,155.64184652728386
OUT_16631,313.072409634926
OUT_16632,294.8691319593747
OUT_16633,967.712268169348
OUT_16634,160.24688131982896
OUT_16635,121.27859186105731
OUT_16636,149.59959106339414
OUT_16637,153.76200408141744
OUT_16638,119.11483656164276
OUT_16639,1184.1349239578535
OUT_16640,343.86937226728685
OUT_16641,949.0637755003452
OUT_16642,317.3637107822908
OUT_16643,270.3591142678836
OUT_16644,241.77203555122824
OUT_16645,302.05599249189896
OUT_16646,327.8603211914509
OUT_16647,385.0594320318873
OUT_16648,185.12349261519265
OUT_16649,914.8765288335884
OUT_16650,145.55655256243386
OUT_16651,164.4675357245165
OUT_16652,389.705064307228
OUT_16653,100.80579624896237
OUT_16654,954.1466830857672
OUT_16655,154.43699759861784
OUT_16656,916.6763651793408
OUT_16657,894.1374838256606
OUT_16658,98.32057301310327
OUT_16659,953.4065102554586
OUT_16660,109.43931562726007
OUT_16661,175.1645681583521
OUT_16662,280.8820292354098
OUT_16663,81.16745151136496
OUT_16664,127.02377393196808
OUT_16665,401.6353620237818
OUT_16666,119.77278034643265
OUT_16667,107.58307171826733
OUT_16668,113.91876452702863
OUT_16669,131.0322114696175
OUT_16670,766.7321409138901
OUT_16671,121.92556498749852
OUT_16672,150.46803206651867
OUT_16673,232.28518705862743
OUT_16674,122.35075667811924
OUT_16675,881.2044857806457
OUT_16676,981.9507162948996
OUT_16677,104.10330249633968
OUT_16678,105.52173489291222
OUT_16679,91.18646877278887
OUT_16680,398.39451691539784
OUT_16681,103.41936998156747
OUT_16682,120.10627870315032
OUT_16683,125.99697421773536
OUT_16684,94.22257823690624
OUT_16685,351.2399674035542
OUT_16686,138.19514532887976
OUT_16687,960.4339441647436
OUT_16688,1219.8632509377037
OUT_16689,120.76246311253401
OUT_16690,782.3204107016675
OUT_16691,109.80849947616505
OUT_16692,309.681196203082
OUT_16693,120.57595012466982
OUT_16694,346.86466056284576
OUT_16695,121.43467803728522
OUT_16696,99.9789383783569
OUT_16697,91.07334217680418
OUT_16698,369.5699357021611
OUT_16699,124.39535376202971
OUT_16700,90.98817373845051
OUT_16701,80.2592364674975
OUT_16702,357.2372123101355
OUT_16703,905.2776348266342
OUT_16704,121.35249178910415
OUT_16705,322.9102149779686
OUT_16706,137.7153579097931
OUT_16707,945.9620071971646
OUT_16708,95.99640556170002
OUT_16709,110.7367363345744
OUT_16710,119.48234710311964
OUT_16711,919.4746298980868
OUT_16712,998.0909024201916
OUT_16713,128.53726962498564
OUT_16714,142.91810120595758
OUT_16715,145.89147805079884
OUT_16716,346.44911014235737
OUT_16717,368.26022156379884
OUT_16718,114.74006324766982
OUT_16719,338.61582881204623
OUT_16720,137.44680121941389
OUT_16721,407.25556140343895
OUT_16722,208.4580452176956
OUT_16723,151.1686670577531
OUT_16724,899.395037263129
OUT_16725,358.992392494846
OUT_16726,391.41745209561304
OUT_16727,118.77696932355563
OUT_16728,916.394072362308
OUT_16729,89.68797908145771
OUT_16730,118.31486591729902
OUT_16731,271.60323446704865
OUT_16732,325.41962552833274
OUT_16733,114.90919724268615
OUT_16734,163.07942115997366
OUT_16735,126.13205582541997
OUT_16736,134.62763363819923
OUT_16737,259.4982215952694
OUT_16738,938.8405302498636
OUT_16739,377.43011589139223
OUT_16740,346.41152895475875
OUT_16741,936.5978381530068
OUT_16742,1016.3485323821642
OUT_16743,137.04549930507474
OUT_16744,118.21216062469125
OUT_16745,306.3892523087277
OUT_16746,333.93566768356834
OUT_16747,225.09878318888943
OUT_16748,102.7184736217246
OUT_16749,862.7546108040294
OUT_16750,113.12719778226945
OUT_16751,133.33431299919613
OUT_16752,99.92459759943414
OUT_16753,915.6471543563588
OUT_16754,114.07132556875054
OUT_16755,127.97053011355021
OUT_16756,139.1608870426999
OUT_16757,325.3360436041688
OUT_16758,112.61661917786503
OUT_16759,105.7937774151058
OUT_16760,344.9072992699332
OUT_16761,175.01786892107617
OUT_16762,352.6912995594011
OUT_16763,133.8791242269129
OUT_16764,169.7059306831709
OUT_16765,114.66177411508396
OUT_16766,268.56413655688976
OUT_16767,61.86083038465904
OUT_16768,336.3179190793102
OUT_16769,965.6609805769056
OUT_16770,269.3892771937876
OUT_16771,145.98555124756422
OUT_16772,147.65543647638975
OUT_16773,58.08963885466622
OUT_16774,125.71752294797197
OUT_16775,940.2298787599192
OUT_16776,283.3513403913779
OUT_16777,227.65467225454813
OUT_16778,411.3018840677614
OUT_16779,126.99731761519745
OUT_16780,83.51329289649473
OUT_16781,102.51096830323374
OUT_16782,114.2068074254284
OUT_16783,321.35849584560424
OUT_16784,304.5126528829885
OUT_16785,950.1116937715542
OUT_16786,920.1853456037628
OUT_16787,855.4804339782643
OUT_16788,147.79027732218236
OUT_16789,120.68820025748728
OUT_16790,364.74160712626
OUT_16791,835.1302086692937
OUT_16792,116.14094741906034
OUT_16793,312.6783143598136
OUT_16794,289.662038257572
OUT_16795,103.49161736812766
OUT_16796,329.5963541186294
OUT_16797,127.77643004366652
OUT_16798,193.56056441918633
OUT_16799,112.18422322735864
OUT_16800,155.1439024053669
OUT_16801,147.40936786410813
OUT_16802,165.99077542282316
OUT_16803,111.40942601911733
OUT_16804,937.927516716726
OUT_16805,120.15222085090667
OUT_16806,1015.1651925995328
OUT_16807,329.7679833611031
OUT_16808,923.7955543782768
OUT_16809,1210.1337740644612
OUT_16810,253.57285745948127
OUT_16811,109.44271308166465
OUT_16812,975.0837427229644
OUT_16813,969.8255268126256
OUT_16814,144.91074488065527
OUT_16815,919.2582156375236
OUT_16816,138.06847480957452
OUT_16817,332.76085214223156
OUT_16818,313.9086503604919
OUT_16819,155.62966076818063
OUT_16820,969.626423553808
OUT_16821,388.7814605997518
OUT_16822,97.18196892225224
OUT_16823,150.7346775946277
OUT_16824,319.76698378807606
OUT_16825,158.3162904058745
OUT_16826,149.93326243998473
OUT_16827,1225.6291102715516
OUT_16828,288.75435576715887
OUT_16829,109.02652059112603
OUT_16830,952.3154076289416
OUT_16831,116.82178868856323
OUT_16832,938.7560458447188
OUT_16833,320.1194843822849
OUT_16834,287.461085265013
OUT_16835,143.881848935681
OUT_16836,139.5735317765943
OUT_16837,90.28653861762207
OUT_16838,967.514907443685
OUT_16839,314.1581184145639
OUT_16840,920.3105318705476
OUT_16841,910.5235857538322
OUT_16842,121.68617432658138
OUT_16843,122.91774713079128
OUT_16844,221.94255414737927
OUT_16845,193.56056441918633
OUT_16846,143.92228710693868
OUT_16847,102.45405198819782
OUT_16848,1254.5566993945067
OUT_16849,109.5244756189031
OUT_16850,130.6801399122359
OUT_16851,778.2371512764382
OUT_16852,231.28360399078872
OUT_16853,179.15527761383385
OUT_16854,105.11639418222025
OUT_16855,260.04519099478307
OUT_16856,377.99897001053506
OUT_16857,337.6651356946203
OUT_16858,977.675335520063
OUT_16859,152.69431322794105
OUT_16860,254.07574592457115
OUT_16861,316.07716567552376
OUT_16862,95.69111866768436
OUT_16863,1056.3848669498122
OUT_16864,1167.5038351701114
OUT_16865,161.21120779937505
OUT_16866,300.5889818306967
OUT_16867,131.73302379067152
OUT_16868,933.8195413705561
OUT_16869,111.0223553797156
OUT_16870,300.94682957210523
OUT_16871,149.35400056712135
OUT_16872,934.3545425611438
OUT_16873,273.9474266569216
OUT_16874,346.12590062546764
OUT_16875,255.0390941086585
OUT_16876,908.2316759075704
OUT_16877,145.08201988901035
OUT_16878,155.62810109793887
OUT_16879,147.73186169267103
OUT_16880,951.786453893571
OUT_16881,100.57545879079655
OUT_16882,244.48793284393193
OUT_16883,109.11750234469254
OUT_16884,967.1344746528672
OUT_16885,144.61696098288206
OUT_16886,107.45035595513147
OUT_16887,163.8076672070444
OUT_16888,280.1864030521788
OUT_16889,307.70825549378696
OUT_16890,114.12125086373246
OUT_16891,968.0044770080824
OUT_16892,108.9339488294663
OUT_16893,287.39880148250785
OUT_16894,367.24721219109927
OUT_16895,99.32698456108359
OUT_16896,108.20138093274318
OUT_16897,121.00059037122432
OUT_16898,126.4877919551799
OUT_16899,926.4480695991706
OUT_16900,881.2828240371074
OUT_16901,125.81291303671937
OUT_16902,259.5348336513126
OUT_16903,168.8620270427676
OUT_16904,88.72217906918561
OUT_16905,383.5049387270879
OUT_16906,123.38915969491985
OUT_16907,108.56112785910136
OUT_16908,949.6393758797738
OUT_16909,835.1975975889188
OUT_16910,123.17460318764937
OUT_16911,156.91743250658632
OUT_16912,114.40771978190742
OUT_16913,257.4032501725998
OUT_16914,172.60074274181738
OUT_16915,136.6854922778409
OUT_16916,115.83836298276843
OUT_16917,148.51347073017956
OUT_16918,107.21053204152382
OUT_16919,140.28928818725774
OUT_16920,290.7729212054885
OUT_16921,274.7385046497398
OUT_16922,105.88126056100012
OUT_16923,277.5438275622625
OUT_16924,902.1924250781626
OUT_16925,939.3364796493988
OUT_16926,104.48504349716575
OUT_16927,320.8734128861435
OUT_16928,282.0872070095568
OUT_16929,144.0469208199652
OUT_16930,319.5644593024344
OUT_16931,101.58860785507086
OUT_16932,368.6328676153795
OUT_16933,102.1258537173861
OUT_16934,358.9700081796383
OUT_16935,1198.9534831279095
OUT_16936,272.4770007932443
OUT_16937,838.1014048720134
OUT_16938,131.52962594742831
OUT_16939,117.44880621448604
OUT_16940,104.69326769456568
OUT_16941,152.62889254939148
OUT_16942,314.3985789533124
OUT_16943,117.14105871388458
OUT_16944,365.6196622993069
OUT_16945,169.3960929473074
OUT_16946,1222.3143769322892
OUT_16947,110.17069067058412
OUT_16948,140.1754918588813
OUT_16949,130.44992998513038
OUT_16950,188.34460552064633
OUT_16951,100.55333737126277
OUT_16952,150.99002685360853
OUT_16953,94.07406762376334
OUT_16954,104.46452417158147
OUT_16955,136.6245936640405
OUT_16956,144.14475642971175
OUT_16957,122.15009492490253
OUT_16958,929.037487492321
OUT_16959,1186.9564176826816
OUT_16960,141.36725041009822
OUT_16961,304.89729393402763
OUT_16962,142.1588019326519
OUT_16963,99.99904124970536
OUT_16964,111.23372314045902
OUT_16965,251.03425571376656
OUT_16966,119.48598109239511
OUT_16967,346.4829832459008
OUT_16968,317.2121998464993
OUT_16969,300.4263674892081
OUT_16970,346.0203039091957
OUT_16971,917.0753112883432
OUT_16972,129.34077847417598
OUT_16973,110.91097594154506
OUT_16974,294.9376322898562
OUT_16975,302.322041224106
OUT_16976,120.61135422048164
OUT_16977,927.563155428182
OUT_16978,124.83147490933976
OUT_16979,120.24849306831561
OUT_16980,128.28767223801373
OUT_16981,113.96995736968144
OUT_16982,124.98137516429198
OUT_16983,396.0067918250656
OUT_16984,142.7545206364136
OUT_16985,314.4524168950024
OUT_16986,1121.2036289610105
OUT_16987,326.49660349478506
OUT_16988,311.66672117172743
OUT_16989,338.98081830426554
OUT_16990,1114.6476432382103
OUT_16991,336.13935162244763
OUT_16992,136.8932207596401
OUT_16993,95.99447123387911
OUT_16994,293.0781373507436
OUT_16995,123.84682156491327
OUT_16996,299.85901140646644
OUT_16997,254.01559169226522
OUT_16998,146.0751051029007
OUT_16999,316.8890335290549
OUT_17000,105.54617088464498
OUT_17001,119.8649274678157
OUT_17002,325.5335595618571
OUT_17003,123.16255046186954
OUT_17004,347.89718166733235
OUT_17005,346.0409144962242
OUT_17006,328.34911539894983
OUT_17007,363.3500842343996
OUT_17008,943.0356873178988
OUT_17009,1176.2474924519383
OUT_17010,1261.377702373393
OUT_17011,139.41040782876266
OUT_17012,121.91612263896745
OUT_17013,127.61118070176872
OUT_17014,1223.9501880033156
OUT_17015,361.6233726592658
OUT_17016,163.45382633325588
OUT_17017,152.3395390204598
OUT_17018,118.69626691431841
OUT_17019,345.9175705572403
OUT_17020,140.5543270750026
OUT_17021,920.3117194846668
OUT_17022,140.73605817002712
OUT_17023,128.28888808401015
OUT_17024,102.83576783045213
OUT_17025,1055.482647825194
OUT_17026,119.71977466907923
OUT_17027,118.60990670135708
OUT_17028,957.6936680095988
OUT_17029,108.22215546632414
OUT_17030,167.34902907946565
OUT_17031,98.48535838168785
OUT_17032,135.9389737319275
OUT_17033,132.4205219172897
OUT_17034,305.142657840289
OUT_17035,140.5893399608244
OUT_17036,160.1122600430179
OUT_17037,332.839022160801
OUT_17038,108.67222784294013
OUT_17039,390.32159441511794
OUT_17040,108.77988891348832
OUT_17041,367.4442186627836
OUT_17042,106.5864379333901
OUT_17043,137.97745726348137
OUT_17044,877.8121123190625
OUT_17045,166.50524394100938
OUT_17046,193.56056441918633
OUT_17047,954.0070886597498
OUT_17048,124.0207094507759
OUT_17049,1167.7312106848885
OUT_17050,347.7666219632456
OUT_17051,118.550931775866
OUT_17052,147.73502606702422
OUT_17053,328.5079773891238
OUT_17054,294.6121971380725
OUT_17055,131.44247825361623
OUT_17056,366.2279486588467
OUT_17057,307.61064887863665
OUT_17058,934.7769533799396
OUT_17059,323.32809013950003
OUT_17060,150.41305137695278
OUT_17061,310.9528756581926
OUT_17062,156.30317067448823
OUT_17063,123.83225104123022
OUT_17064,343.66490371271516
OUT_17065,144.22550030198877
OUT_17066,997.2083363718136
OUT_17067,1245.0450661279465
OUT_17068,322.9290970166766
OUT_17069,235.45635884161797
OUT_17070,398.84664350432104
OUT_17071,1229.0032187127038
OUT_17072,186.42411549785214
OUT_17073,335.5183450970927
OUT_17074,337.6102008857979
OUT_17075,193.56056441918633
OUT_17076,104.65236468207168
OUT_17077,115.34265388364831
OUT_17078,963.8739194571904
OUT_17079,126.50382010786348
OUT_17080,277.1597786316161
OUT_17081,122.66187741739748
OUT_17082,1200.7053724120512
OUT_17083,136.64501661952488
OUT_17084,134.45058409584348
OUT_17085,974.156088282353
OUT_17086,125.5248474766997
OUT_17087,1264.2377840402985
OUT_17088,1019.2801075131922
OUT_17089,139.0866967757613
OUT_17090,98.76475490333787
OUT_17091,126.40015036934082
OUT_17092,960.9478063055188
OUT_17093,147.24478575840834
OUT_17094,150.46187769881328
OUT_17095,317.48957619266685
OUT_17096,106.09434120488973
OUT_17097,100.61339850904724
OUT_17098,312.87538472614614
OUT_17099,408.2342105736863
OUT_17100,331.41165770154527
OUT_17101,937.3847457668728
OUT_17102,331.0442219887707
OUT_17103,143.81955104566637
OUT_17104,346.7085768032002
OUT_17105,90.46656671219837
OUT_17106,109.4406581543792
OUT_17107,345.89723310506383
OUT_17108,161.22617753126258
OUT_17109,128.2535469046576
OUT_17110,1026.095493434162
OUT_17111,369.2572779859723
OUT_17112,122.24914925007286
OUT_17113,170.59974918109208
OUT_17114,153.963851328997
OUT_17115,175.95103684846407
OUT_17116,172.58752819594548
OUT_17117,115.37386653686502
OUT_17118,143.5013262568112
OUT_17119,348.7290160818589
OUT_17120,146.68154506045028
OUT_17121,945.914265499488
OUT_17122,290.9147829624893
OUT_17123,945.023550392623
OUT_17124,911.7849434044672
OUT_17125,349.7163166240693
OUT_17126,118.76961177653112
OUT_17127,133.64100755933248
OUT_17128,131.3685384898459
OUT_17129,913.5458611558548
OUT_17130,90.11767158222008
OUT_17131,1189.8246321581703
OUT_17132,124.90505746313907
OUT_17133,113.76452395261872
OUT_17134,176.68478887027268
OUT_17135,299.422434376445
OUT_17136,398.9850889119974
OUT_17137,328.4343464800167
OUT_17138,157.06881542232037
OUT_17139,129.4131457292558
OUT_17140,271.8248217024729
OUT_17141,341.41544283514617
OUT_17142,365.4948658451764
OUT_17143,328.61093570913874
OUT_17144,281.9006039195961
OUT_17145,96.89364128558312
OUT_17146,134.09117748982757
OUT_17147,142.09298940354756
OUT_17148,323.62225548548594
OUT_17149,338.7273884337077
OUT_17150,159.095334321362
OUT_17151,109.49929053386118
OUT_17152,370.8354989002811
OUT_17153,1189.9292342910583
OUT_17154,117.66054440179124
OUT_17155,157.45863114775275
OUT_17156,164.93951768138592
OUT_17157,342.75581987942206
OUT_17158,314.7162895319346
OUT_17159,317.6309187208253
OUT_17160,877.6953690349129
OUT_17161,354.6935455809544
OUT_17162,1078.9479621455248
OUT_17163,129.3971730358226
OUT_17164,132.27316908182212
OUT_17165,152.4386564110396
OUT_17166,146.02417307040824
OUT_17167,1348.7241281804504
OUT_17168,100.22154887281098
OUT_17169,171.17209935442693
OUT_17170,141.90502952941273
OUT_17171,148.97259191608703
OUT_17172,958.5241029402446
OUT_17173,304.52560743357384
OUT_17174,98.24425049027138
OUT_17175,1201.898857677861
OUT_17176,101.09446296227046
OUT_17177,308.75855120930714
OUT_17178,983.0849500888204
OUT_17179,293.13321427143194
OUT_17180,163.6541114187839
OUT_17181,121.03543644152607
OUT_17182,115.32765952579544
OUT_17183,905.00808061352
OUT_17184,151.74615991640673
OUT_17185,125.99566460931548
OUT_17186,411.0637113481226
OUT_17187,1178.7784404254426
OUT_17188,167.2148142724652
OUT_17189,346.277220153546
OUT_17190,144.45070426513897
OUT_17191,163.71790848969619
OUT_17192,905.3068156455612
OUT_17193,262.1868356050511
OUT_17194,343.53544843760346
OUT_17195,137.41284152866797
OUT_17196,126.20233403076004
OUT_17197,128.8317177582548
OUT_17198,412.0639265665494
OUT_17199,150.75622470738375
OUT_17200,395.1631133082355
OUT_17201,400.27852455978746
OUT_17202,320.2938101543388
OUT_17203,135.45192142812306
OUT_17204,309.22121506573313
OUT_17205,88.33216636139687
OUT_17206,349.19015956618244
OUT_17207,981.9435017593636
OUT_17208,949.3165915086194
OUT_17209,143.25489603323987
OUT_17210,157.6380855719675
OUT_17211,162.88659982080296
OUT_17212,149.64585725081173
OUT_17213,146.81059018331996
OUT_17214,413.3922788748805
OUT_17215,396.99823821593804
OUT_17216,1360.2664084147073
OUT_17217,193.56056441918633
OUT_17218,125.2362085687936
OUT_17219,193.56056441918633
OUT_17220,144.2284885827212
OUT_17221,113.76246758535729
OUT_17222,365.197987263105
OUT_17223,144.84780854970904
OUT_17224,280.8916610580209
OUT_17225,344.3300479295613
OUT_17226,141.62305071028322
OUT_17227,83.22431160084793
OUT_17228,165.6720390646066
OUT_17229,134.2692063880911
OUT_17230,83.76158972169155
OUT_17231,1022.1685957385928
OUT_17232,891.9376699290694
OUT_17233,329.1813530376064
OUT_17234,470.2354736456434
OUT_17235,149.79091239900563
OUT_17236,133.95406072900494
OUT_17237,136.6167826440889
OUT_17238,115.51551278538176
OUT_17239,365.6268670266544
OUT_17240,327.6181817736893
OUT_17241,494.32864553454624
OUT_17242,323.0969170793603
OUT_17243,85.9469530298969
OUT_17244,197.75996937471416
OUT_17245,382.46109094228586
OUT_17246,353.87871952391794
OUT_17247,313.8796698821498
OUT_17248,335.5028861856322
OUT_17249,114.63300140977205
OUT_17250,385.97295629357507
OUT_17251,156.9668930100045
OUT_17252,176.27561996468796
OUT_17253,302.2174660108112
OUT_17254,130.54262432580293
OUT_17255,186.6771316600675
OUT_17256,124.56875724468722
OUT_17257,346.2130082166057
OUT_17258,138.52960959317105
OUT_17259,352.9736024182488
OUT_17260,352.6239084767372
OUT_17261,87.4489701303536
OUT_17262,143.53456290736077
OUT_17263,1091.7386448028824
OUT_17264,156.2472915585033
OUT_17265,157.3176073782287
OUT_17266,118.77500039734672
OUT_17267,259.9215802391437
OUT_17268,136.0798519001341
OUT_17269,347.46845432407537
OUT_17270,984.9264799552236
OUT_17271,106.67495733076768
OUT_17272,354.48115775391454
OUT_17273,354.2882963959305
OUT_17274,176.92651093682173
OUT_17275,395.9546994447515
OUT_17276,305.5920211366407
OUT_17277,306.1042954036062
OUT_17278,110.73942929717722
OUT_17279,112.57972864421777
OUT_17280,1201.3663623342081
OUT_17281,148.41790754858212
OUT_17282,329.45686829505104
OUT_17283,164.9040709668586
OUT_17284,167.36517522247433
OUT_17285,349.7813955807454
OUT_17286,155.69467759001517
OUT_17287,128.58366000558223
OUT_17288,100.27576728364926
OUT_17289,315.3919595074822
OUT_17290,106.92817008853139
OUT_17291,161.43636662822337
OUT_17292,157.77310916496805
OUT_17293,369.8425069772555
OUT_17294,164.8274048303085
OUT_17295,138.25275488049368
OUT_17296,152.48264506832956
OUT_17297,115.32248818418049
OUT_17298,137.1702791879824
OUT_17299,106.58744160766823
OUT_17300,140.2539596733311
OUT_17301,989.9606887200656
OUT_17302,344.32340147020994
OUT_17303,345.0002302009696
OUT_17304,957.035218714036
OUT_17305,351.40468563181696
OUT_17306,106.76434824759696
OUT_17307,370.5260661644893
OUT_17308,285.7099094815665
OUT_17309,153.34394756703588
OUT_17310,142.45223573814908
OUT_17311,112.4646818147411
OUT_17312,990.8092766381952
OUT_17313,120.8529788139649
OUT_17314,919.8365385778582
OUT_17315,870.721829842869
OUT_17316,103.35964601412655
OUT_17317,336.3719422903415
OUT_17318,976.0945934519566
OUT_17319,138.76534061468254
OUT_17320,373.1417875581026
OUT_17321,968.0180116779296
OUT_17322,354.44261072008374
OUT_17323,307.55170447604564
OUT_17324,1002.161145454392
OUT_17325,459.0092631385255
OUT_17326,1133.553469388799
OUT_17327,121.7261155406774
OUT_17328,396.9334806428566
OUT_17329,975.9894894354704
OUT_17330,145.17291072443993
OUT_17331,104.64444858338587
OUT_17332,121.72410546193768
OUT_17333,184.82099366817823
OUT_17334,905.8527450364196
OUT_17335,138.54803598772136
OUT_17336,131.57901079231027
OUT_17337,125.39861188681151
OUT_17338,289.82578526383367
OUT_17339,325.0221090094642
OUT_17340,153.75281870525907
OUT_17341,96.8832954308829
OUT_17342,338.75152155216364
OUT_17343,434.9983366979156
OUT_17344,106.17769109254588
OUT_17345,962.1244236340324
OUT_17346,139.60036247682262
OUT_17347,147.24709220940676
OUT_17348,881.5766704264968
OUT_17349,112.10974203568618
OUT_17350,919.5968323141334
OUT_17351,145.03704450170406
OUT_17352,111.10734670440672
OUT_17353,116.06719210382946
OUT_17354,918.8740265362812
OUT_17355,93.1852568528446
OUT_17356,161.41697919263558
OUT_17357,160.37257325275854
OUT_17358,116.84605145362072
OUT_17359,93.84214114597424
OUT_17360,143.4865407209307
OUT_17361,138.65447832221753
OUT_17362,367.984504693848
OUT_17363,212.70455057069472
OUT_17364,338.5150990753093
OUT_17365,120.8509924411452
OUT_17366,961.0686352530764
OUT_17367,155.0686409085286
OUT_17368,119.28447289921392
OUT_17369,158.58694168989825
OUT_17370,172.5568034366695
OUT_17371,1190.7453277677819
OUT_17372,906.0289144430044
OUT_17373,351.7901190699745
OUT_17374,1001.6615535451276
OUT_17375,138.2106844545847
OUT_17376,157.40234855129853
OUT_17377,89.24195210929071
OUT_17378,1015.3399235747414
OUT_17379,114.43336640129517
OUT_17380,128.3439981010368
OUT_17381,136.03596150767908
OUT_17382,113.58305368554979
OUT_17383,172.25366054686805
OUT_17384,83.82113338390036
OUT_17385,359.53091941977675
OUT_17386,317.59495452282744
OUT_17387,162.41068666481831
OUT_17388,169.53317128090822
OUT_17389,1205.222237150058
OUT_17390,115.37979054840355
OUT_17391,122.00650692141288
OUT_17392,929.8348644673724
OUT_17393,116.08454376415015
OUT_17394,325.1343300634909
OUT_17395,98.26527793743794
OUT_17396,387.4537758254818
OUT_17397,364.4063715097262
OUT_17398,142.57620043329413
OUT_17399,145.3204534790492
OUT_17400,313.3425734410081
OUT_17401,157.063281487193
OUT_17402,314.68261713897544
OUT_17403,314.0836118339938
OUT_17404,368.9864574207297
OUT_17405,907.4274272394684
OUT_17406,90.88148170353664
OUT_17407,167.12807426723242
OUT_17408,1064.1635328358143
OUT_17409,123.83641712862682
OUT_17410,126.375094605489
OUT_17411,150.074922334079
OUT_17412,119.57261020287702
OUT_17413,349.1605924541535
OUT_17414,342.6796169414273
OUT_17415,354.826497888107
OUT_17416,965.6077610954676
OUT_17417,80.87031168528338
OUT_17418,363.87082763946046
OUT_17419,331.7965517759214
OUT_17420,336.55570292717533
OUT_17421,180.28794976496602
OUT_17422,992.1536637721608
OUT_17423,998.5538306144152
OUT_17424,1205.7043443424004
OUT_17425,1175.591668964128
OUT_17426,132.58631247401968
OUT_17427,201.875339899324
OUT_17428,124.88239341852989
OUT_17429,155.7900216383019
OUT_17430,915.2969233084224
OUT_17431,149.53206139575468
OUT_17432,318.2650229489157
OUT_17433,966.9058268746162
OUT_17434,113.42492776046876
OUT_17435,956.8152934987
OUT_17436,938.7270741299002
OUT_17437,1205.2711308473233
OUT_17438,160.96481914479497
OUT_17439,119.10055331369861
OUT_17440,1002.54333597517
OUT_17441,231.88250323454372
OUT_17442,110.97927973542637
OUT_17443,307.6891062152474
OUT_17444,114.19811555478681
OUT_17445,127.16312165901351
OUT_17446,273.0237378381912
OUT_17447,909.5947861583866
OUT_17448,160.01796809201107
OUT_17449,159.38924101174246
OUT_17450,323.4918192769693
OUT_17451,317.7324884007696
OUT_17452,251.2039634124356
OUT_17453,374.21251652606435
OUT_17454,142.38029231723226
OUT_17455,165.15514584152203
OUT_17456,129.53145268376934
OUT_17457,967.0259094548124
OUT_17458,147.63885401498104
OUT_17459,957.8224802547034
OUT_17460,328.3812013592189
OUT_17461,121.09869779938973
OUT_17462,104.4925678539187
OUT_17463,301.4770916245872
OUT_17464,339.522644576636
OUT_17465,151.83804398513084
OUT_17466,193.56056441918633
OUT_17467,139.82221565852973
OUT_17468,347.3527180204656
OUT_17469,157.6569665486208
OUT_17470,160.33525786667613
OUT_17471,367.26079653464745
OUT_17472,157.02369071123522
OUT_17473,378.9596118895154
OUT_17474,944.4241285433418
OUT_17475,165.5637460495892
OUT_17476,345.773785185664
OUT_17477,952.0551708775772
OUT_17478,985.7335152039112
OUT_17479,170.5761241841664
OUT_17480,117.6685876703764
OUT_17481,128.29183796229594
OUT_17482,169.61446312051575
OUT_17483,316.7009628816504
OUT_17484,402.23843528779764
OUT_17485,157.23837404769287
OUT_17486,148.60925149808082
OUT_17487,124.25423999939716
OUT_17488,146.90760257052153
OUT_17489,192.411987909892
OUT_17490,152.2070599932678
OUT_17491,346.4274890635359
OUT_17492,947.0136822020964
OUT_17493,136.76967477964246
OUT_17494,931.1738689138264
OUT_17495,1318.617768895553
OUT_17496,162.35193404250313
OUT_17497,96.95184221414975
OUT_17498,156.286277871537
OUT_17499,128.90440422758405
OUT_17500,495.0646112441936
OUT_17501,298.13606940601693
OUT_17502,372.2000929256201
OUT_17503,103.43358294450226
OUT_17504,92.28310270525482
OUT_17505,161.19011649410152
OUT_17506,839.9235080743732
OUT_17507,112.13303273934429
OUT_17508,909.7399277913596
OUT_17509,92.11517555423023
OUT_17510,113.63917502662999
OUT_17511,156.56319900319207
OUT_17512,158.67834332389688
OUT_17513,103.73656703223148
OUT_17514,120.16997682053817
OUT_17515,137.06405019653022
OUT_17516,368.7025013309593
OUT_17517,124.2562207912154
OUT_17518,113.3920482094225
OUT_17519,380.3115234430077
OUT_17520,266.11757091280333
OUT_17521,338.86286055575465
OUT_17522,1007.0125662170364
OUT_17523,137.3292770188973
OUT_17524,938.4527372636428
OUT_17525,188.39128244183317
OUT_17526,380.5588348684925
OUT_17527,313.6321685759859
OUT_17528,295.5618589353597
OUT_17529,139.73649523130246
OUT_17530,964.9202003112767
OUT_17531,180.283862225636
OUT_17532,913.8056449647108
OUT_17533,102.29670681405656
OUT_17534,153.6960861398432
OUT_17535,334.436720858321
OUT_17536,153.09748265267478
OUT_17537,121.8519283193579
OUT_17538,356.6995274458204
OUT_17539,144.12244012058915
OUT_17540,975.722389753182
OUT_17541,112.99720401940432
OUT_17542,294.98190606572933
OUT_17543,116.79502767063296
OUT_17544,193.56056441918633
OUT_17545,133.64153761194586
OUT_17546,152.04012963767238
OUT_17547,83.43077877959283
OUT_17548,145.13499633216668
OUT_17549,1168.8237774907404
OUT_17550,262.9174736693953
OUT_17551,114.63789421406854
OUT_17552,171.0323589424504
OUT_17553,149.99132815242714
OUT_17554,295.83886747476333
OUT_17555,126.5420170042328
OUT_17556,359.5263770027647
OUT_17557,110.71938316364373
OUT_17558,193.56056441918633
OUT_17559,347.4107057869329
OUT_17560,128.10408091148105
OUT_17561,124.55617959152214
OUT_17562,140.1327484283546
OUT_17563,166.96445916235484
OUT_17564,150.48272237572
OUT_17565,193.56056441918633
OUT_17566,366.5406278866649
OUT_17567,315.68157649160446
OUT_17568,326.92949847567587
OUT_17569,179.46104466708914
OUT_17570,190.71165689303686
OUT_17571,110.94531349384762
OUT_17572,334.43567394273265
OUT_17573,145.54160794012552
OUT_17574,1032.6902451755354
OUT_17575,100.4490833004921
OUT_17576,146.95830955099618
OUT_17577,334.5721733144444
OUT_17578,139.5169759968502
OUT_17579,225.12973433099097
OUT_17580,116.0884987262654
OUT_17581,995.8355788740216
OUT_17582,114.42700661669684
OUT_17583,355.88483264774635
OUT_17584,975.8730421837354
OUT_17585,1007.9025405339728
OUT_17586,146.93039979178076
OUT_17587,290.13225968622066
OUT_17588,106.56721523192067
OUT_17589,316.67972347419027
OUT_17590,159.84505704363025
OUT_17591,128.49891766776892
OUT_17592,81.89646047966188
OUT_17593,154.94711350075508
OUT_17594,150.64569808257798
OUT_17595,129.6774393918947
OUT_17596,950.9680666392716
OUT_17597,151.66549761655327
OUT_17598,1206.4895460971616
OUT_17599,141.13900178779016
OUT_17600,146.29076682768732
OUT_17601,888.3593239919795
OUT_17602,961.664764167705
OUT_17603,347.1828985638916
OUT_17604,961.0617494726192
OUT_17605,338.1460510539661
OUT_17606,1163.0063230033775
OUT_17607,955.0763512718704
OUT_17608,122.29009109635801
OUT_17609,163.91371395347323
OUT_17610,824.2189456137384
OUT_17611,182.51750683489382
OUT_17612,150.73689683361243
OUT_17613,290.2548752205832
OUT_17614,353.4238718695386
OUT_17615,367.7215022877148
OUT_17616,98.9886639268078
OUT_17617,157.14998653341567
OUT_17618,1202.8002178289137
OUT_17619,349.6209797313095
OUT_17620,131.77429880745544
OUT_17621,950.3026307285792
OUT_17622,985.4846272988956
OUT_17623,144.46134745922762
OUT_17624,306.16442296536445
OUT_17625,359.4145490322675
OUT_17626,123.80400579781774
OUT_17627,151.65201504684342
OUT_17628,119.27675614177751
OUT_17629,974.4166096069598
OUT_17630,307.4052120530364
OUT_17631,193.56056441918633
OUT_17632,324.58917330267406
OUT_17633,193.56056441918633
OUT_17634,142.29339847134776
OUT_17635,178.96480357830816
OUT_17636,889.0147861061869
OUT_17637,91.6850481755389
OUT_17638,101.7903008218075
OUT_17639,151.20155181832638
OUT_17640,220.86848785511555
OUT_17641,193.56056441918633
OUT_17642,137.74041440667023
OUT_17643,102.91654838341415
OUT_17644,123.8829740854605
OUT_17645,307.339501793745
OUT_17646,923.5891648586836
OUT_17647,133.11199046796412
OUT_17648,92.05742597233534
OUT_17649,124.53016663200319
OUT_17650,156.58895016831556
OUT_17651,1017.4124791569258
OUT_17652,1164.513651633095
OUT_17653,342.40425112833617
OUT_17654,315.4910651787863
OUT_17655,134.6834890104457
OUT_17656,929.735839185204
OUT_17657,125.09098938408064
OUT_17658,125.60789776224759
OUT_17659,389.7626496693073
OUT_17660,953.5439070849444
OUT_17661,981.895137833075
OUT_17662,942.1171437669012
OUT_17663,156.12937789936288
OUT_17664,912.2105592804686
OUT_17665,131.5294898942161
OUT_17666,154.8278158608699
OUT_17667,941.466797697196
OUT_17668,996.8166074418704
OUT_17669,138.73127379049174
OUT_17670,148.63006590801604
OUT_17671,298.53719761574274
OUT_17672,186.10078601680996
OUT_17673,981.5060307773408
OUT_17674,145.97187244869983
OUT_17675,292.4445410383772
OUT_17676,361.4351356288913
OUT_17677,961.4323457535844
OUT_17678,219.498525293949
OUT_17679,362.3447410061918
OUT_17680,178.20934985686858
OUT_17681,115.60220532052767
OUT_17682,155.55226365219417
OUT_17683,380.2812160535848
OUT_17684,116.99020122221427
OUT_17685,312.7543759734422
OUT_17686,143.6997900417377
OUT_17687,1365.348391272023
OUT_17688,365.3539021743757
OUT_17689,146.02746135741376
OUT_17690,99.96023774414134
OUT_17691,117.7548221185856
OUT_17692,160.86186598607134
OUT_17693,125.08104176045096
OUT_17694,931.652459971454
OUT_17695,104.47933632488255
OUT_17696,399.063931938971
OUT_17697,250.33947731868898
OUT_17698,1312.5872970474368
OUT_17699,325.2821116101245
OUT_17700,128.29913074379763
OUT_17701,140.2465174361884
OUT_17702,131.53832716046816
OUT_17703,285.82983609844825
OUT_17704,148.12408976930467
OUT_17705,144.0937819134363
OUT_17706,89.141822194414
OUT_17707,962.5044058965236
OUT_17708,131.91287263017605
OUT_17709,365.4315563682988
OUT_17710,109.80618709417512
OUT_17711,155.77032930424554
OUT_17712,145.7929172159274
OUT_17713,174.87699280633882
OUT_17714,149.75491452204295
OUT_17715,126.52536751004138
OUT_17716,106.46802605197897
OUT_17717,834.4273793529449
OUT_17718,885.9927876226637
OUT_17719,151.2457201592959
OUT_17720,415.478405868618
OUT_17721,296.50424431452507
OUT_17722,143.99815245721794
OUT_17723,138.83826764766476
OUT_17724,120.7637186974749
OUT_17725,157.75911672770062
OUT_17726,1193.4155221968879
OUT_17727,369.2163949746432
OUT_17728,104.60362507447452
OUT_17729,330.65589564832226
OUT_17730,122.67851193770234
OUT_17731,174.51760205396795
OUT_17732,315.13694907058385
OUT_17733,150.76485214883647
OUT_17734,143.51300768807664
OUT_17735,340.1130175751538
OUT_17736,965.7393602055486
OUT_17737,956.3001304228294
OUT_17738,980.0762860116844
OUT_17739,965.6927526596668
OUT_17740,456.7347460299305
OUT_17741,333.5891789840168
OUT_17742,307.109670232391
OUT_17743,129.66148096502684
OUT_17744,303.7542138580202
OUT_17745,105.3810869915327
OUT_17746,141.84213170504643
OUT_17747,127.2425577158027
OUT_17748,170.05735160194848
OUT_17749,157.64552311177636
OUT_17750,163.97651523942946
OUT_17751,128.49537432347165
OUT_17752,1022.07376436036
OUT_17753,394.5503497763358
OUT_17754,1225.5179120833172
OUT_17755,375.0551571243846
OUT_17756,320.78549834991554
OUT_17757,162.8848072724496
OUT_17758,228.08272107086503
OUT_17759,91.20500248188783
OUT_17760,191.93510804887413
OUT_17761,893.2494555018186
OUT_17762,285.6354013652979
OUT_17763,332.1361358401191
OUT_17764,322.04335909696323
OUT_17765,129.23547626915342
OUT_17766,179.3752468396551
OUT_17767,118.06407379410797
OUT_17768,175.49827134324542
OUT_17769,1212.3419837880535
OUT_17770,988.469050935188
OUT_17771,322.7000908530889
OUT_17772,124.45797899504886
OUT_17773,142.32963966996698
OUT_17774,143.76886604320032
OUT_17775,364.94301069483924
OUT_17776,931.3916958777093
OUT_17777,404.1363499441128
OUT_17778,1062.0344247380435
OUT_17779,105.92102496838899
OUT_17780,281.1770127620284
OUT_17781,176.17792199312225
OUT_17782,343.33883559209403
OUT_17783,1214.528706156885
OUT_17784,133.326616039374
OUT_17785,228.42606556838388
OUT_17786,268.99246654861867
OUT_17787,132.421822104179
OUT_17788,168.44385569042413
OUT_17789,168.81085361903877
OUT_17790,141.94927853119236
OUT_17791,975.1395202106578
OUT_17792,347.2516264032346
OUT_17793,158.53984939093016
OUT_17794,151.965010742604
OUT_17795,132.97556779996432
OUT_17796,164.6837189293577
OUT_17797,120.10368335827329
OUT_17798,143.06610105640442
OUT_17799,110.53230390817568
OUT_17800,992.5009630481428
OUT_17801,289.1347703772728
OUT_17802,351.73587024508805
OUT_17803,152.44954429903987
OUT_17804,203.63058205934098
OUT_17805,1254.147533908829
OUT_17806,104.05516101990456
OUT_17807,79.04575385823811
OUT_17808,268.103085494183
OUT_17809,364.384644039219
OUT_17810,180.6039854523101
OUT_17811,325.08536899244325
OUT_17812,104.1780115862496
OUT_17813,117.10750573178426
OUT_17814,134.26138420664415
OUT_17815,993.4587695058271
OUT_17816,186.62334630375855
OUT_17817,128.24716010583433
OUT_17818,937.6989686100516
OUT_17819,121.00003713873043
OUT_17820,938.5127632497844
OUT_17821,149.6512363851032
OUT_17822,105.96628334003533
OUT_17823,161.7641246124622
OUT_17824,339.1783054381225
OUT_17825,147.56599599982803
OUT_17826,344.7021332486113
OUT_17827,981.4278693945852
OUT_17828,156.18852919675473
OUT_17829,125.243708936967
OUT_17830,941.2624564398126
OUT_17831,1012.6357824529318
OUT_17832,135.48520357953552
OUT_17833,144.83291006685658
OUT_17834,301.5988962734426
OUT_17835,339.3392731203598
OUT_17836,1275.287956017282
OUT_17837,171.88018879704393
OUT_17838,926.1750704926123
OUT_17839,928.1206845746674
OUT_17840,89.88504193989206
OUT_17841,138.66573046763966
OUT_17842,114.68848136933218
OUT_17843,1188.7423494549635
OUT_17844,294.23902002991576
OUT_17845,1009.3214860719298
OUT_17846,353.1360525491697
OUT_17847,309.90676573364914
OUT_17848,166.29938296897092
OUT_17849,297.8282927932068
OUT_17850,155.20347863200476
OUT_17851,383.15519814561173
OUT_17852,361.75484382916625
OUT_17853,333.7670874639523
OUT_17854,1187.8641204078845
OUT_17855,980.2314789161228
OUT_17856,927.1641414596291
OUT_17857,160.87575417272188
OUT_17858,362.9931843109314
OUT_17859,321.0239112595516
OUT_17860,107.87320774505837
OUT_17861,131.60588552597252
OUT_17862,133.1513526860432
OUT_17863,130.98400535379045
OUT_17864,157.83326987121444
OUT_17865,140.66586402034815
OUT_17866,128.293185229417
OUT_17867,333.86935888616824
OUT_17868,144.2125262258596
OUT_17869,314.16619311334114
OUT_17870,133.8408305885734
OUT_17871,313.9788526194941
OUT_17872,185.00233289955324
OUT_17873,205.37991536031487
OUT_17874,155.19574941246813
OUT_17875,361.5213841027824
OUT_17876,314.0728765523358
OUT_17877,88.09118490201948
OUT_17878,307.6828558937672
OUT_17879,180.57804507043332
OUT_17880,1173.5716927967403
OUT_17881,153.84374609936182
OUT_17882,304.0022723434355
OUT_17883,349.00865448843314
OUT_17884,952.287870874158
OUT_17885,162.6835727005394
OUT_17886,335.8657076836737
OUT_17887,143.35529166920625
OUT_17888,102.73149059307408
OUT_17889,365.8910820027885
OUT_17890,143.10287312235104
OUT_17891,959.551982391712
OUT_17892,116.37433695544149
OUT_17893,194.9974839151488
OUT_17894,86.26332060106583
OUT_17895,154.73736305198415
OUT_17896,163.4614765383848
OUT_17897,124.69759799902941
OUT_17898,83.19097058882244
OUT_17899,339.0965830096738
OUT_17900,147.10603447494938
OUT_17901,115.66727173848132
OUT_17902,923.9615262506549
OUT_17903,139.97414868630602
OUT_17904,165.34169840773225
OUT_17905,105.14145214395656
OUT_17906,878.2375197157199
OUT_17907,382.02174255769205
OUT_17908,123.34444294985208
OUT_17909,88.96703125564903
OUT_17910,1181.909199446608
OUT_17911,119.7596554440746
OUT_17912,342.66776516865866
OUT_17913,193.56056441918633
OUT_17914,133.02308685306
OUT_17915,145.83371388950815
OUT_17916,94.61253915280349
OUT_17917,123.94395625960452
OUT_17918,941.6135254173312
OUT_17919,121.90537144177448
OUT_17920,151.27217862661522
OUT_17921,105.45175524694086
OUT_17922,177.9207729393219
OUT_17923,1172.8459993310905
OUT_17924,164.99059578289652
OUT_17925,73.36797822040863
OUT_17926,304.8615099445385
OUT_17927,325.52597137385754
OUT_17928,159.38391025380415
OUT_17929,121.56624358810424
OUT_17930,160.90167109057631
OUT_17931,169.99203736961238
OUT_17932,165.66984647782496
OUT_17933,869.473799708772
OUT_17934,347.6863666253378
OUT_17935,427.785151022946
OUT_17936,981.9724579141002
OUT_17937,363.5809308516639
OUT_17938,104.67600201622842
OUT_17939,145.20775626728582
OUT_17940,193.56056441918633
OUT_17941,114.13605066788492
OUT_17942,169.13723215011947
OUT_17943,164.5131632446043
OUT_17944,1051.4052638236606
OUT_17945,116.446127965266
OUT_17946,137.3417104536857
OUT_17947,955.7220447615967
OUT_17948,128.22619343054168
OUT_17949,158.17077213887114
OUT_17950,135.34307182290215
OUT_17951,140.84401113776778
OUT_17952,108.23474777351676
OUT_17953,100.23063663362764
OUT_17954,132.6321718741964
OUT_17955,958.5568270888684
OUT_17956,292.61622918150783
OUT_17957,397.7408680897455
OUT_17958,130.34741465520975
OUT_17959,134.78381171498347
OUT_17960,149.38035476815338
OUT_17961,148.29529865415898
OUT_17962,175.69819011772344
OUT_17963,333.3852276298482
OUT_17964,278.8625886027688
OUT_17965,120.54751926066287
OUT_17966,168.220193725503
OUT_17967,941.0548891282612
OUT_17968,193.56056441918633
OUT_17969,134.2083388642978
OUT_17970,121.91126338142202
OUT_17971,109.15442654200591
OUT_17972,410.7253814562406
OUT_17973,875.7677141692876
OUT_17974,168.16542717970555
OUT_17975,899.9131737923955
OUT_17976,143.53563087175542
OUT_17977,90.77238912696552
OUT_17978,137.7260051679643
OUT_17979,863.1897636693304
OUT_17980,130.16663523739535
OUT_17981,128.12020640759837
OUT_17982,135.18431308595592
OUT_17983,1214.5107356261817
OUT_17984,91.88811464471614
OUT_17985,60.13675670201051
OUT_17986,943.8006704590496
OUT_17987,1035.4484995526293
OUT_17988,918.9082496388672
OUT_17989,1226.4524592332916
OUT_17990,163.54277064692894
OUT_17991,321.77537001155713
OUT_17992,123.95991750133992
OUT_17993,121.94374799156634
OUT_17994,340.1502881711825
OUT_17995,1006.8756358516138
OUT_17996,119.000619928312
OUT_17997,124.22378292177626
OUT_17998,123.47946049196074
OUT_17999,141.05356667192115
OUT_18000,124.9956202455093
OUT_18001,131.50432800479354
OUT_18002,138.4079979625992
OUT_18003,118.0469163399418
OUT_18004,339.078734666281
OUT_18005,124.25450204548903
OUT_18006,901.4717832642492
OUT_18007,126.19836753786284
OUT_18008,159.83492132482067
OUT_18009,161.06230359671318
OUT_18010,203.48758571325942
OUT_18011,929.7845039944644
OUT_18012,983.2185419505848
OUT_18013,145.0035190078405
OUT_18014,145.8965946824145
OUT_18015,321.7122691346964
OUT_18016,115.85778943919745
OUT_18017,1036.225883214152
OUT_18018,881.295881263701
OUT_18019,141.83097371220435
OUT_18020,368.27039840409645
OUT_18021,137.26614413090294
OUT_18022,1225.7060273382467
OUT_18023,1170.3750292910465
OUT_18024,111.29813872456664
OUT_18025,325.36563977387414
OUT_18026,330.35659727894745
OUT_18027,378.582993477126
OUT_18028,385.87222152802775
OUT_18029,1178.0236126604984
OUT_18030,127.07914166162413
OUT_18031,325.82710365344536
OUT_18032,122.52740580866914
OUT_18033,299.0438590587011
OUT_18034,332.5404303212472
OUT_18035,989.6141177255814
OUT_18036,1395.0482632761143
OUT_18037,152.81340527872294
OUT_18038,154.69326432164445
OUT_18039,102.78867054199188
OUT_18040,335.94737973404
OUT_18041,161.59773517397937
OUT_18042,135.69441703888646
OUT_18043,170.04815680886028
OUT_18044,314.3265538753639
OUT_18045,395.9298524858083
OUT_18046,325.48321516549765
OUT_18047,132.7092593391826
OUT_18048,117.02669443448389
OUT_18049,138.04168023258606
OUT_18050,1000.330543692028
OUT_18051,252.7752595856742
OUT_18052,123.63485598008808
OUT_18053,339.6792121251291
OUT_18054,108.30147437635272
OUT_18055,1176.3507460362387
OUT_18056,92.58616159398557
OUT_18057,176.18339958770804
OUT_18058,480.8361154716648
OUT_18059,118.56060569336186
OUT_18060,876.0914570690777
OUT_18061,334.8925932762593
OUT_18062,282.34376574552044
OUT_18063,125.18010206679897
OUT_18064,106.79229298982536
OUT_18065,147.76666376016888
OUT_18066,193.56056441918633
OUT_18067,363.9382899974819
OUT_18068,359.1603516490577
OUT_18069,146.73471969605103
OUT_18070,110.14271560253586
OUT_18071,1195.0846290952384
OUT_18072,950.934804430098
OUT_18073,305.1346012290114
OUT_18074,126.80503760017363
OUT_18075,360.1186584526839
OUT_18076,144.7832952387633
OUT_18077,104.47419945518273
OUT_18078,397.465843708625
OUT_18079,196.24745687415333
OUT_18080,77.70284948107928
OUT_18081,136.78679095696384
OUT_18082,193.56056441918633
OUT_18083,174.00148826558492
OUT_18084,134.74027415157568
OUT_18085,308.79199360816244
OUT_18086,1054.815627082359
OUT_18087,393.35228993453006
OUT_18088,125.35565381465707
OUT_18089,118.02715461150808
OUT_18090,258.2557339972243
OUT_18091,336.45553145310066
OUT_18092,350.56284764278735
OUT_18093,273.6778986285899
OUT_18094,336.1328936577056
OUT_18095,383.131676036948
OUT_18096,150.13675145098148
OUT_18097,137.14689043671345
OUT_18098,128.42258354239587
OUT_18099,1009.3434007210884
OUT_18100,374.3966596409313
OUT_18101,157.39271260484307
OUT_18102,383.47593388643713
OUT_18103,146.03100210435622
OUT_18104,386.1898220584504
OUT_18105,176.09081437729407
OUT_18106,374.53884596552325
OUT_18107,143.76080800971002
OUT_18108,325.1807534450439
OUT_18109,112.65541805639612
OUT_18110,895.8397400563056
OUT_18111,123.67492583602615
OUT_18112,132.5197969640647
OUT_18113,134.0082194737105
OUT_18114,135.98410888539672
OUT_18115,100.44331354456071
OUT_18116,103.0996533325238
OUT_18117,350.3729252734669
OUT_18118,110.9805985120049
OUT_18119,99.74822989219909
OUT_18120,158.96892634960295
OUT_18121,156.27499533711972
OUT_18122,143.10242352651
OUT_18123,389.85269634839676
OUT_18124,172.05402318475137
OUT_18125,1203.816567666883
OUT_18126,175.37294105630528
OUT_18127,130.24669496597897
OUT_18128,1247.7741622014776
OUT_18129,183.27781454010477
OUT_18130,987.048469331834
OUT_18131,307.0992323976876
OUT_18132,132.93991170715805
OUT_18133,162.1512805744325
OUT_18134,144.01615392663297
OUT_18135,168.18977417022367
OUT_18136,271.9884737116978
OUT_18137,119.79721947177454
OUT_18138,148.95256101461774
OUT_18139,105.23953556960376
OUT_18140,157.2912515336139
OUT_18141,953.5673790608656
OUT_18142,120.17468853419108
OUT_18143,97.07668811509524
OUT_18144,344.03582124226614
OUT_18145,320.1034534589562
OUT_18146,364.5713204814425
OUT_18147,187.75762328349887
OUT_18148,119.1626743539908
OUT_18149,991.3545009116935
OUT_18150,884.3080144306184
OUT_18151,138.26403110897263
OUT_18152,313.0701997931352
OUT_18153,265.3965172690331
OUT_18154,395.89063234435173
OUT_18155,343.30877812176783
OUT_18156,364.7069197371819
OUT_18157,1000.5205862452116
OUT_18158,983.4820925169668
OUT_18159,92.20467774046347
OUT_18160,972.2950193025872
OUT_18161,104.91502324441412
OUT_18162,128.08066532575052
OUT_18163,934.92891130465
OUT_18164,130.55077915638563
OUT_18165,127.32631845109226
OUT_18166,1194.6958159289957
OUT_18167,1014.5255723179664
OUT_18168,116.50388910062307
OUT_18169,182.25254433371828
OUT_18170,923.4138101580972
OUT_18171,83.48880750781709
OUT_18172,919.5278943268332
OUT_18173,320.12349123066593
OUT_18174,310.66489617884577
OUT_18175,296.36255937916746
OUT_18176,152.85766623084714
OUT_18177,96.74628003976785
OUT_18178,179.48792284221352
OUT_18179,359.2813947383762
OUT_18180,169.2713910870317
OUT_18181,113.55452671105476
OUT_18182,175.79813071482886
OUT_18183,364.2974106298051
OUT_18184,145.6303198378167
OUT_18185,360.68886826901326
OUT_18186,272.54823787212746
OUT_18187,987.5024387665876
OUT_18188,136.58297968781153
OUT_18189,362.411800836426
OUT_18190,170.26970168810143
OUT_18191,905.0568936390166
OUT_18192,322.57739589070496
OUT_18193,125.3842066437985
OUT_18194,398.3879333309544
OUT_18195,365.01466705577593
OUT_18196,159.62828220888187
OUT_18197,152.05660391463374
OUT_18198,101.48811541844395
OUT_18199,140.77935323594045
OUT_18200,365.439994524517
OUT_18201,164.6952817297351
OUT_18202,314.8213224701457
OUT_18203,894.9253458607582
OUT_18204,349.98498665056445
OUT_18205,118.10046485147764
OUT_18206,169.0418015897106
OUT_18207,956.2117929689376
OUT_18208,334.6705328932577
OUT_18209,1177.4002382973933
OUT_18210,1007.6198757726792
OUT_18211,288.4577220182525
OUT_18212,125.86874659238033
OUT_18213,134.70931838753194
OUT_18214,169.79897017637543
OUT_18215,284.153809634808
OUT_18216,317.0012270374555
OUT_18217,303.80868147185123
OUT_18218,1313.4360793797202
OUT_18219,163.2930418962078
OUT_18220,940.2121047963868
OUT_18221,306.4830971742713
OUT_18222,334.2284078704143
OUT_18223,989.7465062836706
OUT_18224,314.8553232910289
OUT_18225,126.38404213703754
OUT_18226,957.4961290742418
OUT_18227,386.5929732223014
OUT_18228,147.40027299222072
OUT_18229,147.77815748454208
OUT_18230,143.70534154396537
OUT_18231,145.6422574670558
OUT_18232,106.36056256141866
OUT_18233,78.49887979020046
OUT_18234,931.1226283218792
OUT_18235,135.13800967459693
OUT_18236,153.54091799709698
OUT_18237,120.8534627685939
OUT_18238,150.13368157062277
OUT_18239,119.83748623347799
OUT_18240,880.3786167189703
OUT_18241,1174.8904592445972
OUT_18242,1014.5773013453534
OUT_18243,164.33437783862723
OUT_18244,157.02370400647925
OUT_18245,325.72346705028593
OUT_18246,330.6748691997764
OUT_18247,195.94232071026084
OUT_18248,331.8148594793348
OUT_18249,304.82481834267514
OUT_18250,182.62068364398033
OUT_18251,124.1964621395197
OUT_18252,206.38660290250456
OUT_18253,135.81786933393659
OUT_18254,932.1561287552696
OUT_18255,102.33990227199654
OUT_18256,179.15957321746535
OUT_18257,1034.6621656538805
OUT_18258,135.56794632775026
OUT_18259,141.75539849949328
OUT_18260,125.52903660068772
OUT_18261,110.46101967310553
OUT_18262,99.57705851748352
OUT_18263,922.189691818218
OUT_18264,968.6550898803664
OUT_18265,370.31001301091146
OUT_18266,143.136883156625
OUT_18267,988.998078206317
OUT_18268,113.18490951235052
OUT_18269,119.01663124299859
OUT_18270,137.89821421495924
OUT_18271,112.15641135835487
OUT_18272,74.78799332850944
OUT_18273,174.81845699195767
OUT_18274,375.59968330798455
OUT_18275,931.0314699001352
OUT_18276,137.69895511236712
OUT_18277,124.0939507333536
OUT_18278,146.76743974193397
OUT_18279,1211.7433908831774
OUT_18280,88.74086416384972
OUT_18281,349.42317105668087
OUT_18282,193.56056441918633
OUT_18283,193.56056441918633
OUT_18284,138.3641404094124
OUT_18285,283.7901396754353
OUT_18286,930.1166996957912
OUT_18287,294.9807328051809
OUT_18288,132.81056394722066
OUT_18289,316.7400893887312
OUT_18290,958.6070385185814
OUT_18291,917.2082461094276
OUT_18292,105.0307915524468
OUT_18293,960.9908847100644
OUT_18294,115.49939012518972
OUT_18295,128.3520295623412
OUT_18296,975.0430145181537
OUT_18297,401.6617356422163
OUT_18298,125.68016576127874
OUT_18299,306.98188730003176
OUT_18300,368.1253704635137
OUT_18301,145.8800513842466
OUT_18302,116.59622473794148
OUT_18303,146.2690792252705
OUT_18304,126.9199068472756
OUT_18305,980.1723864030092
OUT_18306,362.7331789686455
OUT_18307,109.8372906991362
OUT_18308,278.3466459521691
OUT_18309,364.71915590047854
OUT_18310,330.25612902827726
OUT_18311,98.24777669290172
OUT_18312,176.24927769321906
OUT_18313,327.5943767985943
OUT_18314,955.6912712181507
OUT_18315,61.799517168441334
OUT_18316,90.6762153236281
OUT_18317,296.27803356571803
OUT_18318,99.8578590546011
OUT_18319,300.2117542229638
OUT_18320,175.1225337074987
OUT_18321,869.9049568603173
OUT_18322,369.903373159575
OUT_18323,339.1757796163294
OUT_18324,353.411556190528
OUT_18325,123.88115904721555
OUT_18326,128.57064892226725
OUT_18327,190.7068516365296
OUT_18328,116.770912760303
OUT_18329,135.9546055214893
OUT_18330,982.5017567194632
OUT_18331,937.0213440030328
OUT_18332,156.8239301594329
OUT_18333,135.32824461702987
OUT_18334,910.239173451396
OUT_18335,402.9282592634225
OUT_18336,180.51018467236173
OUT_18337,911.9931016180008
OUT_18338,1178.6460173588257
OUT_18339,359.01599803351826
OUT_18340,140.13187268990717
OUT_18341,370.04930324851387
OUT_18342,359.15057183483384
OUT_18343,423.86810925954455
OUT_18344,98.4476784464722
OUT_18345,166.75876204602994
OUT_18346,332.56010451039305
OUT_18347,167.74717663004026
OUT_18348,166.04622640417205
OUT_18349,143.0674714070425
OUT_18350,134.446809287441
OUT_18351,141.61764945045599
OUT_18352,1310.1844597827692
OUT_18353,87.13959583256114
OUT_18354,369.6176119568156
OUT_18355,51.221614534690815
OUT_18356,125.30476790682604
OUT_18357,111.5507896478595
OUT_18358,940.1633495826578
OUT_18359,122.88848741038355
OUT_18360,123.58909945719721
OUT_18361,310.0906693555355
OUT_18362,330.5515140463326
OUT_18363,289.73584364648605
OUT_18364,119.59744269942891
OUT_18365,324.76564276912507
OUT_18366,320.4267705485107
OUT_18367,138.0269975915354
OUT_18368,994.2775539340726
OUT_18369,365.884982977792
OUT_18370,132.76594283098274
OUT_18371,160.5363329174451
OUT_18372,127.28000313929908
OUT_18373,84.5853155476788
OUT_18374,128.4947682951622
OUT_18375,86.37329340128068
OUT_18376,138.0342981223041
OUT_18377,1195.1337947489014
OUT_18378,339.7005265789353
OUT_18379,125.00890996287704
OUT_18380,493.593991221378
OUT_18381,110.79735667796817
OUT_18382,895.5115600047275
OUT_18383,994.2060156836028
OUT_18384,135.78641216581428
OUT_18385,118.62566736940028
OUT_18386,126.15750931901259
OUT_18387,1348.341081807269
OUT_18388,97.44024180081692
OUT_18389,102.41951214499511
OUT_18390,131.07084353975165
OUT_18391,322.0870784187944
OUT_18392,926.887192648062
OUT_18393,178.54796285941043
OUT_18394,334.09986814146293
OUT_18395,195.83439897413038
OUT_18396,150.95418045857008
OUT_18397,117.8983796774538
OUT_18398,973.9725268953216
OUT_18399,334.34794623609514
OUT_18400,186.74433689119763
OUT_18401,109.23292455942205
OUT_18402,112.00518013082065
OUT_18403,481.2374281352672
OUT_18404,161.2778363735548
OUT_18405,242.403417227308
OUT_18406,128.81928438550463
OUT_18407,953.2972927388744
OUT_18408,1212.3095027941074
OUT_18409,315.638533954344
OUT_18410,367.1059940027217
OUT_18411,294.94006711074616
OUT_18412,139.10920188745868
OUT_18413,977.5158955063308
OUT_18414,384.99037226140365
OUT_18415,118.13572199081032
OUT_18416,376.06711617335793
OUT_18417,156.94784079878616
OUT_18418,119.42015631004318
OUT_18419,146.16666639319945
OUT_18420,334.4393330641425
OUT_18421,307.48153494952567
OUT_18422,350.16832444838604
OUT_18423,127.4046049126582
OUT_18424,137.64089531290648
OUT_18425,299.2503811544699
OUT_18426,154.76790531010099
OUT_18427,385.8534473668594
OUT_18428,126.38428617407712
OUT_18429,354.61825527184897
OUT_18430,108.60143931194766
OUT_18431,343.76400532172886
OUT_18432,164.8542953231921
OUT_18433,123.17554920472041
OUT_18434,164.84312859496265
OUT_18435,180.0998381618825
OUT_18436,171.9234486910652
OUT_18437,122.05850167237246
OUT_18438,91.0464863879525
OUT_18439,410.33457254198436
OUT_18440,935.7302598580052
OUT_18441,156.4736338557919
OUT_18442,115.39081756897082
OUT_18443,176.7723470496763
OUT_18444,320.6617420389017
OUT_18445,152.4501184528535
OUT_18446,357.8364093967788
OUT_18447,974.9441283729684
OUT_18448,113.73774486526094
OUT_18449,328.787110743718
OUT_18450,193.56056441918633
OUT_18451,126.35323041236596
OUT_18452,1218.6267566800163
OUT_18453,133.0044326296386
OUT_18454,988.8687318680772
OUT_18455,135.05916305421832
OUT_18456,132.8559193380067
OUT_18457,147.46579890813953
OUT_18458,199.20268697564285
OUT_18459,332.16367620383943
OUT_18460,160.84555363619617
OUT_18461,349.83979001699095
OUT_18462,137.35404674804272
OUT_18463,147.96215845718282
OUT_18464,143.9587084605111
OUT_18465,128.2605968162777
OUT_18466,150.10107826175616
OUT_18467,128.37883431556116
OUT_18468,1181.2037255963005
OUT_18469,331.6305111767348
OUT_18470,120.8861560973495
OUT_18471,124.3733977074846
OUT_18472,136.52621615136573
OUT_18473,901.281188677228
OUT_18474,153.946932204312
OUT_18475,155.64011606413482
OUT_18476,292.61940658064793
OUT_18477,1179.3454727533194
OUT_18478,113.61589418240283
OUT_18479,1227.2287016465443
OUT_18480,113.4545337235532
OUT_18481,1033.792989934073
OUT_18482,340.11313121044657
OUT_18483,105.41134397800944
OUT_18484,136.88356387240475
OUT_18485,363.8556375479137
OUT_18486,999.4130382958484
OUT_18487,131.21286435097574
OUT_18488,158.589581648343
OUT_18489,200.10218094236518
OUT_18490,86.694039677464
OUT_18491,999.8669919446236
OUT_18492,170.3288722085938
OUT_18493,133.26381921563595
OUT_18494,129.75826020162975
OUT_18495,132.7472672401574
OUT_18496,208.82585630836343
OUT_18497,341.3413405233551
OUT_18498,125.575225231994
OUT_18499,146.7420226660687
OUT_18500,167.57219582904804
OUT_18501,1221.6298894148867
OUT_18502,989.6898689261157
OUT_18503,78.13635000432359
OUT_18504,1013.3790659091228
OUT_18505,279.37326653128946
OUT_18506,302.3351043249412
OUT_18507,913.021793986683
OUT_18508,301.8793032933662
OUT_18509,137.56478925014753
OUT_18510,153.07285974066835
OUT_18511,1223.9480027040886
OUT_18512,145.5884019635394
OUT_18513,119.06767849096805
OUT_18514,136.95434841296577
OUT_18515,167.15827791260503
OUT_18516,193.56056441918633
OUT_18517,128.99836916991373
OUT_18518,375.30869731909326
OUT_18519,229.97547790187377
OUT_18520,164.0642529390343
OUT_18521,398.856158464755
OUT_18522,968.9332507842096
OUT_18523,975.8954904971336
OUT_18524,361.02808193063856
OUT_18525,87.62480819856201
OUT_18526,163.0140166523887
OUT_18527,389.8894500123539
OUT_18528,150.51609405375163
OUT_18529,121.90211485748858
OUT_18530,142.77265329429292
OUT_18531,296.11833941694715
OUT_18532,939.088176887294
OUT_18533,92.15482550722905
OUT_18534,129.2221856147993
OUT_18535,164.20799656361808
OUT_18536,125.87009962087613
OUT_18537,915.4106889643756
OUT_18538,422.5038570111854
OUT_18539,328.8459036579833
OUT_18540,121.73160859485425
OUT_18541,293.495332474207
OUT_18542,902.7070367526436
OUT_18543,193.56056441918633
OUT_18544,129.46416337871912
OUT_18545,948.8941278441556
OUT_18546,324.1700718384903
OUT_18547,354.73603319637016
OUT_18548,366.8214322152243
OUT_18549,369.61560270419204
OUT_18550,137.73798840830307
OUT_18551,89.70429628583783
OUT_18552,139.32135376383638
OUT_18553,195.34587338091404
OUT_18554,363.8725545290076
OUT_18555,310.6362882680555
OUT_18556,934.510012623578
OUT_18557,127.7752012142916
OUT_18558,86.35708761723382
OUT_18559,238.7921172645988
OUT_18560,162.6280021054974
OUT_18561,141.8399236700075
OUT_18562,386.59186618557715
OUT_18563,133.1818448408248
OUT_18564,118.22685220336595
OUT_18565,135.4961980067745
OUT_18566,154.56182239660558
OUT_18567,295.7820448713766
OUT_18568,106.61860937870442
OUT_18569,340.3570509805888
OUT_18570,142.11926656081917
OUT_18571,64.78576402858282
OUT_18572,861.7212428543914
OUT_18573,351.28305977596966
OUT_18574,149.40137184988043
OUT_18575,288.9928145397543
OUT_18576,363.9962412192005
OUT_18577,305.0845719882274
OUT_18578,260.33681731230814
OUT_18579,252.3917892378708
OUT_18580,137.10240763562598
OUT_18581,367.56402504569553
OUT_18582,364.3384719723854
OUT_18583,140.3531685278801
OUT_18584,322.07048973532915
OUT_18585,123.71480147776016
OUT_18586,100.3482992441541
OUT_18587,373.90648650926937
OUT_18588,71.48582697677841
OUT_18589,993.79168406011
OUT_18590,104.56952785201936
OUT_18591,169.69893963498194
OUT_18592,158.01701121486946
OUT_18593,328.9617021124141
OUT_18594,89.62529133093393
OUT_18595,143.63869794891917
OUT_18596,126.7898564221952
OUT_18597,329.38432758599646
OUT_18598,125.13486827102794
OUT_18599,131.09208995628958
OUT_18600,170.18168004727008
OUT_18601,133.05788540538535
OUT_18602,368.4811149682179
OUT_18603,158.74087871607426
OUT_18604,979.4992420453996
OUT_18605,219.72707165019105
OUT_18606,132.4488301910647
OUT_18607,946.1793156941472
OUT_18608,285.83828095352396
OUT_18609,189.7349062520502
OUT_18610,134.41493989621355
OUT_18611,387.0058306123473
OUT_18612,165.9935749844379
OUT_18613,132.28264680843415
OUT_18614,901.9831716185046
OUT_18615,126.57845371748483
OUT_18616,142.3548369463272
OUT_18617,372.7780254129541
OUT_18618,151.77947634681834
OUT_18619,297.89478801261413
OUT_18620,135.0966511511872
OUT_18621,159.66826788015814
OUT_18622,294.0719739442553
OUT_18623,1418.3326715284609
OUT_18624,115.50461874686944
OUT_18625,133.62460318808652
OUT_18626,334.95756103402437
OUT_18627,330.05183960375825
OUT_18628,303.4323616615409
OUT_18629,128.07877611991466
OUT_18630,936.559557525253
OUT_18631,1118.8469027513013
OUT_18632,290.5517855990382
OUT_18633,162.25318467640932
OUT_18634,112.21249765033704
OUT_18635,383.7767185065825
OUT_18636,360.60153052389273
OUT_18637,991.624280280019
OUT_18638,150.2173588001911
OUT_18639,140.5170234936827
OUT_18640,101.9587190148965
OUT_18641,373.972187952299
OUT_18642,145.64993983995004
OUT_18643,140.01006390665077
OUT_18644,151.40724065597564
OUT_18645,143.83574557656297
OUT_18646,340.531568036122
OUT_18647,400.4408258305415
OUT_18648,1050.193177754326
OUT_18649,327.1298419020999
OUT_18650,129.5795153245555
OUT_18651,122.79725206650632
OUT_18652,396.2504335463327
OUT_18653,52.88216519981227
OUT_18654,134.75519321110565
OUT_18655,133.16639722790308
OUT_18656,156.76360519921738
OUT_18657,152.07438841360113
OUT_18658,187.4992876108256
OUT_18659,933.701121748374
OUT_18660,1032.194021174928
OUT_18661,130.4413761543862
OUT_18662,312.5415701747581
OUT_18663,264.2430229555996
OUT_18664,134.33171368662695
OUT_18665,132.62005808531907
OUT_18666,154.38459106835703
OUT_18667,903.1569308548712
OUT_18668,459.1923674798738
OUT_18669,327.18712629254003
OUT_18670,316.71337797464787
OUT_18671,1174.0048691653749
OUT_18672,144.15325096241997
OUT_18673,87.53885832432239
OUT_18674,933.4737615974695
OUT_18675,972.6640941127872
OUT_18676,323.69245144183674
OUT_18677,161.11127857814287
OUT_18678,333.2065044072439
OUT_18679,356.4091457477526
OUT_18680,417.06505140471353
OUT_18681,150.46738398536272
OUT_18682,1220.6100678573223
OUT_18683,129.58799018870712
OUT_18684,968.6583690079624
OUT_18685,131.8639219190053
OUT_18686,132.07583461422385
OUT_18687,156.3803158043231
OUT_18688,330.29934669168404
OUT_18689,934.0219769018908
OUT_18690,123.93320253786368
OUT_18691,116.00154958669788
OUT_18692,148.89545584175787
OUT_18693,315.9156151125276
OUT_18694,88.28166445809465
OUT_18695,117.66323245376255
OUT_18696,377.17289863835595
OUT_18697,130.12425174187595
OUT_18698,110.0679297818614
OUT_18699,113.165320780559
OUT_18700,400.2060945798544
OUT_18701,973.165035041562
OUT_18702,329.8247487617195
OUT_18703,333.76579867872687
OUT_18704,120.5520650812533
OUT_18705,95.88203826805108
OUT_18706,128.34967289006218
OUT_18707,951.3738205327028
OUT_18708,131.11910466191588
OUT_18709,132.11064984091954
OUT_18710,127.66194586219504
OUT_18711,115.748118031042
OUT_18712,390.45836291049545
OUT_18713,136.17657446350148
OUT_18714,941.7555852202644
OUT_18715,975.4391855681176
OUT_18716,117.67515941136341
OUT_18717,132.68867237474944
OUT_18718,103.15873681135122
OUT_18719,336.3425636846116
OUT_18720,206.4012638074811
OUT_18721,106.05874083028192
OUT_18722,108.84602872218464
OUT_18723,191.85892802947268
OUT_18724,130.46835587829273
OUT_18725,98.62751471202219
OUT_18726,139.11865584416944
OUT_18727,371.6152997822832
OUT_18728,289.2553034535972
OUT_18729,347.6255338410777
OUT_18730,166.45532758180715
OUT_18731,138.8607029437395
OUT_18732,1020.981141990745
OUT_18733,130.40058665390242
OUT_18734,147.13192289047018
OUT_18735,341.6592408879419
OUT_18736,343.30803959363743
OUT_18737,1184.6981938292322
OUT_18738,1175.0059669449224
OUT_18739,336.9703764784923
OUT_18740,951.7643522571578
OUT_18741,308.8946902208636
OUT_18742,89.20672546091396
OUT_18743,115.70123919411422
OUT_18744,108.1468253069362
OUT_18745,957.0775948382708
OUT_18746,82.11835626167523
OUT_18747,129.152774694404
OUT_18748,306.3524842686032
OUT_18749,156.61786288083124
OUT_18750,93.407315749519
OUT_18751,899.5218831462823
OUT_18752,135.8940534290682
OUT_18753,152.95915880727853
OUT_18754,946.668692747188
OUT_18755,318.59545060031746
OUT_18756,113.3909188704736
OUT_18757,99.48799554596266
OUT_18758,142.27477628634222
OUT_18759,136.79060208360994
OUT_18760,117.46142718363376
OUT_18761,1459.6273490854282
OUT_18762,284.18567901203335
OUT_18763,126.32075122907077
OUT_18764,155.63608695234882
OUT_18765,267.5886538155645
OUT_18766,341.4796855607567
OUT_18767,951.9143153040412
OUT_18768,970.59260211256
OUT_18769,166.4514884874032
OUT_18770,109.41848226702294
OUT_18771,154.13251756792152
OUT_18772,977.3773035148296
OUT_18773,145.4452638481094
OUT_18774,384.83963975604325
OUT_18775,368.5727425507593
OUT_18776,136.7774509853488
OUT_18777,402.4578249302805
OUT_18778,151.83638581395627
OUT_18779,326.11081388230605
OUT_18780,125.70703248718269
OUT_18781,331.9367228188368
OUT_18782,425.5443724274114
OUT_18783,138.06138413893078
OUT_18784,156.73145111179318
OUT_18785,154.76618974132083
OUT_18786,92.03929311241075
OUT_18787,108.95473573938318
OUT_18788,1186.9134381569631
OUT_18789,294.2938966540773
OUT_18790,352.7216495597696
OUT_18791,1008.3035526473956
OUT_18792,167.8038666321728
OUT_18793,1192.6615558194803
OUT_18794,147.13777109356403
OUT_18795,351.26824854323587
OUT_18796,1354.041529233825
OUT_18797,124.9101494245934
OUT_18798,130.872622841991
OUT_18799,358.3044846163982
OUT_18800,358.48409604954924
OUT_18801,340.759930091168
OUT_18802,1211.8099062562092
OUT_18803,143.50858653437075
OUT_18804,104.5120867816802
OUT_18805,1207.8463765345969
OUT_18806,133.61409472202263
OUT_18807,102.62885782796454
OUT_18808,88.95585355520564
OUT_18809,122.44990700082252
OUT_18810,160.7746977896183
OUT_18811,162.71938554823743
OUT_18812,193.56056441918633
OUT_18813,118.64656966442249
OUT_18814,301.14278167566835
OUT_18815,928.6474262336146
OUT_18816,137.17706592769005
OUT_18817,109.68392409488558
OUT_18818,111.52171147327067
OUT_18819,942.5669015943308
OUT_18820,190.5569093119175
OUT_18821,353.4897058304904
OUT_18822,133.8474146813969
OUT_18823,403.9330648807079
OUT_18824,151.55190034097834
OUT_18825,944.00338481892
OUT_18826,318.7602965132608
OUT_18827,1243.4283775236436
OUT_18828,121.80570833650263
OUT_18829,270.4303472677131
OUT_18830,166.23809371641602
OUT_18831,156.52533371658126
OUT_18832,384.8413718839853
OUT_18833,348.2961727041013
OUT_18834,117.65941548811935
OUT_18835,973.8857134875668
OUT_18836,135.74344201741857
OUT_18837,128.03628786374017
OUT_18838,989.6749283943192
OUT_18839,120.15497693186231
OUT_18840,309.35316621184927
OUT_18841,121.28423361635257
OUT_18842,116.4844344273084
OUT_18843,310.8633521290528
OUT_18844,1164.6479707343653
OUT_18845,132.05673245182766
OUT_18846,113.98725352233048
OUT_18847,125.57533069063868
OUT_18848,368.21069923396584
OUT_18849,175.9042940711589
OUT_18850,1207.4673193501153
OUT_18851,158.29798518960754
OUT_18852,940.7357136169546
OUT_18853,366.6491556341062
OUT_18854,106.44906270265486
OUT_18855,1319.762117110042
OUT_18856,145.48766182245456
OUT_18857,85.94395308763865
OUT_18858,935.4608172125872
OUT_18859,153.06099440771754
OUT_18860,324.7194639576138
OUT_18861,129.0402714441266
OUT_18862,326.4905517855947
OUT_18863,1033.6301374560624
OUT_18864,305.70114495137426
OUT_18865,138.49917355638854
OUT_18866,915.9415796132818
OUT_18867,381.50654365156504
OUT_18868,111.61637212582902
OUT_18869,119.80013000721704
OUT_18870,366.4726814488265
OUT_18871,150.0950292146822
OUT_18872,351.3292743318947
OUT_18873,322.7739041727759
OUT_18874,997.2859879254104
OUT_18875,141.29876089153106
OUT_18876,380.9544201054514
OUT_18877,1211.898114446759
OUT_18878,134.92798932896065
OUT_18879,143.40585832616597
OUT_18880,148.07080125477503
OUT_18881,117.02290908055933
OUT_18882,288.59974727681646
OUT_18883,333.69421755037524
OUT_18884,348.66702593909235
OUT_18885,937.5177753600324
OUT_18886,162.85159316864608
OUT_18887,145.54310214543855
OUT_18888,328.5855500956314
OUT_18889,115.5245052639829
OUT_18890,374.7887366321902
OUT_18891,128.11279077660978
OUT_18892,356.7655391458134
OUT_18893,126.55097964130684
OUT_18894,306.947771716857
OUT_18895,142.54707270086723
OUT_18896,1012.998688370546
OUT_18897,344.97053851571604
OUT_18898,170.6221280798151
OUT_18899,70.12283553287969
OUT_18900,292.73320897064394
OUT_18901,172.6685846955186
OUT_18902,332.8300414755762
OUT_18903,919.356138533109
OUT_18904,358.0682122124168
OUT_18905,470.8353788406482
OUT_18906,101.54826280668988
OUT_18907,146.115824142409
OUT_18908,160.46242632118313
OUT_18909,976.6329961533736
OUT_18910,320.2949851250875
OUT_18911,942.7461853238352
OUT_18912,951.3602338367588
OUT_18913,998.8937296892044
OUT_18914,356.9051569911935
OUT_18915,341.11475987498534
OUT_18916,121.94742892645698
OUT_18917,126.8615923862026
OUT_18918,154.04408221870042
OUT_18919,963.5323862548046
OUT_18920,193.56056441918633
OUT_18921,343.8513098529364
OUT_18922,288.6767769795197
OUT_18923,87.63642227629785
OUT_18924,358.72508666075043
OUT_18925,476.074161915931
OUT_18926,143.101589379135
OUT_18927,165.68150420986774
OUT_18928,156.52383915528702
OUT_18929,345.3803583324576
OUT_18930,911.8883415395956
OUT_18931,162.83013312208783
OUT_18932,128.54916311726737
OUT_18933,296.8785860718054
OUT_18934,1213.5700751119925
OUT_18935,120.0920533043419
OUT_18936,125.0051445224332
OUT_18937,88.71258432295986
OUT_18938,256.92311760699744
OUT_18939,973.5512569547
OUT_18940,119.01292874757351
OUT_18941,971.1731518242342
OUT_18942,368.81436145858174
OUT_18943,120.21950426996315
OUT_18944,240.1533871915881
OUT_18945,384.0803006530725
OUT_18946,193.56056441918633
OUT_18947,140.01468162412988
OUT_18948,321.7584699621974
OUT_18949,172.1471815507102
OUT_18950,972.3485643538886
OUT_18951,308.98587215262165
OUT_18952,363.96247309996346
OUT_18953,162.9550357662976
OUT_18954,123.8111538076008
OUT_18955,165.10864874554653
OUT_18956,982.4362543077896
OUT_18957,131.6169033245766
OUT_18958,974.4537303210262
OUT_18959,139.2696643705171
OUT_18960,173.05227980237387
OUT_18961,139.9295457381547
OUT_18962,352.62379483559124
OUT_18963,133.29392224754667
OUT_18964,159.20064312144302
OUT_18965,261.7018411544984
OUT_18966,293.6341073422759
OUT_18967,147.7540849121549
OUT_18968,329.7530031739151
OUT_18969,104.84724607509595
OUT_18970,357.0303087094356
OUT_18971,117.574711117013
OUT_18972,295.9031570103507
OUT_18973,329.2964658733081
OUT_18974,204.09365812740967
OUT_18975,378.1193004502642
OUT_18976,133.16034989700776
OUT_18977,168.22735282131123
OUT_18978,169.1283531017954
OUT_18979,323.7211994142308
OUT_18980,118.20644971502888
OUT_18981,120.76809806961137
OUT_18982,965.876288899148
OUT_18983,938.6692852859948
OUT_18984,130.15111125371726
OUT_18985,1206.3331076552568
OUT_18986,959.4263477212004
OUT_18987,148.77465460980775
OUT_18988,392.4103382757309
OUT_18989,114.9200791555962
OUT_18990,106.8221733532579
OUT_18991,110.12561422050777
OUT_18992,992.1881358834004
OUT_18993,153.4169041326163
OUT_18994,374.8519485554656
OUT_18995,1205.2784544211129
OUT_18996,278.7139860769525
OUT_18997,162.7857446326203
OUT_18998,1270.1875221861078
OUT_18999,107.9446502944068
OUT_19000,119.5756270427396
OUT_19001,95.61525628480804
OUT_19002,363.68530089160515
OUT_19003,178.6221543169839
OUT_19004,988.2514688792328
OUT_19005,140.9017787873362
OUT_19006,345.41481211534693
OUT_19007,175.73147712873214
OUT_19008,101.12010289704529
OUT_19009,120.76284884406078
OUT_19010,72.19492005622969
OUT_19011,110.4046787130379
OUT_19012,1213.097610217059
OUT_19013,349.8093557457468
OUT_19014,119.01935505974916
OUT_19015,172.22275767244423
OUT_19016,134.60873518753002
OUT_19017,133.12284027382032
OUT_19018,1094.9331511414453
OUT_19019,112.47491320148593
OUT_19020,96.12242848010806
OUT_19021,119.45043518844055
OUT_19022,176.6021535274126
OUT_19023,350.9110708648918
OUT_19024,1165.6262865984636
OUT_19025,981.449867817355
OUT_19026,364.0960290578873
OUT_19027,248.54417667961883
OUT_19028,938.5138829304472
OUT_19029,305.4558464684834
OUT_19030,1197.3077001671088
OUT_19031,129.76111972383595
OUT_19032,132.22372148641006
OUT_19033,432.4367349018295
OUT_19034,286.45275350548854
OUT_19035,119.68046666873364
OUT_19036,113.16507057682338
OUT_19037,151.57764762059384
OUT_19038,991.9846206451234
OUT_19039,1222.7401874477728
OUT_19040,1162.5505673984135
OUT_19041,357.07423903087994
OUT_19042,373.7678958391709
OUT_19043,902.645828933371
OUT_19044,324.8364059688864
OUT_19045,918.8819647618466
OUT_19046,358.0158074348711
OUT_19047,137.36421544018592
OUT_19048,136.61246721576242
OUT_19049,925.5832017827474
OUT_19050,306.8589013333815
OUT_19051,944.838243217306
OUT_19052,301.5740876601344
OUT_19053,122.03704663130937
OUT_19054,334.02879597655783
OUT_19055,134.29950756148935
OUT_19056,131.7705454331069
OUT_19057,158.1784037818863
OUT_19058,341.894013247984
OUT_19059,116.43762176578781
OUT_19060,282.4461377325174
OUT_19061,264.336885256641
OUT_19062,356.4572500421255
OUT_19063,385.63053455509623
OUT_19064,378.4465101236751
OUT_19065,135.62104392895816
OUT_19066,125.85735083132097
OUT_19067,168.19004029651575
OUT_19068,1196.1126825624983
OUT_19069,272.39621539286384
OUT_19070,148.40431859360203
OUT_19071,161.3938908434685
OUT_19072,397.05607011313646
OUT_19073,260.52267476380007
OUT_19074,149.0486365186745
OUT_19075,952.6010194060572
OUT_19076,276.47133706381555
OUT_19077,163.01164313277863
OUT_19078,183.87408903000716
OUT_19079,134.65119295035194
OUT_19080,161.89325854270592
OUT_19081,116.51355130156064
OUT_19082,100.41731920143167
OUT_19083,126.47600599403182
OUT_19084,143.61416398580045
OUT_19085,313.45847427796804
OUT_19086,86.91260898551094
OUT_19087,124.99051184592534
OUT_19088,223.5971617648628
OUT_19089,331.1196743202653
OUT_19090,393.6515722057038
OUT_19091,1357.515356908402
OUT_19092,930.386334415874
OUT_19093,189.12711719165657
OUT_19094,1031.0343090648828
OUT_19095,158.34580824190897
OUT_19096,106.1553043397856
OUT_19097,127.8421359428887
OUT_19098,102.13103738661117
OUT_19099,125.89430831812554
OUT_19100,315.8275852965836
OUT_19101,170.0343715400841
OUT_19102,99.88483867452344
OUT_19103,305.4038717347099
OUT_19104,284.05856272356374
OUT_19105,308.382097464319
OUT_19106,143.01095311078257
OUT_19107,133.6010665393904
OUT_19108,121.1585730256414
OUT_19109,107.3359149761898
OUT_19110,334.7962240972969
OUT_19111,132.6056168028823
OUT_19112,141.63277963890005
OUT_19113,184.4130346237931
OUT_19114,300.6710256905682
OUT_19115,952.8443871318448
OUT_19116,331.85831108512394
OUT_19117,161.87841024727194
OUT_19118,109.83172571910322
OUT_19119,350.4996675975093
OUT_19120,374.3637313649373
OUT_19121,1201.3491834117501
OUT_19122,344.5370141188297
OUT_19123,137.41450108754236
OUT_19124,117.840730825418
OUT_19125,952.5853561119078
OUT_19126,1193.0619950161372
OUT_19127,139.05763528527748
OUT_19128,193.56056441918633
OUT_19129,320.146561216165
OUT_19130,305.00423618289926
OUT_19131,330.7741779241077
OUT_19132,349.9773933940987
OUT_19133,929.800841266023
OUT_19134,380.8426125304448
OUT_19135,473.3311665348213
OUT_19136,122.86520198412366
OUT_19137,336.8328700152032
OUT_19138,114.59280715022798
OUT_19139,368.88439961649317
OUT_19140,161.55230527084476
OUT_19141,155.9143454866829
OUT_19142,947.3626640690076
OUT_19143,146.14407826055327
OUT_19144,169.8926206525616
OUT_19145,178.63475611232758
OUT_19146,367.24184335686846
OUT_19147,107.23788946775154
OUT_19148,120.05485927306216
OUT_19149,90.71395378921292
OUT_19150,102.97559258704727
OUT_19151,1171.7791850288856
OUT_19152,318.9012668228676
OUT_19153,302.85552556736496
OUT_19154,946.8945919985878
OUT_19155,134.17455291081467
OUT_19156,141.26147888944996
OUT_19157,130.0878966495708
OUT_19158,139.8795738705022
OUT_19159,964.0378531122918
OUT_19160,546.3213937532522
OUT_19161,316.2572713259721
OUT_19162,113.094512578204
OUT_19163,388.1466057116853
OUT_19164,272.6686175416579
OUT_19165,133.1174066607849
OUT_19166,147.26756248045663
OUT_19167,302.3364923366148
OUT_19168,128.76898025458226
OUT_19169,341.4527465847998
OUT_19170,125.80555176606453
OUT_19171,139.6933321592193
OUT_19172,119.27946765610108
OUT_19173,158.38366745509433
OUT_19174,153.89102822739767
OUT_19175,167.85968050575315
OUT_19176,295.75297624632464
OUT_19177,949.4552012114206
OUT_19178,149.52066919717322
OUT_19179,119.25018404697612
OUT_19180,117.54059301169553
OUT_19181,143.11442017141815
OUT_19182,350.54141111532454
OUT_19183,135.28112271675002
OUT_19184,93.9957361782783
OUT_19185,583.8222480423849
OUT_19186,979.5033250238172
OUT_19187,1207.574742211528
OUT_19188,132.30237072039267
OUT_19189,110.4649893251334
OUT_19190,298.9380050864039
OUT_19191,95.28308903744728
OUT_19192,174.30332809536193
OUT_19193,179.0556368518733
OUT_19194,393.272020386294
OUT_19195,346.40739606662066
OUT_19196,301.22609142842435
OUT_19197,164.08841738277792
OUT_19198,182.55051515444782
OUT_19199,120.93129218032696
OUT_19200,125.9234071339512
OUT_19201,1167.9238311762786
OUT_19202,146.43623963127467
OUT_19203,106.33886880206977
OUT_19204,1040.202721261283
OUT_19205,169.45922889768718
OUT_19206,332.5050202188135
OUT_19207,321.9435155478704
OUT_19208,331.34176940438095
OUT_19209,233.6546123768088
OUT_19210,334.224953249353
OUT_19211,984.1574415036404
OUT_19212,135.07295523530738
OUT_19213,119.64354536409822
OUT_19214,928.2507730442056
OUT_19215,131.23299065025955
OUT_19216,299.36760333487894
OUT_19217,317.5961261637882
OUT_19218,121.57097244571244
OUT_19219,146.8706056335306
OUT_19220,132.2877102387218
OUT_19221,121.77413665540253
OUT_19222,153.28682514895317
OUT_19223,118.3845067575032
OUT_19224,109.94553059913603
OUT_19225,352.6413516977
OUT_19226,179.85570520741138
OUT_19227,336.9792586938332
OUT_19228,152.91580761520055
OUT_19229,305.1745575261781
OUT_19230,919.616804803212
OUT_19231,123.14323675851644
OUT_19232,325.1305588241875
OUT_19233,347.75588423616307
OUT_19234,145.50616518139117
OUT_19235,978.0898013443696
OUT_19236,344.0241864628906
OUT_19237,129.65036664116687
OUT_19238,103.25213938836458
OUT_19239,123.72875398184097
OUT_19240,368.38245780737947
OUT_19241,131.0255640445397
OUT_19242,151.8689849770563
OUT_19243,293.65186043402906
OUT_19244,363.8179687306211
OUT_19245,164.587027987159
OUT_19246,271.8165024732793
OUT_19247,150.80429302322304
OUT_19248,355.70955843773885
OUT_19249,370.3494712474777
OUT_19250,193.56056441918633
OUT_19251,145.75120919634904
OUT_19252,979.9144273838764
OUT_19253,306.65588920913086
OUT_19254,61.37625433042132
OUT_19255,282.0401048308629
OUT_19256,108.65483070507608
OUT_19257,285.50196777400606
OUT_19258,1168.6609379319734
OUT_19259,83.47670128324933
OUT_19260,110.12231170649748
OUT_19261,318.0635436366122
OUT_19262,131.46345607911545
OUT_19263,306.0732563883154
OUT_19264,96.6846079274185
OUT_19265,304.5946815417102
OUT_19266,321.0738597624662
OUT_19267,111.61338776080825
OUT_19268,295.13911437859696
OUT_19269,104.99401747402484
OUT_19270,157.07113046201366
OUT_19271,369.8380428281137
OUT_19272,128.04670589566504
OUT_19273,1366.8383026397346
OUT_19274,136.51643359724815
OUT_19275,1222.3297432950237
OUT_19276,161.55802760633668
OUT_19277,144.9487903943909
OUT_19278,901.9312157466933
OUT_19279,141.6019784801873
OUT_19280,144.13167436193407
OUT_19281,138.3453291422683
OUT_19282,940.2299493200388
OUT_19283,355.64313485098904
OUT_19284,928.3333945186536
OUT_19285,342.8526804021656
OUT_19286,125.80963759391112
OUT_19287,186.26858340883933
OUT_19288,101.24186976578574
OUT_19289,331.18186656844716
OUT_19290,147.44959368601567
OUT_19291,1005.0788691289812
OUT_19292,140.4754264353916
OUT_19293,150.80149456671634
OUT_19294,331.8507708658079
OUT_19295,361.5335295711541
OUT_19296,333.2265078326023
OUT_19297,129.90443774045846
OUT_19298,973.8961396510568
OUT_19299,130.14823947399796
OUT_19300,975.851238189892
OUT_19301,147.02288592184257
OUT_19302,129.98441470774895
OUT_19303,1168.148027827178
OUT_19304,127.99745802236727
OUT_19305,113.15146641963182
OUT_19306,138.32667123060685
OUT_19307,1289.4896171261762
OUT_19308,914.5466391715808
OUT_19309,137.85712271057253
OUT_19310,1149.2121926237216
OUT_19311,1203.5709046579652
OUT_19312,1185.2458875967748
OUT_19313,142.97510702243744
OUT_19314,106.29417422849193
OUT_19315,88.7170397142213
OUT_19316,318.2279955548724
OUT_19317,131.46811404468872
OUT_19318,1028.0629277065975
OUT_19319,311.62938299295126
OUT_19320,964.4912291562396
OUT_19321,142.33494775008378
OUT_19322,125.75396865998565
OUT_19323,929.302819778252
OUT_19324,340.91923954948226
OUT_19325,1040.9440884196622
OUT_19326,148.51367593168095
OUT_19327,133.95583261858144
OUT_19328,114.13651002784795
OUT_19329,145.0159127004742
OUT_19330,133.9381727799961
OUT_19331,276.9476231493519
OUT_19332,929.9353099424046
OUT_19333,1046.482055556928
OUT_19334,130.06589247080254
OUT_19335,129.69643188379132
OUT_19336,114.20264541712348
OUT_19337,76.49937023963659
OUT_19338,113.14179309629148
OUT_19339,883.0179963220074
OUT_19340,99.85369253118297
OUT_19341,953.2500930427152
OUT_19342,921.8982601780184
OUT_19343,122.63061583890324
OUT_19344,968.5732157227816
OUT_19345,366.1673092318208
OUT_19346,136.4347197527326
OUT_19347,172.07341788771387
OUT_19348,1177.0809224542636
OUT_19349,306.5431627765881
OUT_19350,961.2138921195216
OUT_19351,124.149287732878
OUT_19352,135.44703892235992
OUT_19353,320.70678602365865
OUT_19354,121.50906137904128
OUT_19355,895.4047082819393
OUT_19356,954.5729481528276
OUT_19357,994.6730168948976
OUT_19358,345.2772885652146
OUT_19359,122.00490597959742
OUT_19360,996.0509051738176
OUT_19361,147.95443820866345
OUT_19362,314.47378064235147
OUT_19363,341.5293873845024
OUT_19364,143.93586190290688
OUT_19365,1199.049273084254
OUT_19366,1152.7058917499592
OUT_19367,337.69004231545915
OUT_19368,1473.7672152713794
OUT_19369,87.81292871735354
OUT_19370,130.96570659822032
OUT_19371,130.78331973097804
OUT_19372,314.14584666740404
OUT_19373,94.88404771977109
OUT_19374,138.761534982593
OUT_19375,118.75852969416508
OUT_19376,135.08993591323605
OUT_19377,125.21184800835351
OUT_19378,115.99012247705576
OUT_19379,139.30713344372595
OUT_19380,130.38707632595822
OUT_19381,294.4142914739913
OUT_19382,1018.375103157362
OUT_19383,313.2550237890391
OUT_19384,165.91719854695563
OUT_19385,139.0465377934409
OUT_19386,144.79584527777806
OUT_19387,148.9482320966317
OUT_19388,280.1033997974953
OUT_19389,153.99601684474771
OUT_19390,165.53247742193807
OUT_19391,139.22690175385168
OUT_19392,140.3891606409684
OUT_19393,355.45385547197344
OUT_19394,321.5221133163197
OUT_19395,158.01112086744513
OUT_19396,152.1781354902452
OUT_19397,942.2441260766852
OUT_19398,166.7535564892026
OUT_19399,146.9603995409308
OUT_19400,133.70969081204387
OUT_19401,905.1916051059832
OUT_19402,164.43139865926452
OUT_19403,354.8766592119517
OUT_19404,141.53801699113723
OUT_19405,981.8903138784228
OUT_19406,129.6498233140477
OUT_19407,964.701651016695
OUT_19408,133.99628798238416
OUT_19409,356.3330221116853
OUT_19410,159.0057673189951
OUT_19411,119.97743191641835
OUT_19412,119.84079132741076
OUT_19413,173.1017292709837
OUT_19414,126.25020860162294
OUT_19415,264.9676432438196
OUT_19416,933.9886337425744
OUT_19417,1004.9963996112008
OUT_19418,328.67199204079986
OUT_19419,169.1747137174019
OUT_19420,326.52104797974124
OUT_19421,193.56056441918633
OUT_19422,122.92216497247561
OUT_19423,324.13852845220947
OUT_19424,141.21680784133054
OUT_19425,347.0533392701696
OUT_19426,126.23358944350746
OUT_19427,141.5705798076814
OUT_19428,134.8019287564979
OUT_19429,103.73015020967046
OUT_19430,168.2357128303889
OUT_19431,307.4514393610736
OUT_19432,134.2955324124781
OUT_19433,136.6180963346885
OUT_19434,1181.982660879327
OUT_19435,145.61514380034967
OUT_19436,317.69512216976415
OUT_19437,357.5153864600824
OUT_19438,99.57849932406538
OUT_19439,95.6658457471095
OUT_19440,378.014464447669
OUT_19441,149.3108081132587
OUT_19442,89.67488263530265
OUT_19443,288.0624042055256
OUT_19444,155.25130500961535
OUT_19445,337.55169692263854
OUT_19446,143.52337129162294
OUT_19447,161.32934779698584
OUT_19448,164.90205372504454
OUT_19449,965.5228315547508
OUT_19450,143.72648928312776
OUT_19451,326.9032958825983
OUT_19452,323.26757091245463
OUT_19453,121.2788671246328
OUT_19454,151.9726589623173
OUT_19455,150.02894710744962
OUT_19456,113.36937372033994
OUT_19457,134.18300717806238
OUT_19458,379.6776684493992
OUT_19459,345.12064397700425
OUT_19460,272.4482237802809
OUT_19461,81.8348747805037
OUT_19462,1005.338536673758
OUT_19463,1022.4108373708236
OUT_19464,216.14934675503497
OUT_19465,182.69190046900007
OUT_19466,114.9674757001049
OUT_19467,336.074522145077
OUT_19468,170.65614085067728
OUT_19469,156.70404274467074
OUT_19470,171.232445565331
OUT_19471,296.1817040900741
OUT_19472,326.43654735921666
OUT_19473,1096.7258449777626
OUT_19474,113.46278914574776
OUT_19475,193.56056441918633
OUT_19476,327.9153778466319
OUT_19477,121.06715950641028
OUT_19478,413.1860315572063
OUT_19479,135.90084875403352
OUT_19480,127.67658610401656
OUT_19481,338.2118246160037
OUT_19482,320.1801048251682
OUT_19483,122.5552547983707
OUT_19484,159.7415303637374
OUT_19485,153.8709923201033
OUT_19486,107.84389246892775
OUT_19487,314.2322681577272
OUT_19488,112.74195743855034
OUT_19489,137.82947716096245
OUT_19490,148.8618966185673
OUT_19491,177.57612773333616
OUT_19492,267.1395837263576
OUT_19493,928.6374214502694
OUT_19494,145.08941830618986
OUT_19495,1006.9635493465285
OUT_19496,125.81466882809852
OUT_19497,116.73206293275726
OUT_19498,133.23250497383978
OUT_19499,170.74500051672527
OUT_19500,182.28377307076448
OUT_19501,127.81404076892528
OUT_19502,1053.7676702569013
OUT_19503,174.04525526735893
OUT_19504,193.56056441918633
OUT_19505,119.82704309544319
OUT_19506,276.7646411868678
OUT_19507,130.4415403847552
OUT_19508,144.3946700770368
OUT_19509,313.1214934145288
OUT_19510,150.91281647217085
OUT_19511,346.1195156873688
OUT_19512,375.5406674395773
OUT_19513,384.66728484599116
OUT_19514,956.4271115316228
OUT_19515,122.30278803202128
OUT_19516,140.95615526214186
OUT_19517,93.51699413060896
OUT_19518,165.26456691990109
OUT_19519,916.1847811232024
OUT_19520,169.60152977667178
OUT_19521,952.274271332846
OUT_19522,136.24926844661107
OUT_19523,117.99432454543503
OUT_19524,163.53035897256436
OUT_19525,162.57027787595595
OUT_19526,158.38391067900707
OUT_19527,161.75990595131094
OUT_19528,99.89541097085795
OUT_19529,105.2206258990487
OUT_19530,140.7553308563983
OUT_19531,314.392983645037
OUT_19532,122.94305460203437
OUT_19533,109.37719718407946
OUT_19534,152.6277438220648
OUT_19535,912.54172099391
OUT_19536,160.7162032361011
OUT_19537,955.006805276249
OUT_19538,328.5729561080336
OUT_19539,344.465003674501
OUT_19540,334.4725198682458
OUT_19541,418.4536286288642
OUT_19542,137.09679540940894
OUT_19543,127.5145952222638
OUT_19544,980.2318503583524
OUT_19545,152.53298530497378
OUT_19546,386.91314969898065
OUT_19547,327.45669159253293
OUT_19548,1290.061567885571
OUT_19549,363.28279691179176
OUT_19550,352.4704220485004
OUT_19551,399.2686740668944
OUT_19552,1017.1845784572768
OUT_19553,136.20661641119466
OUT_19554,985.2017459804472
OUT_19555,137.28315520180675
OUT_19556,985.8842568032262
OUT_19557,118.92424650956411
OUT_19558,151.98112761374827
OUT_19559,117.61737343938354
OUT_19560,945.7957668704636
OUT_19561,228.85483044614543
OUT_19562,366.7797767885219
OUT_19563,139.86051849363426
OUT_19564,162.7182486353991
OUT_19565,350.6076661627367
OUT_19566,152.02420271715695
OUT_19567,164.96165670317103
OUT_19568,328.239316585051
OUT_19569,128.7565437735298
OUT_19570,937.9053069552156
OUT_19571,402.365815715713
OUT_19572,242.1453196879224
OUT_19573,129.24320617457437
OUT_19574,1184.1483180248038
OUT_19575,112.90188450386337
OUT_19576,377.68017342315625
OUT_19577,276.4138047392288
OUT_19578,139.2426800459006
OUT_19579,113.27936004441689
OUT_19580,91.38876186535991
OUT_19581,143.295584373892
OUT_19582,144.8103878495669
OUT_19583,289.7700320835338
OUT_19584,366.8538405859598
OUT_19585,303.87617123469124
OUT_19586,119.48618412378971
OUT_19587,1019.9634598280396
OUT_19588,1309.704796328693
OUT_19589,341.3924441651575
OUT_19590,297.2947604279865
OUT_19591,124.26745298456125
OUT_19592,332.04496899791997
OUT_19593,300.46155379700934
OUT_19594,291.2437982368227
OUT_19595,1215.0823291961856
OUT_19596,119.83359546017854
OUT_19597,351.66342888622347
OUT_19598,105.2493271875484
OUT_19599,1003.0651886554508
OUT_19600,351.2677660379705
OUT_19601,135.64090932587996
OUT_19602,959.530708974084
OUT_19603,178.3764214756475
OUT_19604,127.31212200219903
OUT_19605,967.0243882425084
OUT_19606,146.9093281892339
OUT_19607,88.85366657712984
OUT_19608,171.08976679972542
OUT_19609,149.3597430457903
OUT_19610,141.6688693727068
OUT_19611,506.3616825324317
OUT_19612,132.85732473268126
OUT_19613,921.698766975667
OUT_19614,952.3806851850248
OUT_19615,919.8104305820804
OUT_19616,142.4751747634898
OUT_19617,343.2755740986194
OUT_19618,107.62786330868884
OUT_19619,128.71977311184676
OUT_19620,156.19788755926345
OUT_19621,141.59597158540163
OUT_19622,97.66509567422821
OUT_19623,309.6050835956694
OUT_19624,145.7224131907303
OUT_19625,978.2366222142808
OUT_19626,147.01541343470254
OUT_19627,306.7514465204512
OUT_19628,979.4836885144804
OUT_19629,330.33573113743444
OUT_19630,114.94819420144611
OUT_19631,136.73756960682528
OUT_19632,360.71586844626665
OUT_19633,288.3231000488597
OUT_19634,1297.678451330073
OUT_19635,136.73276194382078
OUT_19636,918.8233465100652
OUT_19637,1197.174952833933
OUT_19638,126.5210068329826
OUT_19639,165.39938756687084
OUT_19640,88.36806079599748
OUT_19641,908.5946585602125
OUT_19642,297.41037218985184
OUT_19643,364.317733764503
OUT_19644,906.004760854863
OUT_19645,92.92447089433006
OUT_19646,1218.4168076363528
OUT_19647,125.81546417892044
OUT_19648,1179.1270530213721
OUT_19649,133.97360787504877
OUT_19650,158.25423560809864
OUT_19651,104.01319843657419
OUT_19652,980.981435737462
OUT_19653,394.8291258788452
OUT_19654,331.5173260885704
OUT_19655,125.62725829948224
OUT_19656,321.28926990687324
OUT_19657,365.14470095511183
OUT_19658,208.54393455182327
OUT_19659,165.49983129251288
OUT_19660,959.5137146944368
OUT_19661,1012.8450638033596
OUT_19662,131.02620524601
OUT_19663,153.49769295925756
OUT_19664,134.00165416919188
OUT_19665,289.21999759918214
OUT_19666,971.2151122194218
OUT_19667,137.2214230492944
OUT_19668,318.41261055658254
OUT_19669,221.2977070055792
OUT_19670,342.9223888372356
OUT_19671,328.6859630250055
OUT_19672,955.8977060679802
OUT_19673,193.25517005954285
OUT_19674,364.6710512195422
OUT_19675,357.14329129964517
OUT_19676,386.7632511352276
OUT_19677,341.23935494259547
OUT_19678,393.9706143331192
OUT_19679,112.48924860542772
OUT_19680,268.56092780816266
OUT_19681,378.4592280309421
OUT_19682,115.46564854152707
OUT_19683,105.16415631338808
OUT_19684,429.6991343367217
OUT_19685,92.09963769675394
OUT_19686,98.60990679472724
OUT_19687,373.1774955539219
OUT_19688,98.66696124555268
OUT_19689,162.29921522123016
OUT_19690,146.08771221636275
OUT_19691,930.8181969628496
OUT_19692,146.69671885049576
OUT_19693,136.5481815756169
OUT_19694,119.76994404055468
OUT_19695,339.6543074974105
OUT_19696,914.3354419059208
OUT_19697,363.63750011055777
OUT_19698,127.20816753821023
OUT_19699,97.5695986792708
OUT_19700,193.56056441918633
OUT_19701,152.6404028371178
OUT_19702,125.69454044285176
OUT_19703,947.404117856547
OUT_19704,363.91623475692353
OUT_19705,172.13380363652377
OUT_19706,119.50636563937452
OUT_19707,187.96915638437014
OUT_19708,257.5164569792322
OUT_19709,964.905037546991
OUT_19710,129.06318977376242
OUT_19711,193.56056441918633
OUT_19712,109.51289149944768
OUT_19713,167.9834669263735
OUT_19714,128.84734379923583
OUT_19715,388.745903952733
OUT_19716,348.8547942967755
OUT_19717,177.23392666005176
OUT_19718,118.38260320844964
OUT_19719,139.52144104961366
OUT_19720,121.56979908218315
OUT_19721,126.64291215369776
OUT_19722,126.43789172014428
OUT_19723,121.93644650184592
OUT_19724,177.30429844335734
OUT_19725,320.7150718850887
OUT_19726,154.13427648276905
OUT_19727,155.0675682639832
OUT_19728,956.7862991287708
OUT_19729,1005.5651818070804
OUT_19730,933.3870035985482
OUT_19731,163.2137102646372
OUT_19732,113.94869030287528
OUT_19733,156.7781730675376
OUT_19734,342.3355042554848
OUT_19735,128.73479364519176
OUT_19736,156.24896419282115
OUT_19737,102.62846240245594
OUT_19738,268.63742704148217
OUT_19739,118.54698686870259
OUT_19740,160.27670594564628
OUT_19741,141.9388582012938
OUT_19742,413.8248494783288
OUT_19743,1292.9486814925394
OUT_19744,952.6640105962948
OUT_19745,319.0953368122859
OUT_19746,89.9333031808878
OUT_19747,110.39357792641913
OUT_19748,146.38971224708766
OUT_19749,123.04530220994918
OUT_19750,350.99121935027466
OUT_19751,142.21471921338733
OUT_19752,131.1991210527677
OUT_19753,309.1572914090274
OUT_19754,130.13910973409185
OUT_19755,1016.9911255206854
OUT_19756,344.57029800100577
OUT_19757,974.8598833976802
OUT_19758,395.9961488873229
OUT_19759,157.77565117697347
OUT_19760,91.36279719530931
OUT_19761,354.9885407720176
OUT_19762,100.84527980829942
OUT_19763,117.75356230766008
OUT_19764,120.75880516719108
OUT_19765,127.43744209142214
OUT_19766,117.51621562902547
OUT_19767,159.49127300736336
OUT_19768,179.4178005241869
OUT_19769,1227.841096143769
OUT_19770,114.66676509112423
OUT_19771,150.60561374215027
OUT_19772,1029.2716829086403
OUT_19773,147.8945812855605
OUT_19774,1000.212716381312
OUT_19775,137.64226431901287
OUT_19776,315.2627308691642
OUT_19777,369.8515956935822
OUT_19778,106.82327303135172
OUT_19779,150.94771469880646
OUT_19780,355.80666606285905
OUT_19781,147.5959283707147
OUT_19782,118.9258284075782
OUT_19783,80.08568632391409
OUT_19784,106.72072888378334
OUT_19785,362.1447993500029
OUT_19786,371.1817055678804
OUT_19787,349.1073791078039
OUT_19788,987.4656155144462
OUT_19789,198.64602200878926
OUT_19790,171.62330032389147
OUT_19791,244.9228954446305
OUT_19792,137.24116845768717
OUT_19793,173.04051415692493
OUT_19794,310.3704363729619
OUT_19795,140.69590657169013
OUT_19796,97.28352336935582
OUT_19797,139.94644049037066
OUT_19798,141.49522015645323
OUT_19799,122.76816095049004
OUT_19800,356.45824836411595
OUT_19801,322.11217742865114
OUT_19802,1181.4408922620485
OUT_19803,985.4256723162802
OUT_19804,291.9805076951751
OUT_19805,872.0344916359705
OUT_19806,892.0493837986301
OUT_19807,115.58134538156978
OUT_19808,881.5695887003553
OUT_19809,367.50858588127915
OUT_19810,358.5583934288572
OUT_19811,166.6097886687492
OUT_19812,149.56408398907925
OUT_19813,142.87455616599465
OUT_19814,127.78710644288964
OUT_19815,144.43638587686937
OUT_19816,107.67999255256615
OUT_19817,957.3282040953742
OUT_19818,93.50207184057194
OUT_19819,113.17454097210704
OUT_19820,113.31644956938746
OUT_19821,361.79246205960794
OUT_19822,140.48083200099882
OUT_19823,252.2495853273608
OUT_19824,85.98638723469496
OUT_19825,190.97827339216116
OUT_19826,394.7329370470474
OUT_19827,1220.0092021419016
OUT_19828,904.3144694648668
OUT_19829,139.55933738610233
OUT_19830,374.77156134639813
OUT_19831,311.24514925233416
OUT_19832,134.51463768784538
OUT_19833,226.55760846069694
OUT_19834,324.1994277003293
OUT_19835,137.82071883889833
OUT_19836,99.89624102328611
OUT_19837,967.6649056357488
OUT_19838,109.62518801428116
OUT_19839,99.48184692493116
OUT_19840,161.75494864404695
OUT_19841,148.7071405980526
OUT_19842,269.3835882282324
OUT_19843,336.1346454161186
OUT_19844,190.18752846799686
OUT_19845,71.8800056831139
OUT_19846,152.61767866530022
OUT_19847,165.01854745592578
OUT_19848,180.91915348256296
OUT_19849,104.53554911686685
OUT_19850,1208.5102640456785
OUT_19851,101.06749780286839
OUT_19852,1174.941476463533
OUT_19853,474.532995213664
OUT_19854,123.27025767842272
OUT_19855,161.43433323044923
OUT_19856,937.79843394482
OUT_19857,103.19039959882495
OUT_19858,112.98100345399911
OUT_19859,981.4051301095266
OUT_19860,153.10384693961157
OUT_19861,95.97842541845206
OUT_19862,127.1430408699847
OUT_19863,313.1808776935876
OUT_19864,136.41603022038117
OUT_19865,1194.436104954977
OUT_19866,150.44566911682873
OUT_19867,337.4857427554304
OUT_19868,111.41128271610324
OUT_19869,179.66818326346112
OUT_19870,193.56056441918633
OUT_19871,355.5141298074182
OUT_19872,106.94291621246995
OUT_19873,142.33916106560784
OUT_19874,368.263812037556
OUT_19875,390.02709456597233
OUT_19876,407.04224726177574
OUT_19877,245.2510734177245
OUT_19878,366.1297936186336
OUT_19879,92.87745081759554
OUT_19880,129.23926546680366
OUT_19881,102.50634348467668
OUT_19882,108.20712074075499
OUT_19883,136.52457174603703
OUT_19884,160.33858056358872
OUT_19885,292.9968123431835
OUT_19886,98.76589256858848
OUT_19887,339.4589923055471
OUT_19888,139.68310958333265
OUT_19889,119.00688594283258
OUT_19890,113.12201916875435
OUT_19891,142.9811841407212
OUT_19892,369.2348755191197
OUT_19893,310.8043709406346
OUT_19894,986.6432274743077
OUT_19895,121.51093861213448
OUT_19896,1449.1140571746157
OUT_19897,130.07749535019764
OUT_19898,915.3309548465114
OUT_19899,371.7680854110895
OUT_19900,127.94258280021528
OUT_19901,121.44451588179388
OUT_19902,141.6143000479022
OUT_19903,151.5486076516822
OUT_19904,149.31279339578344
OUT_19905,127.93513660693476
OUT_19906,168.63045272980673
OUT_19907,335.40163458314055
OUT_19908,111.93731731969487
OUT_19909,114.6026362908181
OUT_19910,56.41224457447043
OUT_19911,102.2636109735356
OUT_19912,1022.1010764623408
OUT_19913,125.06993643872774
OUT_19914,75.62591693814038
OUT_19915,148.64015459232547
OUT_19916,105.88085283076482
OUT_19917,144.33938717057543
OUT_19918,112.31595047979889
OUT_19919,169.3371529289323
OUT_19920,170.2573730015888
OUT_19921,407.92145942150364
OUT_19922,135.15976719764768
OUT_19923,345.92011525980604
OUT_19924,130.54524119731852
OUT_19925,359.0712396910246
OUT_19926,102.92419588226247
OUT_19927,114.432499825556
OUT_19928,360.5002534181745
OUT_19929,297.87543998874963
OUT_19930,193.56056441918633
OUT_19931,382.1482168356182
OUT_19932,145.30581322231473
OUT_19933,154.22731947424222
OUT_19934,902.9406453204564
OUT_19935,999.1886540716156
OUT_19936,119.0064540185594
OUT_19937,350.7079967067574
OUT_19938,98.50471166054506
OUT_19939,136.85959560564044
OUT_19940,1016.99355459015
OUT_19941,957.264611526347
OUT_19942,114.94044116354704
OUT_19943,960.2510277453076
OUT_19944,152.92753792477168
OUT_19945,148.2004207429372
OUT_19946,132.1562222363217
OUT_19947,981.8106524583492
OUT_19948,202.23688545529188
OUT_19949,89.36508098860463
OUT_19950,110.5968320078206
OUT_19951,931.1107708197628
OUT_19952,114.53616425122433
OUT_19953,292.7311564833275
OUT_19954,921.0463810602564
OUT_19955,138.33836290649694
OUT_19956,119.23038308498982
OUT_19957,980.46954172194
OUT_19958,126.40731946548603
OUT_19959,953.777249906743
OUT_19960,990.1172082597728
OUT_19961,190.125086411497
OUT_19962,334.6974525289229
OUT_19963,109.36590496865648
OUT_19964,317.0077286277086
OUT_19965,340.5588147705363
OUT_19966,139.72423072882376
OUT_19967,99.45009877823227
OUT_19968,126.62136240289786
OUT_19969,95.75491921222707
OUT_19970,366.135168980482
OUT_19971,364.248568354977
OUT_19972,132.023486593953
OUT_19973,193.56056441918633
OUT_19974,156.26545168540233
OUT_19975,344.753878098407
OUT_19976,183.0358322605216
OUT_19977,1177.598108756557
OUT_19978,938.406285452014
OUT_19979,376.1949300001135
OUT_19980,104.73428024010647
OUT_19981,96.81754076243968
OUT_19982,179.7879981542554
OUT_19983,90.03185040385627
OUT_19984,321.53121617371266
OUT_19985,969.1803176925354
OUT_19986,334.43727541257545
OUT_19987,140.48723292982095
OUT_19988,154.4540684439805
OUT_19989,105.49784924044151
OUT_19990,153.53158340027488
OUT_19991,1033.282313927541
OUT_19992,316.6749760530168
OUT_19993,297.8389209153442
OUT_19994,334.08271602923685
OUT_19995,324.4832851528291
OUT_19996,366.34495342043067
OUT_19997,141.05895251649116
OUT_19998,317.40421323654834
OUT_19999,104.69991090009246
OUT_20000,117.47723999393837
